,7,7,5,5,14,14,13,13,15,15,18,18,4,4,6,6,17,17,10,10,16,16,8,8,3,3,2,2,11,11,12,12,1,1,9,9
,Term,Tfidf,Term,Tfidf,Term,Tfidf,Term,Tfidf,Term,Tfidf,Term,Tfidf,Term,Tfidf,Term,Tfidf,Term,Tfidf,Term,Tfidf,Term,Tfidf,Term,Tfidf,Term,Tfidf,Term,Tfidf,Term,Tfidf,Term,Tfidf,Term,Tfidf,Term,Tfidf
0,bubble,0.325,trading,0.344,consumption,0.478,cascade,0.443,murphy,0.374,institution,0.369,liquidity,0.477,fund,0.626,subprime,0.26,pattern,0.359,firm,0.335,option,0.473,capm,0.411,return,0.366,rate,0.397,fund,0.653,efficient,0.475,liquidity,0.39
1,attention,0.284,investment,0.246,dividend,0.282,informational,0.388,agency,0.327,per,0.231,stock,0.341,mutual,0.323,credit,0.25,intraday,0.333,country,0.242,solution,0.263,return,0.369,stock,0.334,exchange,0.346,mutual,0.323,ask,0.237,arbitrage,0.324
2,stock,0.28,stock,0.246,ratio,0.271,behavior,0.254,jensen,0.327,china,0.211,return,0.299,performance,0.265,mortgage,0.234,variability,0.333,debt,0.235,stochastic,0.263,section,0.277,characteristic,0.2,forward,0.346,incentive,0.259,bid,0.237,funding,0.318
3,price,0.23,investor,0.242,stock,0.242,individual,0.181,top,0.327,india,0.211,sensitivity,0.262,flow,0.245,securitization,0.208,volume,0.292,authority,0.207,volatility,0.246,assume,0.235,book,0.199,econometric,0.303,company,0.194,ferson,0.237,market,0.309
4,asset,0.197,percent,0.23,rate,0.21,ahead,0.148,fama,0.294,worker,0.211,momentum,0.194,actively,0.164,firm,0.189,trader,0.262,structure,0.198,black,0.2,static,0.235,market,0.187,hansen,0.303,maximize,0.164,harvey,0.237,asset,0.214
5,agent,0.187,common,0.189,return,0.189,bikhchandani,0.148,incentive,0.294,difference,0.189,expected,0.159,managed,0.164,standard,0.159,result,0.205,manager,0.165,currency,0.2,cross,0.233,strategy,0.171,hodrick,0.303,riskiness,0.164,implicit,0.237,trader,0.167
6,trading,0.187,performance,0.172,model,0.181,conformity,0.148,management,0.294,country,0.184,factor,0.136,rational,0.108,code,0.156,theory,0.191,investment,0.155,scholes,0.2,conditional,0.206,firm,0.156,spot,0.303,shape,0.164,review,0.237,capital,0.134
7,buyer,0.171,annual,0.16,real,0.177,cultural,0.148,pay,0.294,european,0.184,measure,0.136,search,0.108,error,0.156,price,0.168,law,0.141,technique,0.2,beta,0.185,investment,0.145,predictor,0.273,increase,0.129,roll,0.237,financial,0.13
8,volume,0.171,hazardous,0.16,discount,0.172,custom,0.148,firm,0.247,output,0.184,average,0.127,investor,0.104,zip,0.156,admati,0.167,capital,0.139,bond,0.175,wealth,0.156,fund,0.132,analysis,0.249,relationship,0.118,market,0.213,shleifer,0.125
9,investor,0.164,household,0.16,market,0.126,deposit,0.148,problem,0.214,manufacturing,0.158,daily,0.111,ability,0.097,data,0.149,concerning,0.167,protection,0.138,closed,0.175,aggregate,0.144,momentum,0.127,future,0.229,flow,0.109,spread,0.208,model,0.114
10,equilibrium,0.153,individual,0.147,asset,0.114,dybvig,0.148,theory,0.214,misallocation,0.158,estimated,0.111,management,0.097,crisis,0.13,endogenously,0.167,decision,0.121,spot,0.175,stock,0.144,equity,0.117,optimal,0.213,growth,0.101,effective,0.187,value,0.114
11,belief,0.13,return,0.143,price,0.114,fad,0.148,performance,0.201,mortality,0.158,exceeds,0.111,predictable,0.097,lender,0.13,partial,0.167,shareholder,0.121,model,0.161,average,0.135,average,0.114,,,performance,0.088,fama,0.187,capacity,0.106
12,speculative,0.13,discount,0.14,data,0.113,fashion,0.148,,,tfp,0.158,furthermore,0.111,average,0.094,shock,0.13,pfleiderer,0.167,fixed,0.115,correlation,0.158,time,0.135,risk,0.112,,,portfolio,0.088,work,0.187,leading,0.106
13,individual,0.12,motivated,0.14,future,0.112,fragility,0.148,,,different,0.124,half,0.111,manager,0.088,financial,0.128,strategic,0.167,formal,0.115,form,0.158,consensus,0.118,portfolio,0.107,,,investor,0.083,economic,0.17,liquidation,0.106
14,volatility,0.12,odean,0.14,long,0.112,insurance,0.148,,,united,0.124,induces,0.111,open,0.082,different,0.123,arise,0.146,ownership,0.115,asset,0.152,include,0.118,mutual,0.1,,,alter,0.082,simple,0.17,margin,0.106
15,buying,0.114,portfolio,0.129,wealth,0.112,localized,0.148,,,state,0.114,marketwide,0.111,salient,0.082,loan,0.114,recent,0.146,project,0.115,price,0.152,performs,0.118,past,0.1,,,chevalier,0.082,premium,0.157,requires,0.106
16,news,0.114,hold,0.126,risk,0.107,mass,0.148,,,capital,0.106,monthly,0.111,active,0.072,borrower,0.104,transaction,0.146,cash,0.109,allows,0.1,remain,0.118,cross,0.096,,,concern,0.082,measure,0.146,buyer,0.093
17,choice,0.102,tax,0.126,aggregate,0.104,preceding,0.148,,,endogenous,0.105,order,0.111,consumer,0.072,screening,0.104,concentrated,0.131,choice,0.109,application,0.1,satisfactorily,0.118,size,0.096,,,conflict,0.082,variation,0.146,depends,0.093
18,overconfidence,0.102,account,0.115,growth,0.104,regard,0.148,,,infrastructure,0.105,pastor,0.111,end,0.072,well,0.104,develops,0.131,real,0.109,applied,0.1,sense,0.118,overreaction,0.091,,,creates,0.082,theory,0.136,ease,0.093
19,pay,0.102,wealth,0.106,run,0.101,welch,0.148,,,marginal,0.105,principle,0.111,investing,0.072,bank,0.102,finding,0.131,corporate,0.107,arbitrary,0.1,specification,0.118,price,0.091,,,dependent,0.082,empirical,0.128,including,0.093
20,even,0.093,large,0.098,variable,0.088,without,0.148,,,product,0.105,relies,0.111,least,0.072,state,0.093,informed,0.131,result,0.099,heston,0.1,wang,0.118,relation,0.091,,,ellison,0.082,capital,0.12,professional,0.093
21,sell,0.093,high,0.092,volatility,0.086,argue,0.129,,,productivity,0.105,reversal,0.111,model,0.066,borrowing,0.091,article,0.12,control,0.092,introduce,0.1,weighted,0.118,volatility,0.089,,,inflow,0.082,risk,0.113,debt,0.083
22,future,0.086,avoid,0.08,campbell,0.084,diamond,0.129,,,romer,0.105,sectionally,0.111,cash,0.065,default,0.091,trading,0.12,find,0.092,liability,0.1,explaining,0.103,value,0.088,,,judgment,0.082,,,industry,0.083
23,behavior,0.075,broker,0.08,habit,0.084,follow,0.129,,,social,0.105,stambaugh,0.111,predictor,0.065,intermediary,0.091,explanation,0.11,legal,0.092,skewness,0.1,general,0.103,short,0.086,,,manner,0.082,,,leverage,0.083
24,high,0.075,brokerage,0.08,version,0.084,hirshleifer,0.129,,,across,0.097,risk,0.106,prior,0.065,small,0.089,provide,0.11,organization,0.092,strike,0.1,jagannathan,0.103,anomaly,0.079,,,response,0.082,,,likely,0.083
25,small,0.075,disposition,0.08,equity,0.081,occurs,0.129,,,effect,0.097,annually,0.097,higher,0.059,increase,0.082,liquidity,0.102,bank,0.09,show,0.095,measuring,0.103,earnings,0.079,,,semiparametric,0.082,,,number,0.083
26,model,0.07,earns,0.08,observable,0.074,action,0.116,,,extent,0.092,exposure,0.097,many,0.059,work,0.082,behavior,0.096,sensitivity,0.09,return,0.09,proxy,0.103,right,0.079,,,september,0.082,,,vishny,0.083
27,accompanied,0.065,evident,0.08,dynamic,0.066,bank,0.116,,,labor,0.092,investigates,0.097,return,0.055,effect,0.08,data,0.096,bond,0.081,bias,0.088,unable,0.103,higher,0.078,,,risk,0.078,,,risk,0.076
28,acquires,0.065,house,0.08,free,0.066,explained,0.116,,,rate,0.091,adjusted,0.087,one,0.054,large,0.08,empirical,0.09,financing,0.081,derive,0.088,vary,0.103,low,0.078,,,return,0.074,,,security,0.076
29,already,0.065,justified,0.08,puzzle,0.066,run,0.106,,,estimate,0.083,fluctuation,0.087,across,0.05,liquidity,0.08,,,right,0.081,european,0.088,constant,0.092,asset,0.073,,,agency,0.072,,,provide,0.07
30,among,0.065,losing,0.08,expected,0.061,change,0.098,,,income,0.076,greater,0.087,cost,0.05,additional,0.078,,,significantly,0.081,explaining,0.088,hold,0.092,investor,0.073,,,december,0.072,,,across,0.065
31,believe,0.065,message,0.08,yield,0.061,observed,0.098,,,policy,0.076,profit,0.087,information,0.05,correction,0.078,,,flow,0.076,foreign,0.088,human,0.092,long,0.072,,,decrease,0.072,,,ante,0.053
32,caught,0.065,penalty,0.08,forecast,0.056,information,0.091,,,lower,0.07,strategy,0.087,high,0.047,expansion,0.078,,,company,0.072,apply,0.079,expected,0.084,sectional,0.072,,,desire,0.072,,,becomes,0.053
33,confirm,0.065,realize,0.08,log,0.056,liquidity,0.091,,,factor,0.065,variable,0.087,period,0.047,intermediation,0.078,,,determinant,0.072,characteristic,0.079,premium,0.078,fama,0.071,,,end,0.072,,,best,0.053
34,continuous,0.065,realizing,0.08,premium,0.056,optimal,0.091,,,large,0.065,account,0.08,well,0.047,lending,0.078,,,rule,0.072,function,0.079,explain,0.072,model,0.068,,,like,0.072,,,brunnermeier,0.053
35,day,0.065,rebalance,0.08,resolution,0.056,theory,0.085,,,level,0.065,low,0.08,portfolio,0.044,researcher,0.078,,,shleifer,0.072,simulation,0.079,study,0.072,growth,0.067,,,take,0.072,,,certain,0.053
36,determine,0.065,record,0.08,shiller,0.056,,,,,variation,0.065,percent,0.08,act,0.041,correlated,0.075,,,cost,0.071,call,0.072,well,0.067,security,0.065,,,taking,0.072,,,cheap,0.053
37,difficulty,0.065,reluctant,0.08,slow,0.056,,,,,accumulation,0.053,state,0.08,american,0.041,difference,0.075,,,effect,0.071,based,0.066,empirical,0.063,benchmark,0.063,,,would,0.072,,,circumstance,0.053
38,disagreement,0.065,soon,0.08,tested,0.056,,,,,acemoglu,0.053,cross,0.073,anomalous,0.041,income,0.075,,,investor,0.07,corporate,0.066,portfolio,0.063,bias,0.063,,,action,0.065,,,commonality,0.053
39,divergence,0.065,subsequent,0.08,variation,0.052,,,,,adopted,0.053,flow,0.073,another,0.041,percent,0.075,,,allocation,0.069,important,0.066,value,0.063,french,0.063,,,adjusted,0.065,,,condition,0.053
40,episode,0.065,taxable,0.08,claim,0.049,,,,,africa,0.053,important,0.073,appears,0.041,evidence,0.069,,,civil,0.069,interest,0.066,capital,0.059,public,0.063,,,date,0.065,,,conducted,0.053
41,exceed,0.065,tendency,0.08,countercyclical,0.049,,,,,attainment,0.053,lower,0.073,assumed,0.041,affect,0.068,,,corporation,0.069,pricing,0.062,risk,0.056,rational,0.063,,,estimate,0.065,,,conversely,0.053
42,glitter,0.065,tilt,0.08,expectation,0.049,,,,,calculate,0.053,related,0.073,asymmetrically,0.041,availability,0.068,,,financially,0.069,problem,0.057,market,0.053,titman,0.063,,,examines,0.065,,,driver,0.053
43,grabbing,0.065,toward,0.08,hansen,0.049,,,,,captured,0.053,size,0.073,aware,0.041,business,0.068,,,hart,0.069,rate,0.057,,,two,0.063,,,however,0.065,,,dry,0.053
44,harrison,0.065,tremendous,0.08,horizon,0.049,,,,,caput,0.053,whether,0.073,base,0.041,ease,0.068,,,nonoil,0.069,,,,,high,0.062,,,examine,0.059,,,eliminate,0.053
45,hypothesize,0.065,winning,0.08,phenomenon,0.049,,,,,closer,0.053,aggregate,0.068,complex,0.041,method,0.068,,,oil,0.069,,,,,also,0.06,,,holding,0.059,,,entail,0.053
46,incomplete,0.065,active,0.07,premia,0.049,,,,,colonial,0.053,individual,0.068,considerable,0.041,tie,0.068,,,style,0.069,,,,,based,0.06,,,income,0.059,,,explore,0.053
47,kreps,0.065,analyzing,0.07,stochastic,0.049,,,,,colonization,0.053,pricing,0.068,exert,0.041,two,0.068,,,value,0.062,,,,,beta,0.057,,,manager,0.059,,,flight,0.053
48,limited,0.065,annually,0.07,uncertainty,0.049,,,,,colony,0.053,study,0.068,exist,0.041,price,0.066,,,appear,0.061,,,,,common,0.057,,,potential,0.059,,,focusing,0.053
49,merton,0.065,barber,0.07,wide,0.049,,,,,comparative,0.053,data,0.064,exists,0.041,growth,0.064,,,evidence,0.061,,,,,implication,0.057,,,sample,0.059,,,illiquidity,0.053
50,opinion,0.065,central,0.07,behavior,0.048,,,,,could,0.053,find,0.064,fast,0.041,around,0.061,,,constrained,0.06,,,,,section,0.057,,,consistent,0.054,,,ineffective,0.053
51,optimistic,0.065,december,0.07,time,0.048,,,,,defined,0.053,high,0.064,fastest,0.041,estimate,0.061,,,decrease,0.06,,,,,term,0.057,,,observed,0.054,,,interesting,0.053
52,potentially,0.065,demonstrate,0.07,better,0.044,,,,,development,0.053,period,0.064,fee,0.041,incentive,0.061,,,finance,0.06,,,,,effect,0.056,,,investment,0.051,,,link,0.053
53,purchasing,0.065,desire,0.07,component,0.044,,,,,educational,0.053,well,0.064,gathering,0.041,number,0.061,,,power,0.06,,,,,factor,0.056,,,period,0.047,,,move,0.053
54,scheinkman,0.065,earn,0.07,constant,0.044,,,,,enormously,0.053,value,0.06,growing,0.041,relative,0.061,,,optimal,0.057,,,,,information,0.056,,,model,0.044,,,mutually,0.053
55,searching,0.065,loser,0.07,excess,0.044,,,,,equalize,0.053,asset,0.056,grown,0.041,generate,0.056,,,common,0.054,,,,,pricing,0.056,,,value,0.044,,,noise,0.053
56,substantially,0.065,poor,0.07,explains,0.044,,,,,equator,0.053,market,0.05,gruber,0.041,relationship,0.056,,,different,0.054,,,,,result,0.056,,,show,0.039,,,obtain,0.053
57,sufficient,0.065,priced,0.07,fluctuation,0.044,,,,,establishment,0.053,,,included,0.041,analyze,0.052,,,examines,0.054,,,,,daniel,0.054,,,,,,,pedersen,0.053
58,tend,0.065,resulting,0.07,implication,0.044,,,,,extractive,0.053,,,inferior,0.041,asset,0.052,,,finding,0.054,,,,,domestic,0.054,,,,,,,peer,0.053
59,thousand,0.065,suboptimal,0.07,poorly,0.044,,,,,faced,0.053,,,introduction,0.041,conduct,0.052,,,leverage,0.054,,,,,governance,0.054,,,,,,,people,0.053
60,tobin,0.065,trade,0.07,short,0.044,,,,,gain,0.053,,,lack,0.041,distribution,0.052,,,vishny,0.054,,,,,home,0.054,,,,,,,price,0.053
61,valuation,0.065,winner,0.07,term,0.044,,,,,gap,0.053,,,lie,0.041,drop,0.052,,,data,0.053,,,,,jegadeesh,0.054,,,,,,,reality,0.053
62,willing,0.065,beta,0.063,economic,0.04,,,,,government,0.053,,,marketing,0.041,existing,0.052,,,higher,0.05,,,,,offer,0.054,,,,,,,reinforcing,0.053
63,xiong,0.065,directly,0.063,economy,0.04,,,,,hsieh,0.053,,,medium,0.041,give,0.052,,,hypothesis,0.05,,,,,offering,0.054,,,,,,,requirement,0.053
64,abnormal,0.057,lead,0.063,holding,0.04,,,,,hypothetically,0.053,,,nonexistent,0.041,intensity,0.052,,,performance,0.049,,,,,positive,0.054,,,,,,,rise,0.053
65,barber,0.057,loss,0.063,income,0.04,,,,,increasing,0.053,,,parsimonious,0.041,literature,0.052,,,controlling,0.046,,,,,systematic,0.054,,,,,,,specialized,0.053
66,cause,0.057,overconfidence,0.063,based,0.037,,,,,instrument,0.053,,,purchase,0.041,mian,0.052,,,covenant,0.046,,,,,expected,0.052,,,,,,,speculator,0.053
67,constraint,0.057,pay,0.063,one,0.037,,,,,investigation,0.053,,,quantitatively,0.041,ols,0.052,,,degree,0.046,,,,,manager,0.052,,,,,,,spiral,0.053
68,extreme,0.057,selling,0.063,provide,0.037,,,,,johnson,0.053,,,rationally,0.041,placebo,0.052,,,enforcement,0.046,,,,,percent,0.052,,,,,,,subject,0.053
69,face,0.057,turn,0.063,using,0.037,,,,,jones,0.053,,,regarded,0.041,sector,0.052,,,entrepreneur,0.046,,,,,preference,0.052,,,,,,,suddenly,0.053
70,first,0.057,doe,0.057,factor,0.035,,,,,klenow,0.053,,,remains,0.041,securitized,0.052,,,formally,0.046,,,,,run,0.052,,,,,,,testable,0.053
71,generates,0.057,higher,0.057,measure,0.035,,,,,language,0.053,,,represent,0.041,squeeze,0.052,,,identified,0.046,,,,,show,0.052,,,,,,,textbook,0.053
72,impact,0.057,low,0.057,pricing,0.035,,,,,location,0.053,,,reproduce,0.041,survey,0.052,,,identify,0.046,,,,,performance,0.049,,,,,,,traded,0.053
73,institutional,0.057,preference,0.057,result,0.035,,,,,microdata,0.053,,,respond,0.041,threshold,0.052,,,integrated,0.046,,,,,documented,0.048,,,,,,,almost,0.046
74,motivated,0.057,rather,0.057,find,0.032,,,,,narrowly,0.053,,,sirri,0.041,used,0.052,,,integration,0.046,,,,,evidence,0.048,,,,,,,anomaly,0.046
75,net,0.057,sell,0.057,period,0.032,,,,,others,0.053,,,skill,0.041,show,0.049,,,joint,0.046,,,,,exhibit,0.048,,,,,,,approach,0.046
76,odean,0.057,strong,0.057,portfolio,0.03,,,,,partially,0.053,,,socially,0.041,across,0.048,,,lopez,0.046,,,,,horizon,0.048,,,,,,,availability,0.046
77,reduce,0.057,appear,0.053,although,0.028,,,,,persisted,0.053,,,though,0.041,information,0.048,,,maturity,0.046,,,,,index,0.048,,,,,,,bad,0.046
78,regarding,0.057,long,0.053,assumption,0.028,,,,,physical,0.053,,,tufano,0.041,level,0.048,,,porta,0.046,,,,,per,0.048,,,,,,,business,0.046
79,search,0.057,lower,0.053,autoregressive,0.028,,,,,plant,0.053,,,type,0.041,market,0.047,,,reputation,0.046,,,,,persistence,0.048,,,,,,,delong,0.046
80,thus,0.057,test,0.053,aversion,0.028,,,,,quantify,0.053,,,unrewarded,0.041,approach,0.045,,,silanes,0.046,,,,,ratio,0.048,,,,,,,destabilizing,0.046
81,trade,0.057,cost,0.049,bansal,0.028,,,,,reallocated,0.053,,,wasteful,0.041,benefit,0.045,,,theoretical,0.046,,,,,several,0.048,,,,,,,distress,0.046
82,transaction,0.057,effect,0.049,bill,0.028,,,,,resource,0.053,,,attention,0.036,collateral,0.045,,,zingales,0.046,,,,,shareholder,0.048,,,,,,,diverge,0.046
83,uncertainty,0.057,explain,0.049,class,0.028,,,,,robinson,0.053,,,benchmark,0.036,creditor,0.045,,,show,0.044,,,,,measure,0.045,,,,,,,documented,0.046
84,buy,0.051,level,0.049,cochrane,0.028,,,,,settle,0.053,,,berk,0.036,empirically,0.045,,,across,0.042,,,,,variation,0.045,,,,,,,empirically,0.046
85,component,0.051,average,0.046,cointegrated,0.028,,,,,sizable,0.053,,,bought,0.036,finance,0.045,,,financial,0.042,,,,,company,0.043,,,,,,,extreme,0.046
86,consider,0.051,behavior,0.046,conjunction,0.028,,,,,solow,0.053,,,costly,0.036,impact,0.045,,,market,0.041,,,,,explained,0.043,,,,,,,fails,0.046
87,determined,0.051,small,0.046,constantinides,0.028,,,,,technological,0.053,,,decision,0.036,law,0.045,,,analyzing,0.04,,,,,option,0.043,,,,,,,far,0.046
88,experiencing,0.051,value,0.043,containing,0.028,,,,,therefore,0.053,,,derive,0.036,monitoring,0.045,,,benefit,0.04,,,,,find,0.042,,,,,,,focus,0.046
89,fundamental,0.051,market,0.036,description,0.028,,,,,treat,0.053,,,differential,0.036,panel,0.045,,,compared,0.04,,,,,theory,0.042,,,,,,,grossman,0.046
90,option,0.051,,,determining,0.028,,,,,varies,0.053,,,disproportionately,0.036,petersen,0.045,,,constraint,0.04,,,,,well,0.042,,,,,,,highly,0.046
91,sale,0.051,,,differing,0.028,,,,,accounting,0.046,,,effort,0.036,specific,0.045,,,french,0.04,,,,,account,0.039,,,,,,,iii,0.046
92,selling,0.051,,,dislike,0.028,,,,,amount,0.046,,,fact,0.036,time,0.045,,,investigates,0.04,,,,,article,0.039,,,,,,,limit,0.046
93,short,0.051,,,distributed,0.028,,,,,associated,0.046,,,finally,0.036,model,0.042,,,managerial,0.04,,,,,strong,0.039,,,,,,,need,0.046
94,tax,0.051,,,epstein,0.028,,,,,basis,0.046,,,green,0.036,current,0.041,,,moore,0.04,,,,,applies,0.036,,,,,,,possibility,0.046
95,analysis,0.047,,,essentially,0.028,,,,,compared,0.046,,,heterogeneity,0.036,debt,0.041,,,previous,0.04,,,,,attribution,0.036,,,,,,,prediction,0.046
96,difference,0.047,,,expressed,0.028,,,,,controlled,0.046,,,imply,0.036,dynamic,0.041,,,public,0.04,,,,,autocorrelations,0.036,,,,,,,private,0.046
97,dividend,0.047,,,fear,0.028,,,,,deeper,0.046,,,index,0.036,examines,0.041,,,quality,0.04,,,,,capitalization,0.036,,,,,,,provides,0.046
98,driven,0.047,,,fluctuating,0.028,,,,,exploiting,0.046,,,intermediary,0.036,finding,0.041,,,rajan,0.04,,,,,contrarian,0.036,,,,,,,quality,0.046
99,generate,0.047,,,forecaster,0.028,,,,,hall,0.046,,,jensen,0.036,form,0.041,,,relatively,0.04,,,,,corporate,0.036,,,,,,,relatively,0.046
100,hypothesis,0.047,,,forecasting,0.028,,,,,historically,0.046,,,metric,0.036,issue,0.041,,,theory,0.04,,,,,decile,0.036,,,,,,,risky,0.046
101,many,0.047,,,four,0.028,,,,,produce,0.046,,,net,0.036,process,0.041,,,typically,0.04,,,,,earned,0.036,,,,,,,suggests,0.046
102,miller,0.047,,,history,0.028,,,,,residual,0.046,,,outperform,0.036,rule,0.041,,,weakest,0.04,,,,,evaluated,0.036,,,,,,,summer,0.046
103,preference,0.047,,,identically,0.028,,,,,total,0.046,,,particular,0.036,series,0.041,,,cannot,0.036,,,,,five,0.036,,,,,,,typically,0.046
104,present,0.047,,,importance,0.028,,,,,versus,0.046,,,passive,0.036,capital,0.039,,,human,0.036,,,,,following,0.036,,,,,,,waldmann,0.046
105,set,0.047,,,imposes,0.028,,,,,current,0.041,,,performed,0.036,account,0.037,,,increase,0.036,,,,,idiosyncratic,0.036,,,,,,,ability,0.042
106,simple,0.047,,,independently,0.028,,,,,determined,0.041,,,persistence,0.036,analysis,0.037,,,informed,0.036,,,,,initial,0.036,,,,,,,cycle,0.042
107,one,0.043,,,intermediate,0.028,,,,,document,0.041,,,persistent,0.036,economy,0.037,,,management,0.036,,,,,lag,0.036,,,,,,,determinant,0.042
108,significant,0.043,,,introduced,0.028,,,,,exploit,0.041,,,possible,0.036,examine,0.037,,,tax,0.036,,,,,local,0.036,,,,,,,equilibrium,0.042
109,size,0.043,,,judge,0.028,,,,,industry,0.041,,,predict,0.036,set,0.037,,,term,0.036,,,,,negative,0.036,,,,,,,experiencing,0.042
110,test,0.043,,,justify,0.028,,,,,likely,0.041,,,priced,0.036,fund,0.034,,,within,0.036,,,,,providing,0.036,,,,,,,explains,0.042
111,cost,0.04,,,lettau,0.028,,,,,much,0.041,,,received,0.036,interest,0.034,,,asset,0.035,,,,,riskier,0.036,,,,,,,feature,0.042
112,effect,0.04,,,life,0.028,,,,,origin,0.041,,,regularity,0.036,using,0.034,,,correlated,0.033,,,,,ritter,0.036,,,,,,,fundamental,0.042
113,information,0.04,,,linear,0.028,,,,,part,0.041,,,reproduces,0.036,variation,0.032,,,economy,0.033,,,,,seasoned,0.036,,,,,,,implication,0.042
114,large,0.04,,,linearized,0.028,,,,,place,0.041,,,seem,0.036,find,0.03,,,equity,0.033,,,,,selectivity,0.036,,,,,,,make,0.042
115,result,0.04,,,ludvigson,0.028,,,,,within,0.041,,,selection,0.036,period,0.03,,,pattern,0.033,,,,,self,0.036,,,,,,,moreover,0.042
116,find,0.037,,,moving,0.028,,,,,analysis,0.038,,,sold,0.036,problem,0.03,,,sample,0.033,,,,,specifically,0.036,,,,,,,particularly,0.042
117,problem,0.037,,,namely,0.028,,,,,call,0.038,,,thus,0.036,rate,0.03,,,state,0.033,,,,,timing,0.036,,,,,,,sale,0.042
118,time,0.037,,,novel,0.028,,,,,driven,0.038,,,widely,0.036,portfolio,0.028,,,consistent,0.03,,,,,underreaction,0.036,,,,,,,miller,0.038
119,capital,0.033,,,permanent,0.028,,,,,economic,0.038,,,better,0.032,absolute,0.026,,,long,0.03,,,,,using,0.036,,,,,,,potential,0.038
120,risk,0.031,,,plus,0.028,,,,,potential,0.038,,,buy,0.032,administration,0.026,,,related,0.03,,,,,whether,0.036,,,,,,,sell,0.038
121,show,0.031,,,popular,0.028,,,,,present,0.038,,,current,0.032,adversely,0.026,,,using,0.03,,,,,zhang,0.036,,,,,,,structure,0.038
122,market,0.029,,,posit,0.028,,,,,run,0.038,,,determinant,0.032,alternative,0.026,,,factor,0.028,,,,,aggregate,0.033,,,,,,,also,0.035
123,return,0.029,,,predicting,0.028,,,,,set,0.038,,,directly,0.032,amplified,0.026,,,individual,0.028,,,,,abnormal,0.032,,,,,,,appear,0.035
124,,,,,predictive,0.028,,,,,change,0.035,,,feature,0.032,amplify,0.026,,,large,0.028,,,,,arise,0.032,,,,,,,corporate,0.035
125,,,,,procyclical,0.028,,,,,long,0.035,,,issue,0.032,answer,0.026,,,average,0.026,,,,,asymmetric,0.032,,,,,,,firm,0.035
126,,,,,prospect,0.028,,,,,observed,0.035,,,past,0.032,approximation,0.026,,,behavior,0.026,,,,,biased,0.032,,,,,,,premium,0.035
127,,,,,quarterly,0.028,,,,,aggregate,0.032,,,puzzle,0.032,asymmetry,0.026,,,rate,0.026,,,,,buying,0.032,,,,,,,related,0.035
128,,,,,recession,0.028,,,,,explain,0.032,,,question,0.032,asymptotic,0.026,,,well,0.026,,,,,cause,0.032,,,,,,,significant,0.035
129,,,,,schwert,0.028,,,,,growth,0.032,,,article,0.029,autocorrelation,0.026,,,accommodate,0.023,,,,,exposure,0.032,,,,,,,using,0.035
130,,,,,shared,0.028,,,,,measure,0.032,,,doe,0.029,biggest,0.026,,,affected,0.023,,,,,generates,0.032,,,,,,,cost,0.033
131,,,,,singleton,0.028,,,,,find,0.03,,,economy,0.029,bootstrap,0.026,,,aghion,0.023,,,,,held,0.032,,,,,,,explain,0.033
132,,,,,summarize,0.028,,,,,high,0.03,,,equity,0.029,broadly,0.026,,,analytical,0.023,,,,,highly,0.032,,,,,,,pricing,0.033
133,,,,,summarizes,0.028,,,,,empirical,0.028,,,even,0.029,building,0.026,,,argues,0.023,,,,,loser,0.032,,,,,,,variation,0.033
134,,,,,temporal,0.028,,,,,performance,0.028,,,measured,0.029,capitalized,0.026,,,argument,0.023,,,,,mean,0.032,,,,,,,volatility,0.033
135,,,,,treasury,0.028,,,,,show,0.025,,,present,0.029,carefully,0.026,,,arm,0.023,,,,,outperform,0.032,,,,,,,problem,0.03
136,,,,,unexplained,0.028,,,,,return,0.024,,,relationship,0.029,carlo,0.026,,,aspect,0.023,,,,,performed,0.032,,,,,,,small,0.03
137,,,,,utility,0.028,,,,,,,,,security,0.029,case,0.026,,,awry,0.023,,,,,predictability,0.032,,,,,,,time,0.03
138,,,,,variety,0.028,,,,,,,,,consistent,0.027,circle,0.026,,,back,0.023,,,,,private,0.032,,,,,,,well,0.03
139,,,,,varying,0.028,,,,,,,,,evidence,0.027,closely,0.026,,,bankruptcy,0.023,,,,,produce,0.032,,,,,,,investor,0.027
140,,,,,vector,0.028,,,,,,,,,explanation,0.027,collapse,0.026,,,bargaining,0.023,,,,,proxy,0.032,,,,,,,show,0.025
141,,,,,volatile,0.028,,,,,,,,,important,0.027,collected,0.026,,,begun,0.023,,,,,unified,0.032,,,,,,,,
142,,,,,yaron,0.028,,,,,,,,,lower,0.027,compare,0.026,,,berle,0.023,,,,,winner,0.032,,,,,,,,
143,,,,,zin,0.028,,,,,,,,,related,0.027,comparing,0.026,,,birth,0.023,,,,,would,0.032,,,,,,,,
144,,,,,add,0.025,,,,,,,,,size,0.027,compensate,0.026,,,bound,0.023,,,,,time,0.031,,,,,,,,
145,,,,,capture,0.025,,,,,,,,,financial,0.025,composition,0.026,,,character,0.023,,,,,ability,0.029,,,,,,,,
146,,,,,consumer,0.025,,,,,,,,,growth,0.025,compute,0.026,,,characterize,0.023,,,,,cannot,0.029,,,,,,,,
147,,,,,despite,0.025,,,,,,,,,investment,0.025,confined,0.026,,,circumscribe,0.023,,,,,empirical,0.029,,,,,,,,
148,,,,,deviation,0.025,,,,,,,,,level,0.025,confronted,0.026,,,cohort,0.023,,,,,however,0.029,,,,,,,,
149,,,,,earnings,0.025,,,,,,,,,study,0.025,correct,0.026,,,commit,0.023,,,,,issue,0.029,,,,,,,,
150,,,,,external,0.025,,,,,,,,,data,0.024,county,0.026,,,communication,0.023,,,,,leverage,0.029,,,,,,,,
151,,,,,force,0.025,,,,,,,,,problem,0.024,creditworthiness,0.026,,,compensation,0.023,,,,,overconfidence,0.029,,,,,,,,
152,,,,,formation,0.025,,,,,,,,,empirical,0.022,crunch,0.026,,,concentration,0.023,,,,,particularly,0.029,,,,,,,,
153,,,,,fundamentally,0.025,,,,,,,,,value,0.022,cutoff,0.026,,,conservative,0.023,,,,,predictable,0.029,,,,,,,,
154,,,,,hall,0.025,,,,,,,,,asset,0.021,declining,0.026,,,decide,0.023,,,,,profit,0.029,,,,,,,,
155,,,,,implies,0.025,,,,,,,,,price,0.021,depression,0.026,,,delegation,0.023,,,,,relative,0.029,,,,,,,,
156,,,,,imply,0.025,,,,,,,,,show,0.02,detailed,0.026,,,derives,0.023,,,,,sale,0.029,,,,,,,,
157,,,,,including,0.025,,,,,,,,,market,0.018,dissociation,0.026,,,diffusion,0.023,,,,,shleifer,0.029,,,,,,,,
158,,,,,jagannathan,0.025,,,,,,,,,,,dual,0.026,,,diversified,0.023,,,,,trader,0.029,,,,,,,,
159,,,,,key,0.025,,,,,,,,,,,duflo,0.026,,,durability,0.023,,,,,variable,0.029,,,,,,,,
160,,,,,labor,0.025,,,,,,,,,,,durable,0.026,,,earlier,0.023,,,,,correlated,0.026,,,,,,,,
161,,,,,method,0.025,,,,,,,,,,,eighteen,0.026,,,elucidate,0.023,,,,,doe,0.026,,,,,,,,
162,,,,,metric,0.025,,,,,,,,,,,emerging,0.026,,,enables,0.023,,,,,holding,0.026,,,,,,,,
163,,,,,optimally,0.025,,,,,,,,,,,employ,0.026,,,entire,0.023,,,,,many,0.026,,,,,,,,
164,,,,,payout,0.025,,,,,,,,,,,employing,0.026,,,examination,0.023,,,,,pattern,0.026,,,,,,,,
165,,,,,post,0.025,,,,,,,,,,,enough,0.026,,,executive,0.023,,,,,sample,0.026,,,,,,,,
166,,,,,power,0.025,,,,,,,,,,,estimating,0.026,,,fail,0.023,,,,,yield,0.026,,,,,,,,
167,,,,,predict,0.025,,,,,,,,,,,estimation,0.026,,,fairly,0.023,,,,,change,0.024,,,,,,,,
168,,,,,predictability,0.025,,,,,,,,,,,estimator,0.026,,,family,0.023,,,,,consistent,0.024,,,,,,,,
169,,,,,primarily,0.025,,,,,,,,,,,exogenous,0.026,,,fazzari,0.023,,,,,explanation,0.024,,,,,,,,
170,,,,,raise,0.025,,,,,,,,,,,experience,0.026,,,final,0.023,,,,,future,0.024,,,,,,,,
171,,,,,role,0.025,,,,,,,,,,,female,0.026,,,flexible,0.023,,,,,premium,0.024,,,,,,,,
172,,,,,several,0.025,,,,,,,,,,,great,0.026,,,follows,0.023,,,,,significant,0.024,,,,,,,,
173,,,,,standard,0.025,,,,,,,,,,,guidance,0.026,,,found,0.023,,,,,test,0.024,,,,,,,,
174,,,,,stream,0.025,,,,,,,,,,,hardest,0.026,,,generally,0.023,,,,,across,0.022,,,,,,,,
175,,,,,trend,0.025,,,,,,,,,,,help,0.026,,,german,0.023,,,,,explain,0.022,,,,,,,,
176,,,,,variance,0.025,,,,,,,,,,,hit,0.026,,,governed,0.023,,,,,financial,0.022,,,,,,,,
177,,,,,cycle,0.022,,,,,,,,,,,hoc,0.026,,,grade,0.023,,,,,optimal,0.022,,,,,,,,
178,,,,,feature,0.022,,,,,,,,,,,holmstrom,0.026,,,hubbard,0.023,,,,,behavior,0.021,,,,,,,,
179,,,,,framework,0.022,,,,,,,,,,,ignore,0.026,,,illustrates,0.023,,,,,period,0.021,,,,,,,,
180,,,,,function,0.022,,,,,,,,,,,illustrate,0.026,,,image,0.023,,,,,small,0.021,,,,,,,,
181,,,,,human,0.022,,,,,,,,,,,inconsistent,0.026,,,inalienability,0.023,,,,,abysmally,0.018,,,,,,,,
182,,,,,make,0.022,,,,,,,,,,,increased,0.026,,,indebtedness,0.023,,,,,acquisition,0.018,,,,,,,,
183,,,,,much,0.022,,,,,,,,,,,induced,0.026,,,indicate,0.023,,,,,addition,0.018,,,,,,,,
184,,,,,predictable,0.022,,,,,,,,,,,intent,0.026,,,industrialized,0.023,,,,,agreement,0.018,,,,,,,,
185,,,,,predictor,0.022,,,,,,,,,,,interaction,0.026,,,initiative,0.023,,,,,allow,0.018,,,,,,,,
186,,,,,process,0.022,,,,,,,,,,,intervention,0.026,,,insider,0.023,,,,,ang,0.018,,,,,,,,
187,,,,,relative,0.022,,,,,,,,,,,intuition,0.026,,,interdependent,0.023,,,,,announcement,0.018,,,,,,,,
188,,,,,series,0.022,,,,,,,,,,,khwaja,0.026,,,internal,0.023,,,,,apparently,0.018,,,,,,,,
189,,,,,support,0.022,,,,,,,,,,,kiyotaki,0.026,,,interpreted,0.023,,,,,apt,0.018,,,,,,,,
190,,,,,unrelated,0.022,,,,,,,,,,,larger,0.026,,,junk,0.023,,,,,argued,0.018,,,,,,,,
191,,,,,agent,0.02,,,,,,,,,,,lax,0.026,,,kaplan,0.023,,,,,arises,0.018,,,,,,,,
192,,,,,correlated,0.02,,,,,,,,,,,lesser,0.026,,,know,0.023,,,,,array,0.018,,,,,,,,
193,,,,,doe,0.02,,,,,,,,,,,loanable,0.026,,,lamont,0.023,,,,,association,0.018,,,,,,,,
194,,,,,driven,0.02,,,,,,,,,,,matrix,0.026,,,laporta,0.023,,,,,boundedly,0.018,,,,,,,,
195,,,,,generate,0.02,,,,,,,,,,,mechanism,0.026,,,largest,0.023,,,,,called,0.018,,,,,,,,
196,,,,,hypothesis,0.02,,,,,,,,,,,moderate,0.026,,,lateral,0.023,,,,,carhart,0.018,,,,,,,,
197,,,,,low,0.02,,,,,,,,,,,monte,0.026,,,length,0.023,,,,,chasing,0.018,,,,,,,,
198,,,,,measured,0.02,,,,,,,,,,,mukherjee,0.026,,,lenient,0.023,,,,,combine,0.018,,,,,,,,
199,,,,,potential,0.02,,,,,,,,,,,mullainathan,0.026,,,linked,0.023,,,,,comovements,0.018,,,,,,,,
200,,,,,preference,0.02,,,,,,,,,,,multiple,0.026,,,located,0.023,,,,,conducting,0.018,,,,,,,,
201,,,,,present,0.02,,,,,,,,,,,neighborhood,0.026,,,lopezdesilanes,0.023,,,,,confidence,0.018,,,,,,,,
202,,,,,security,0.02,,,,,,,,,,,nuclear,0.026,,,main,0.023,,,,,constructed,0.018,,,,,,,,
203,,,,,strong,0.02,,,,,,,,,,,often,0.026,,,major,0.023,,,,,continuation,0.018,,,,,,,,
204,,,,,also,0.019,,,,,,,,,,,operate,0.026,,,making,0.023,,,,,controversial,0.018,,,,,,,,
205,,,,,change,0.019,,,,,,,,,,,overall,0.026,,,managing,0.023,,,,,coval,0.018,,,,,,,,
206,,,,,evidence,0.019,,,,,,,,,,,pakistan,0.026,,,matter,0.023,,,,,database,0.018,,,,,,,,
207,,,,,explanation,0.019,,,,,,,,,,,parametric,0.026,,,mba,0.023,,,,,debondt,0.018,,,,,,,,
208,,,,,important,0.019,,,,,,,,,,,participant,0.026,,,measurement,0.023,,,,,delayed,0.018,,,,,,,,
209,,,,,interest,0.019,,,,,,,,,,,pas,0.026,,,median,0.023,,,,,detect,0.018,,,,,,,,
210,,,,,whether,0.019,,,,,,,,,,,perform,0.026,,,methodology,0.023,,,,,diffuses,0.018,,,,,,,,
211,,,,,explain,0.017,,,,,,,,,,,persist,0.026,,,middle,0.023,,,,,direction,0.018,,,,,,,,
212,,,,,financial,0.017,,,,,,,,,,,play,0.026,,,modern,0.023,,,,,disappear,0.018,,,,,,,,
213,,,,,optimal,0.017,,,,,,,,,,,political,0.026,,,multiplicity,0.023,,,,,dissipates,0.018,,,,,,,,
214,,,,,study,0.017,,,,,,,,,,,powerful,0.026,,,narrower,0.023,,,,,distinctive,0.018,,,,,,,,
215,,,,,average,0.016,,,,,,,,,,,pre,0.026,,,nature,0.023,,,,,drift,0.018,,,,,,,,
216,,,,,small,0.016,,,,,,,,,,,primary,0.026,,,organizational,0.023,,,,,drive,0.018,,,,,,,,
217,,,,,theory,0.016,,,,,,,,,,,production,0.026,,,outsider,0.023,,,,,due,0.018,,,,,,,,
218,,,,,empirical,0.015,,,,,,,,,,,profile,0.026,,,overload,0.023,,,,,easily,0.018,,,,,,,,
219,,,,,capital,0.014,,,,,,,,,,,pyle,0.026,,,participation,0.023,,,,,economics,0.018,,,,,,,,
220,,,,,investor,0.014,,,,,,,,,,,quantity,0.026,,,path,0.023,,,,,efficiency,0.018,,,,,,,,
221,,,,,show,0.013,,,,,,,,,,,randomly,0.026,,,placed,0.023,,,,,either,0.018,,,,,,,,
222,,,,,,,,,,,,,,,,,reduces,0.026,,,poorer,0.023,,,,,event,0.018,,,,,,,,
223,,,,,,,,,,,,,,,,,relevant,0.026,,,presence,0.023,,,,,existence,0.018,,,,,,,,
224,,,,,,,,,,,,,,,,,repay,0.026,,,prevent,0.023,,,,,expense,0.018,,,,,,,,
225,,,,,,,,,,,,,,,,,rock,0.026,,,principal,0.023,,,,,explanatory,0.018,,,,,,,,
226,,,,,,,,,,,,,,,,,saving,0.026,,,priority,0.023,,,,,extract,0.018,,,,,,,,
227,,,,,,,,,,,,,,,,,screen,0.026,,,promotes,0.023,,,,,extrapolation,0.018,,,,,,,,
228,,,,,,,,,,,,,,,,,secured,0.026,,,property,0.023,,,,,favor,0.018,,,,,,,,
229,,,,,,,,,,,,,,,,,serially,0.026,,,protect,0.023,,,,,feedback,0.018,,,,,,,,
230,,,,,,,,,,,,,,,,,seru,0.026,,,put,0.023,,,,,fewer,0.018,,,,,,,,
231,,,,,,,,,,,,,,,,,serve,0.026,,,pyramid,0.023,,,,,flat,0.018,,,,,,,,
232,,,,,,,,,,,,,,,,,severely,0.026,,,quit,0.023,,,,,fresh,0.018,,,,,,,,
233,,,,,,,,,,,,,,,,,severity,0.026,,,range,0.023,,,,,generated,0.018,,,,,,,,
234,,,,,,,,,,,,,,,,,sharp,0.026,,,receive,0.023,,,,,geographically,0.018,,,,,,,,
235,,,,,,,,,,,,,,,,,sharply,0.026,,,renegotiation,0.023,,,,,gompers,0.018,,,,,,,,
236,,,,,,,,,,,,,,,,,since,0.026,,,repayment,0.023,,,,,gradually,0.018,,,,,,,,
237,,,,,,,,,,,,,,,,,soft,0.026,,,repurchase,0.023,,,,,grinblatt,0.018,,,,,,,,
238,,,,,,,,,,,,,,,,,solve,0.026,,,rest,0.023,,,,,harder,0.018,,,,,,,,
239,,,,,,,,,,,,,,,,,sometimes,0.026,,,scandinavian,0.023,,,,,headquartered,0.018,,,,,,,,
240,,,,,,,,,,,,,,,,,spill,0.026,,,schoar,0.023,,,,,hence,0.018,,,,,,,,
241,,,,,,,,,,,,,,,,,sufi,0.026,,,shown,0.023,,,,,hendricks,0.018,,,,,,,,
242,,,,,,,,,,,,,,,,,sum,0.026,,,similarly,0.023,,,,,highest,0.018,,,,,,,,
243,,,,,,,,,,,,,,,,,surrounding,0.026,,,source,0.023,,,,,hong,0.018,,,,,,,,
244,,,,,,,,,,,,,,,,,temporary,0.026,,,specificity,0.023,,,,,hot,0.018,,,,,,,,
245,,,,,,,,,,,,,,,,,thumb,0.026,,,spelling,0.023,,,,,icapm,0.018,,,,,,,,
246,,,,,,,,,,,,,,,,,tightening,0.026,,,step,0.023,,,,,imparts,0.018,,,,,,,,
247,,,,,,,,,,,,,,,,,tracing,0.026,,,still,0.023,,,,,implement,0.018,,,,,,,,
248,,,,,,,,,,,,,,,,,transmission,0.026,,,subordinate,0.023,,,,,incidence,0.018,,,,,,,,
249,,,,,,,,,,,,,,,,,trust,0.026,,,subperiods,0.023,,,,,indicates,0.018,,,,,,,,
250,,,,,,,,,,,,,,,,,unanticipated,0.026,,,subsidiary,0.023,,,,,inevitably,0.018,,,,,,,,
251,,,,,,,,,,,,,,,,,understate,0.026,,,subsidized,0.023,,,,,innovation,0.018,,,,,,,,
252,,,,,,,,,,,,,,,,,uninformed,0.026,,,substitution,0.023,,,,,inverse,0.018,,,,,,,,
253,,,,,,,,,,,,,,,,,unless,0.026,,,superior,0.023,,,,,invest,0.018,,,,,,,,
254,,,,,,,,,,,,,,,,,unprecedented,0.026,,,track,0.023,,,,,irrational,0.018,,,,,,,,
255,,,,,,,,,,,,,,,,,valuable,0.026,,,ultimate,0.023,,,,,ishii,0.018,,,,,,,,
256,,,,,,,,,,,,,,,,,vig,0.026,,,underpinnings,0.023,,,,,issuer,0.018,,,,,,,,
257,,,,,,,,,,,,,,,,,wage,0.026,,,understood,0.023,,,,,issuing,0.018,,,,,,,,
258,,,,,,,,,,,,,,,,,widen,0.026,,,unit,0.023,,,,,journal,0.018,,,,,,,,
259,,,,,,,,,,,,,,,,,asymmetric,0.023,,,unlikely,0.023,,,,,known,0.018,,,,,,,,
260,,,,,,,,,,,,,,,,,bertrand,0.023,,,unresolved,0.023,,,,,lakonishok,0.018,,,,,,,,
261,,,,,,,,,,,,,,,,,biased,0.023,,,unusually,0.023,,,,,levered,0.018,,,,,,,,
262,,,,,,,,,,,,,,,,,central,0.023,,,upper,0.023,,,,,light,0.018,,,,,,,,
263,,,,,,,,,,,,,,,,,close,0.023,,,urgency,0.023,,,,,linking,0.018,,,,,,,,
264,,,,,,,,,,,,,,,,,completely,0.023,,,useful,0.023,,,,,locally,0.018,,,,,,,,
265,,,,,,,,,,,,,,,,,conditional,0.023,,,vertical,0.023,,,,,longer,0.018,,,,,,,,
266,,,,,,,,,,,,,,,,,consequence,0.023,,,wealthy,0.023,,,,,loughran,0.018,,,,,,,,
267,,,,,,,,,,,,,,,,,constrained,0.023,,,wessels,0.023,,,,,lowest,0.018,,,,,,,,
268,,,,,,,,,,,,,,,,,contract,0.023,,,wisdom,0.023,,,,,macbeth,0.018,,,,,,,,
269,,,,,,,,,,,,,,,,,conventional,0.023,,,withdraw,0.023,,,,,made,0.018,,,,,,,,
270,,,,,,,,,,,,,,,,,covariance,0.023,,,world,0.023,,,,,metrick,0.018,,,,,,,,
271,,,,,,,,,,,,,,,,,decline,0.023,,,risk,0.022,,,,,mispricing,0.018,,,,,,,,
272,,,,,,,,,,,,,,,,,depend,0.023,,,affect,0.02,,,,,modest,0.018,,,,,,,,
273,,,,,,,,,,,,,,,,,despite,0.023,,,aggressive,0.02,,,,,money,0.018,,,,,,,,
274,,,,,,,,,,,,,,,,,determines,0.023,,,amount,0.02,,,,,month,0.018,,,,,,,,
275,,,,,,,,,,,,,,,,,deviation,0.023,,,bertrand,0.02,,,,,moskowitz,0.018,,,,,,,,
276,,,,,,,,,,,,,,,,,differential,0.023,,,borrowing,0.02,,,,,mostly,0.018,,,,,,,,
277,,,,,,,,,,,,,,,,,disproportionately,0.023,,,claim,0.02,,,,,multifactor,0.018,,,,,,,,
278,,,,,,,,,,,,,,,,,distress,0.023,,,closed,0.02,,,,,must,0.018,,,,,,,,
279,,,,,,,,,,,,,,,,,diverge,0.023,,,collateral,0.02,,,,,naik,0.018,,,,,,,,
280,,,,,,,,,,,,,,,,,econometric,0.023,,,contract,0.02,,,,,naturally,0.018,,,,,,,,
281,,,,,,,,,,,,,,,,,effort,0.023,,,contrast,0.02,,,,,neoclassical,0.018,,,,,,,,
282,,,,,,,,,,,,,,,,,explicitly,0.023,,,controlled,0.02,,,,,newswatcher,0.018,,,,,,,,
283,,,,,,,,,,,,,,,,,exploiting,0.023,,,conventional,0.02,,,,,newswatchers,0.018,,,,,,,,
284,,,,,,,,,,,,,,,,,face,0.023,,,covering,0.02,,,,,nondiversifiable,0.018,,,,,,,,
285,,,,,,,,,,,,,,,,,fact,0.023,,,credit,0.02,,,,,nonissuers,0.018,,,,,,,,
286,,,,,,,,,,,,,,,,,financing,0.023,,,creditor,0.02,,,,,nonlocal,0.018,,,,,,,,
287,,,,,,,,,,,,,,,,,focus,0.023,,,decline,0.02,,,,,nontraded,0.018,,,,,,,,
288,,,,,,,,,,,,,,,,,force,0.023,,,deeper,0.02,,,,,observes,0.018,,,,,,,,
289,,,,,,,,,,,,,,,,,group,0.023,,,default,0.02,,,,,overreact,0.018,,,,,,,,
290,,,,,,,,,,,,,,,,,historically,0.023,,,depend,0.02,,,,,patel,0.018,,,,,,,,
291,,,,,,,,,,,,,,,,,informational,0.023,,,depends,0.02,,,,,pervasive,0.018,,,,,,,,
292,,,,,,,,,,,,,,,,,institutional,0.023,,,determines,0.02,,,,,populated,0.018,,,,,,,,
293,,,,,,,,,,,,,,,,,investigate,0.023,,,developed,0.02,,,,,portion,0.018,,,,,,,,
294,,,,,,,,,,,,,,,,,key,0.023,,,diamond,0.02,,,,,precision,0.018,,,,,,,,
295,,,,,,,,,,,,,,,,,leland,0.023,,,especially,0.02,,,,,primitive,0.018,,,,,,,,
296,,,,,,,,,,,,,,,,,limit,0.023,,,except,0.02,,,,,propose,0.018,,,,,,,,
297,,,,,,,,,,,,,,,,,moore,0.023,,,exhibit,0.02,,,,,proximate,0.018,,,,,,,,
298,,,,,,,,,,,,,,,,,negatively,0.023,,,expenditure,0.02,,,,,proximity,0.018,,,,,,,,
299,,,,,,,,,,,,,,,,,occurs,0.023,,,explicitly,0.02,,,,,psychological,0.018,,,,,,,,
300,,,,,,,,,,,,,,,,,outcome,0.023,,,extent,0.02,,,,,psychology,0.018,,,,,,,,
301,,,,,,,,,,,,,,,,,output,0.023,,,external,0.02,,,,,reaction,0.018,,,,,,,,
302,,,,,,,,,,,,,,,,,persistent,0.023,,,far,0.02,,,,,refutable,0.018,,,,,,,,
303,,,,,,,,,,,,,,,,,population,0.023,,,finally,0.02,,,,,respectively,0.018,,,,,,,,
304,,,,,,,,,,,,,,,,,post,0.023,,,follow,0.02,,,,,reversibility,0.018,,,,,,,,
305,,,,,,,,,,,,,,,,,practice,0.023,,,foreign,0.02,,,,,scholar,0.018,,,,,,,,
306,,,,,,,,,,,,,,,,,prediction,0.023,,,general,0.02,,,,,select,0.018,,,,,,,,
307,,,,,,,,,,,,,,,,,rajan,0.023,,,going,0.02,,,,,shed,0.018,,,,,,,,
308,,,,,,,,,,,,,,,,,recent,0.023,,,good,0.02,,,,,shift,0.018,,,,,,,,
309,,,,,,,,,,,,,,,,,reduced,0.023,,,grossman,0.02,,,,,simultaneously,0.018,,,,,,,,
310,,,,,,,,,,,,,,,,,regarding,0.023,,,hand,0.02,,,,,skilled,0.018,,,,,,,,
311,,,,,,,,,,,,,,,,,residual,0.023,,,held,0.02,,,,,speculation,0.018,,,,,,,,
312,,,,,,,,,,,,,,,,,resulting,0.023,,,heterogeneity,0.02,,,,,stein,0.018,,,,,,,,
313,,,,,,,,,,,,,,,,,role,0.023,,,institution,0.02,,,,,stronger,0.018,,,,,,,,
314,,,,,,,,,,,,,,,,,selection,0.023,,,international,0.02,,,,,subrahmanyam,0.018,,,,,,,,
315,,,,,,,,,,,,,,,,,share,0.023,,,interpretation,0.02,,,,,successfully,0.018,,,,,,,,
316,,,,,,,,,,,,,,,,,significantly,0.023,,,investigate,0.02,,,,,survivor,0.018,,,,,,,,
317,,,,,,,,,,,,,,,,,smaller,0.023,,,largely,0.02,,,,,taste,0.018,,,,,,,,
318,,,,,,,,,,,,,,,,,solution,0.023,,,least,0.02,,,,,thaler,0.018,,,,,,,,
319,,,,,,,,,,,,,,,,,take,0.023,,,leland,0.02,,,,,three,0.018,,,,,,,,
320,,,,,,,,,,,,,,,,,taking,0.023,,,loan,0.02,,,,,typical,0.018,,,,,,,,
321,,,,,,,,,,,,,,,,,technology,0.023,,,matched,0.02,,,,,underperformance,0.018,,,,,,,,
322,,,,,,,,,,,,,,,,,tirole,0.023,,,mean,0.02,,,,,underreact,0.018,,,,,,,,
323,,,,,,,,,,,,,,,,,unable,0.023,,,monitoring,0.02,,,,,univariate,0.018,,,,,,,,
324,,,,,,,,,,,,,,,,,variance,0.023,,,need,0.02,,,,,untested,0.018,,,,,,,,
325,,,,,,,,,,,,,,,,,various,0.023,,,negatively,0.02,,,,,watcher,0.018,,,,,,,,
326,,,,,,,,,,,,,,,,,attempt,0.02,,,observable,0.02,,,,,way,0.018,,,,,,,,
327,,,,,,,,,,,,,,,,,cannot,0.02,,,optimally,0.02,,,,,weighting,0.018,,,,,,,,
328,,,,,,,,,,,,,,,,,component,0.02,,,panel,0.02,,,,,wermers,0.018,,,,,,,,
329,,,,,,,,,,,,,,,,,construct,0.02,,,particular,0.02,,,,,wfm,0.018,,,,,,,,
330,,,,,,,,,,,,,,,,,cycle,0.02,,,payout,0.02,,,,,worst,0.018,,,,,,,,
331,,,,,,,,,,,,,,,,,document,0.02,,,petersen,0.02,,,,,xing,0.018,,,,,,,,
332,,,,,,,,,,,,,,,,,effective,0.02,,,possibility,0.02,,,,,yet,0.018,,,,,,,,
333,,,,,,,,,,,,,,,,,experiencing,0.02,,,practice,0.02,,,,,zeckhauser,0.018,,,,,,,,
334,,,,,,,,,,,,,,,,,explains,0.02,,,primarily,0.02,,,,,accounting,0.016,,,,,,,,
335,,,,,,,,,,,,,,,,,exploit,0.02,,,profitability,0.02,,,,,add,0.016,,,,,,,,
336,,,,,,,,,,,,,,,,,fluctuation,0.02,,,raise,0.02,,,,,aggressive,0.016,,,,,,,,
337,,,,,,,,,,,,,,,,,greater,0.02,,,reduced,0.02,,,,,almost,0.016,,,,,,,,
338,,,,,,,,,,,,,,,,,lead,0.02,,,research,0.02,,,,,arbitrage,0.016,,,,,,,,
339,,,,,,,,,,,,,,,,,loss,0.02,,,risky,0.02,,,,,argue,0.016,,,,,,,,
340,,,,,,,,,,,,,,,,,much,0.02,,,seem,0.02,,,,,associated,0.016,,,,,,,,
341,,,,,,,,,,,,,,,,,origin,0.02,,,share,0.02,,,,,bad,0.016,,,,,,,,
342,,,,,,,,,,,,,,,,,particularly,0.02,,,smaller,0.02,,,,,basis,0.016,,,,,,,,
343,,,,,,,,,,,,,,,,,past,0.02,,,specific,0.02,,,,,berk,0.016,,,,,,,,
344,,,,,,,,,,,,,,,,,place,0.02,,,spread,0.02,,,,,bought,0.016,,,,,,,,
345,,,,,,,,,,,,,,,,,poorly,0.02,,,stream,0.02,,,,,capm,0.016,,,,,,,,
346,,,,,,,,,,,,,,,,,prior,0.02,,,strongest,0.02,,,,,capture,0.016,,,,,,,,
347,,,,,,,,,,,,,,,,,question,0.02,,,suggests,0.02,,,,,close,0.016,,,,,,,,
348,,,,,,,,,,,,,,,,,real,0.02,,,tie,0.02,,,,,completely,0.016,,,,,,,,
349,,,,,,,,,,,,,,,,,similar,0.02,,,tirole,0.02,,,,,consequence,0.016,,,,,,,,
350,,,,,,,,,,,,,,,,,simulation,0.02,,,titman,0.02,,,,,contrast,0.016,,,,,,,,
351,,,,,,,,,,,,,,,,,suggest,0.02,,,top,0.02,,,,,costly,0.016,,,,,,,,
352,,,,,,,,,,,,,,,,,turn,0.02,,,total,0.02,,,,,countercyclical,0.016,,,,,,,,
353,,,,,,,,,,,,,,,,,united,0.02,,,unified,0.02,,,,,covariance,0.016,,,,,,,,
354,,,,,,,,,,,,,,,,,unrelated,0.02,,,various,0.02,,,,,covering,0.016,,,,,,,,
355,,,,,,,,,,,,,,,,,within,0.02,,,versus,0.02,,,,,delong,0.016,,,,,,,,
356,,,,,,,,,,,,,,,,,dividend,0.019,,,wide,0.02,,,,,demonstrate,0.016,,,,,,,,
357,,,,,,,,,,,,,,,,,even,0.019,,,widely,0.02,,,,,destabilizing,0.016,,,,,,,,
358,,,,,,,,,,,,,,,,,many,0.019,,,apply,0.018,,,,,developed,0.016,,,,,,,,
359,,,,,,,,,,,,,,,,,miller,0.019,,,around,0.018,,,,,earn,0.016,,,,,,,,
360,,,,,,,,,,,,,,,,,pattern,0.019,,,attempt,0.018,,,,,especially,0.016,,,,,,,,
361,,,,,,,,,,,,,,,,,policy,0.019,,,better,0.018,,,,,except,0.016,,,,,,,,
362,,,,,,,,,,,,,,,,,rather,0.019,,,characteristic,0.018,,,,,expectation,0.016,,,,,,,,
363,,,,,,,,,,,,,,,,,sample,0.019,,,concentrated,0.018,,,,,expenditure,0.016,,,,,,,,
364,,,,,,,,,,,,,,,,,strong,0.019,,,consider,0.018,,,,,fails,0.016,,,,,,,,
365,,,,,,,,,,,,,,,,,structure,0.019,,,constant,0.018,,,,,first,0.016,,,,,,,,
366,,,,,,,,,,,,,,,,,yield,0.019,,,construct,0.018,,,,,formation,0.016,,,,,,,,
367,,,,,,,,,,,,,,,,,also,0.017,,,correlation,0.018,,,,,fundamentally,0.016,,,,,,,,
368,,,,,,,,,,,,,,,,,appear,0.017,,,date,0.018,,,,,going,0.016,,,,,,,,
369,,,,,,,,,,,,,,,,,based,0.017,,,determined,0.018,,,,,good,0.016,,,,,,,,
370,,,,,,,,,,,,,,,,,change,0.017,,,develops,0.018,,,,,green,0.016,,,,,,,,
371,,,,,,,,,,,,,,,,,consistent,0.017,,,directly,0.018,,,,,group,0.016,,,,,,,,
372,,,,,,,,,,,,,,,,,corporate,0.017,,,effective,0.018,,,,,hand,0.016,,,,,,,,
373,,,,,,,,,,,,,,,,,cross,0.017,,,excess,0.018,,,,,hirshleifer,0.016,,,,,,,,
374,,,,,,,,,,,,,,,,,explanation,0.017,,,explained,0.018,,,,,hodrick,0.016,,,,,,,,
375,,,,,,,,,,,,,,,,,observed,0.017,,,form,0.018,,,,,iii,0.016,,,,,,,,
376,,,,,,,,,,,,,,,,,one,0.017,,,framework,0.018,,,,,implies,0.016,,,,,,,,
377,,,,,,,,,,,,,,,,,provide,0.017,,,free,0.018,,,,,international,0.016,,,,,,,,
378,,,,,,,,,,,,,,,,,significant,0.017,,,greater,0.018,,,,,interpretation,0.016,,,,,,,,
379,,,,,,,,,,,,,,,,,size,0.017,,,hold,0.018,,,,,investing,0.016,,,,,,,,
380,,,,,,,,,,,,,,,,,test,0.017,,,however,0.018,,,,,largely,0.016,,,,,,,,
381,,,,,,,,,,,,,,,,,wealth,0.017,,,industry,0.018,,,,,like,0.016,,,,,,,,
382,,,,,,,,,,,,,,,,,whether,0.017,,,likely,0.018,,,,,managerial,0.016,,,,,,,,
383,,,,,,,,,,,,,,,,,cost,0.016,,,loss,0.018,,,,,matched,0.016,,,,,,,,
384,,,,,,,,,,,,,,,,,factor,0.016,,,make,0.018,,,,,measuring,0.016,,,,,,,,
385,,,,,,,,,,,,,,,,,investment,0.016,,,moreover,0.018,,,,,news,0.016,,,,,,,,
386,,,,,,,,,,,,,,,,,optimal,0.016,,,number,0.018,,,,,outcome,0.016,,,,,,,,
387,,,,,,,,,,,,,,,,,pricing,0.016,,,origin,0.018,,,,,passive,0.016,,,,,,,,
388,,,,,,,,,,,,,,,,,result,0.016,,,part,0.018,,,,,phenomenon,0.016,,,,,,,,
389,,,,,,,,,,,,,,,,,study,0.016,,,process,0.018,,,,,poor,0.016,,,,,,,,
390,,,,,,,,,,,,,,,,,empirical,0.014,,,profit,0.018,,,,,population,0.016,,,,,,,,
391,,,,,,,,,,,,,,,,,performance,0.014,,,question,0.018,,,,,possible,0.016,,,,,,,,
392,,,,,,,,,,,,,,,,,investor,0.013,,,section,0.018,,,,,premia,0.016,,,,,,,,
393,,,,,,,,,,,,,,,,,risk,0.012,,,similar,0.018,,,,,previous,0.016,,,,,,,,
394,,,,,,,,,,,,,,,,,,,,,strategy,0.018,,,,,professional,0.016,,,,,,,,
395,,,,,,,,,,,,,,,,,,,,,suggest,0.018,,,,,profitability,0.016,,,,,,,,
396,,,,,,,,,,,,,,,,,,,,,support,0.018,,,,,provides,0.016,,,,,,,,
397,,,,,,,,,,,,,,,,,,,,,turn,0.018,,,,,received,0.016,,,,,,,,
398,,,,,,,,,,,,,,,,,,,,,united,0.018,,,,,reduce,0.016,,,,,,,,
399,,,,,,,,,,,,,,,,,,,,,agent,0.017,,,,,regularity,0.016,,,,,,,,
400,,,,,,,,,,,,,,,,,,,,,article,0.017,,,,,reproduces,0.016,,,,,,,,
401,,,,,,,,,,,,,,,,,,,,,call,0.017,,,,,research,0.016,,,,,,,,
402,,,,,,,,,,,,,,,,,,,,,difference,0.017,,,,,sold,0.016,,,,,,,,
403,,,,,,,,,,,,,,,,,,,,,examine,0.017,,,,,strongest,0.016,,,,,,,,
404,,,,,,,,,,,,,,,,,,,,,holding,0.017,,,,,suboptimal,0.016,,,,,,,,
405,,,,,,,,,,,,,,,,,,,,,measured,0.017,,,,,summer,0.016,,,,,,,,
406,,,,,,,,,,,,,,,,,,,,,miller,0.017,,,,,technology,0.016,,,,,,,,
407,,,,,,,,,,,,,,,,,,,,,policy,0.017,,,,,trend,0.016,,,,,,,,
408,,,,,,,,,,,,,,,,,,,,,rather,0.017,,,,,vary,0.016,,,,,,,,
409,,,,,,,,,,,,,,,,,,,,,relationship,0.017,,,,,waldmann,0.016,,,,,,,,
410,,,,,,,,,,,,,,,,,,,,,set,0.017,,,,,weakest,0.016,,,,,,,,
411,,,,,,,,,,,,,,,,,,,,,simple,0.017,,,,,action,0.014,,,,,,,,
412,,,,,,,,,,,,,,,,,,,,,yield,0.017,,,,,adjusted,0.014,,,,,,,,
413,,,,,,,,,,,,,,,,,,,,,also,0.015,,,,,apply,0.014,,,,,,,,
414,,,,,,,,,,,,,,,,,,,,,based,0.015,,,,,around,0.014,,,,,,,,
415,,,,,,,,,,,,,,,,,,,,,cross,0.015,,,,,attempt,0.014,,,,,,,,
416,,,,,,,,,,,,,,,,,,,,,fund,0.015,,,,,buy,0.014,,,,,,,,
417,,,,,,,,,,,,,,,,,,,,,future,0.015,,,,,cash,0.014,,,,,,,,
418,,,,,,,,,,,,,,,,,,,,,important,0.015,,,,,choice,0.014,,,,,,,,
419,,,,,,,,,,,,,,,,,,,,,interest,0.015,,,,,concentrated,0.014,,,,,,,,
420,,,,,,,,,,,,,,,,,,,,,observed,0.015,,,,,consider,0.014,,,,,,,,
421,,,,,,,,,,,,,,,,,,,,,provide,0.015,,,,,construct,0.014,,,,,,,,
422,,,,,,,,,,,,,,,,,,,,,significant,0.015,,,,,correlation,0.014,,,,,,,,
423,,,,,,,,,,,,,,,,,,,,,test,0.015,,,,,date,0.014,,,,,,,,
424,,,,,,,,,,,,,,,,,,,,,whether,0.015,,,,,develops,0.014,,,,,,,,
425,,,,,,,,,,,,,,,,,,,,,aggregate,0.014,,,,,document,0.014,,,,,,,,
426,,,,,,,,,,,,,,,,,,,,,information,0.014,,,,,dynamic,0.014,,,,,,,,
427,,,,,,,,,,,,,,,,,,,,,level,0.014,,,,,equilibrium,0.014,,,,,,,,
428,,,,,,,,,,,,,,,,,,,,,measure,0.014,,,,,excess,0.014,,,,,,,,
429,,,,,,,,,,,,,,,,,,,,,study,0.014,,,,,exploit,0.014,,,,,,,,
430,,,,,,,,,,,,,,,,,,,,,volatility,0.014,,,,,framework,0.014,,,,,,,,
431,,,,,,,,,,,,,,,,,,,,,high,0.013,,,,,free,0.014,,,,,,,,
432,,,,,,,,,,,,,,,,,,,,,period,0.013,,,,,function,0.014,,,,,,,,
433,,,,,,,,,,,,,,,,,,,,,small,0.013,,,,,fundamental,0.014,,,,,,,,
434,,,,,,,,,,,,,,,,,,,,,time,0.013,,,,,informed,0.014,,,,,,,,
435,,,,,,,,,,,,,,,,,,,,,portfolio,0.012,,,,,lead,0.014,,,,,,,,
436,,,,,,,,,,,,,,,,,,,,,price,0.012,,,,,moreover,0.014,,,,,,,,
437,,,,,,,,,,,,,,,,,,,,,return,0.01,,,,,part,0.014,,,,,,,,
438,,,,,,,,,,,,,,,,,,,,,,,,,,,place,0.014,,,,,,,,
439,,,,,,,,,,,,,,,,,,,,,,,,,,,poorly,0.014,,,,,,,,
440,,,,,,,,,,,,,,,,,,,,,,,,,,,prior,0.014,,,,,,,,
441,,,,,,,,,,,,,,,,,,,,,,,,,,,puzzle,0.014,,,,,,,,
442,,,,,,,,,,,,,,,,,,,,,,,,,,,rule,0.014,,,,,,,,
443,,,,,,,,,,,,,,,,,,,,,,,,,,,selling,0.014,,,,,,,,
444,,,,,,,,,,,,,,,,,,,,,,,,,,,sensitivity,0.014,,,,,,,,
445,,,,,,,,,,,,,,,,,,,,,,,,,,,series,0.014,,,,,,,,
446,,,,,,,,,,,,,,,,,,,,,,,,,,,similar,0.014,,,,,,,,
447,,,,,,,,,,,,,,,,,,,,,,,,,,,simulation,0.014,,,,,,,,
448,,,,,,,,,,,,,,,,,,,,,,,,,,,suggest,0.014,,,,,,,,
449,,,,,,,,,,,,,,,,,,,,,,,,,,,support,0.014,,,,,,,,
450,,,,,,,,,,,,,,,,,,,,,,,,,,,unrelated,0.014,,,,,,,,
451,,,,,,,,,,,,,,,,,,,,,,,,,,,vishny,0.014,,,,,,,,
452,,,,,,,,,,,,,,,,,,,,,,,,,,,work,0.014,,,,,,,,
453,,,,,,,,,,,,,,,,,,,,,,,,,,,agent,0.013,,,,,,,,
454,,,,,,,,,,,,,,,,,,,,,,,,,,,call,0.013,,,,,,,,
455,,,,,,,,,,,,,,,,,,,,,,,,,,,dividend,0.013,,,,,,,,
456,,,,,,,,,,,,,,,,,,,,,,,,,,,driven,0.013,,,,,,,,
457,,,,,,,,,,,,,,,,,,,,,,,,,,,economic,0.013,,,,,,,,
458,,,,,,,,,,,,,,,,,,,,,,,,,,,even,0.013,,,,,,,,
459,,,,,,,,,,,,,,,,,,,,,,,,,,,examine,0.013,,,,,,,,
460,,,,,,,,,,,,,,,,,,,,,,,,,,,generate,0.013,,,,,,,,
461,,,,,,,,,,,,,,,,,,,,,,,,,,,hypothesis,0.013,,,,,,,,
462,,,,,,,,,,,,,,,,,,,,,,,,,,,measured,0.013,,,,,,,,
463,,,,,,,,,,,,,,,,,,,,,,,,,,,policy,0.013,,,,,,,,
464,,,,,,,,,,,,,,,,,,,,,,,,,,,rather,0.013,,,,,,,,
465,,,,,,,,,,,,,,,,,,,,,,,,,,,sell,0.013,,,,,,,,
466,,,,,,,,,,,,,,,,,,,,,,,,,,,simple,0.013,,,,,,,,
467,,,,,,,,,,,,,,,,,,,,,,,,,,,structure,0.013,,,,,,,,
468,,,,,,,,,,,,,,,,,,,,,,,,,,,trading,0.013,,,,,,,,
469,,,,,,,,,,,,,,,,,,,,,,,,,,,appear,0.012,,,,,,,,
470,,,,,,,,,,,,,,,,,,,,,,,,,,,flow,0.012,,,,,,,,
471,,,,,,,,,,,,,,,,,,,,,,,,,,,interest,0.012,,,,,,,,
472,,,,,,,,,,,,,,,,,,,,,,,,,,,lower,0.012,,,,,,,,
473,,,,,,,,,,,,,,,,,,,,,,,,,,,one,0.012,,,,,,,,
474,,,,,,,,,,,,,,,,,,,,,,,,,,,related,0.012,,,,,,,,
475,,,,,,,,,,,,,,,,,,,,,,,,,,,wealth,0.012,,,,,,,,
476,,,,,,,,,,,,,,,,,,,,,,,,,,,individual,0.011,,,,,,,,
477,,,,,,,,,,,,,,,,,,,,,,,,,,,large,0.011,,,,,,,,
478,,,,,,,,,,,,,,,,,,,,,,,,,,,level,0.011,,,,,,,,
479,,,,,,,,,,,,,,,,,,,,,,,,,,,liquidity,0.011,,,,,,,,
480,,,,,,,,,,,,,,,,,,,,,,,,,,,data,0.01,,,,,,,,
481,,,,,,,,,,,,,,,,,,,,,,,,,,,problem,0.01,,,,,,,,
482,,,,,,,,,,,,,,,,,,,,,,,,,,,rate,0.01,,,,,,,,
483,,,,,,,,,,,,,,,,,,,,,,,,,,,capital,0.009,,,,,,,,
