,17,17,13,13,11,11,22,22,12,12,19,19,6,6,3,3,18,18,21,21,7,7,10,10,2,2,9,9,4,4,14,14,5,5,1,1,15,15,8,8,20,20,16,16
,Term,Tfidf,Term,Tfidf,Term,Tfidf,Term,Tfidf,Term,Tfidf,Term,Tfidf,Term,Tfidf,Term,Tfidf,Term,Tfidf,Term,Tfidf,Term,Tfidf,Term,Tfidf,Term,Tfidf,Term,Tfidf,Term,Tfidf,Term,Tfidf,Term,Tfidf,Term,Tfidf,Term,Tfidf,Term,Tfidf,Term,Tfidf,Term,Tfidf
0,culture,0.495,fdi,0.391,cost,0.311,expansion,0.328,flexibility,0.407,practice,0.546,globalisation,0.44,distance,0.419,deal,0.484,born,0.28,asset,0.336,firm,0.306,internationalization,0.448,institutional,0.232,mode,0.507,culture,0.379,investment,0.303,assignment,0.519,distance,0.389,diversity,0.525,knowledge,0.283,subsidiary,0.637
1,practice,0.385,infrastructure,0.328,transaction,0.291,service,0.197,agenda,0.325,affiliate,0.303,geography,0.264,cultural,0.38,acquisition,0.305,firm,0.259,mne,0.314,country,0.26,lack,0.275,emerging,0.225,entry,0.393,cultural,0.354,facility,0.253,expatriate,0.376,spatial,0.26,interfirm,0.357,transfer,0.277,mnc,0.277
2,national,0.228,legal,0.289,management,0.256,multinationality,0.193,research,0.278,local,0.258,economic,0.198,performance,0.217,completed,0.274,international,0.234,mnes,0.295,mnes,0.231,knowledge,0.246,chinese,0.198,choice,0.357,future,0.223,entry,0.227,career,0.294,location,0.249,alliance,0.315,subsidiary,0.257,power,0.249
3,compensation,0.214,governance,0.261,capability,0.207,reliability,0.193,flexible,0.203,mncs,0.219,ownership,0.18,mode,0.185,completion,0.274,case,0.207,bundling,0.247,emerging,0.181,psychically,0.187,knowledge,0.197,cost,0.254,research,0.191,distinction,0.224,international,0.181,border,0.229,longevity,0.238,socialisation,0.251,headquarters,0.153
4,management,0.204,receive,0.246,mne,0.194,sector,0.193,sought,0.203,human,0.168,becoming,0.176,entry,0.173,border,0.252,internationalization,0.206,local,0.232,advantage,0.179,process,0.18,firm,0.188,transaction,0.237,advance,0.19,distribution,0.202,function,0.156,crossing,0.156,organizational,0.213,mncs,0.24,network,0.145
5,unit,0.165,country,0.214,theory,0.189,performance,0.185,end,0.179,among,0.156,strategy,0.169,hofstede,0.16,cross,0.252,research,0.187,market,0.225,economy,0.179,cost,0.17,institution,0.157,ownership,0.137,examine,0.166,choice,0.186,development,0.151,heterogeneity,0.156,partner,0.19,mechanism,0.225,federative,0.139
6,congruence,0.162,amount,0.164,multinational,0.181,degree,0.184,business,0.154,corporation,0.146,closely,0.141,national,0.153,likelihood,0.206,study,0.187,complementary,0.218,international,0.166,close,0.165,research,0.153,factor,0.128,review,0.157,internalization,0.172,corporate,0.129,subnational,0.156,dimension,0.151,expatriate,0.201,mandate,0.139
7,hofstede,0.143,estimated,0.164,perspective,0.161,international,0.175,product,0.149,difference,0.137,increasingly,0.141,choice,0.133,institutional,0.174,global,0.172,entry,0.197,disadvantage,0.155,psychic,0.165,outward,0.151,venture,0.128,art,0.139,joint,0.172,gtm,0.118,effect,0.149,learning,0.142,impact,0.201,knowledge,0.137
8,work,0.137,received,0.164,bartlett,0.152,internationalization,0.173,market,0.139,resource,0.129,location,0.141,international,0.131,announced,0.137,social,0.172,centric,0.165,investment,0.147,perceived,0.15,government,0.149,firm,0.119,bhagat,0.139,production,0.161,talent,0.118,construct,0.132,strategic,0.134,inter,0.201,seeking,0.111
9,financial,0.129,recipient,0.164,ghoshal,0.152,shaped,0.17,government,0.138,management,0.116,challenge,0.129,experience,0.13,duration,0.137,early,0.171,model,0.15,asset,0.144,firm,0.129,economy,0.139,market,0.105,breaking,0.139,foreign,0.158,role,0.116,within,0.132,global,0.127,mnc,0.201,contributor,0.104
10,proposition,0.129,stage,0.156,enterprise,0.146,firm,0.16,buckley,0.129,consistency,0.115,international,0.127,parent,0.13,difference,0.123,smes,0.151,equity,0.145,developed,0.134,distance,0.128,business,0.132,based,0.102,buchan,0.139,emphasized,0.127,abroad,0.104,enterprise,0.125,cooperation,0.119,unit,0.171,intra,0.104
11,human,0.119,system,0.156,strategic,0.143,measuring,0.154,multinational,0.121,isomorphism,0.115,market,0.12,relationship,0.125,formal,0.121,network,0.142,whether,0.131,developing,0.129,evaluation,0.125,resource,0.123,meta,0.101,characterizing,0.139,encompassing,0.127,management,0.104,mnes,0.124,correctly,0.119,corporation,0.16,rent,0.104
12,performance,0.116,determinant,0.147,dynamic,0.138,negative,0.154,international,0.11,nohria,0.115,research,0.12,cross,0.12,informal,0.121,entrepreneurial,0.138,mode,0.112,expansion,0.12,sequence,0.125,fdi,0.119,joint,0.098,erez,0.139,extends,0.127,issue,0.099,international,0.113,dynamically,0.119,management,0.127,specialized,0.104
13,find,0.11,government,0.112,international,0.129,stage,0.123,future,0.108,presence,0.115,activity,0.112,study,0.118,institutionally,0.121,venture,0.123,foreign,0.102,perspective,0.112,entry,0.112,ijv,0.117,financial,0.091,experimental,0.139,franchising,0.127,bear,0.088,discontinuity,0.104,maintenance,0.119,barner,0.126,local,0.098
14,dimension,0.103,investment,0.098,based,0.121,data,0.115,achievement,0.102,rosenzweig,0.115,decision,0.112,foreign,0.113,moderate,0.101,entrepreneurship,0.121,accessible,0.082,business,0.107,experiential,0.11,ofdi,0.117,study,0.087,leung,0.139,geringer,0.127,bee,0.088,operates,0.104,parkhe,0.119,boyacigiller,0.126,world,0.094
15,four,0.103,direct,0.092,develops,0.112,suggests,0.109,attracted,0.102,sharp,0.115,mnes,0.105,venture,0.092,effect,0.099,capability,0.117,arbitraging,0.082,shift,0.106,improve,0.11,market,0.113,performance,0.082,path,0.139,greenfield,0.127,bumble,0.088,space,0.104,robust,0.119,finnish,0.126,bargaining,0.092
16,question,0.103,achieve,0.082,internalization,0.104,relationship,0.103,cave,0.102,communication,0.101,present,0.105,diversification,0.091,service,0.093,theorising,0.114,assume,0.082,springboard,0.106,paradox,0.11,acquisition,0.111,non,0.076,pinpointing,0.139,hebert,0.127,expatriation,0.088,subjective,0.104,theorist,0.119,hypothesised,0.126,influence,0.088
17,firm,0.101,econometric,0.082,scholar,0.104,alpha,0.096,corresponding,0.102,composed,0.101,community,0.088,difference,0.087,environment,0.082,market,0.089,brownfields,0.082,choice,0.103,evidence,0.092,international,0.111,transition,0.076,precision,0.139,indigenous,0.127,spider,0.088,analysis,0.095,adaptation,0.105,rasmussen,0.126,business,0.079
18,resource,0.091,english,0.082,book,0.102,coefficient,0.096,golden,0.102,dependence,0.101,consumption,0.088,positive,0.087,experience,0.082,dynamic,0.088,commitment,0.082,home,0.103,model,0.085,china,0.105,determine,0.069,surrounding,0.139,industrial,0.127,staffing,0.088,research,0.095,argued,0.105,specifying,0.126,strategic,0.078
19,impact,0.086,equation,0.082,bound,0.102,contractor,0.096,hallmark,0.102,differentiated,0.101,deepening,0.088,joint,0.086,industry,0.082,knight,0.086,dragon,0.082,direct,0.099,tested,0.085,foreign,0.103,theoretical,0.068,implication,0.127,overlooked,0.127,emerging,0.086,country,0.09,delineate,0.105,utilising,0.126,flow,0.076
20,specific,0.086,estimation,0.082,incorporated,0.102,frequency,0.096,modelling,0.102,follow,0.101,differential,0.088,border,0.08,institution,0.082,mcdougall,0.086,efficiency,0.082,resource,0.099,country,0.081,cee,0.102,model,0.065,convergence,0.123,practical,0.127,control,0.083,firm,0.086,failed,0.105,agency,0.111,provides,0.076
21,accepted,0.081,fail,0.082,solution,0.102,hsu,0.096,modern,0.102,founding,0.101,finely,0.088,corruption,0.08,learning,0.082,mediating,0.086,footprint,0.082,export,0.093,company,0.079,ijvs,0.102,foreign,0.059,divergence,0.123,rival,0.127,global,0.078,characteristic,0.083,multilevel,0.105,bjorkman,0.111,base,0.069
22,admonition,0.081,free,0.082,transnational,0.102,initially,0.096,occurred,0.102,hrm,0.101,fitted,0.088,framework,0.076,organizational,0.082,oviatt,0.086,greenfields,0.082,venturing,0.093,researcher,0.079,theory,0.097,internalization,0.059,gibson,0.123,strategy,0.121,informal,0.078,include,0.083,systematically,0.105,compensation,0.111,birkinshaw,0.069
23,analogous,0.081,freedom,0.082,advantage,0.097,instrumental,0.096,predominates,0.102,influenced,0.101,formidable,0.088,culture,0.074,past,0.082,knowledge,0.085,hennart,0.082,activity,0.09,critical,0.075,study,0.095,empirical,0.058,innovative,0.123,market,0.116,alternative,0.07,multi,0.083,unified,0.105,comprehensive,0.111,configurational,0.069
24,congruent,0.081,given,0.082,governance,0.097,inverted,0.096,rationalization,0.102,japanese,0.101,ghauri,0.088,affect,0.072,business,0.078,role,0.085,implicitly,0.082,institutional,0.09,difference,0.075,perspective,0.093,analytical,0.057,novel,0.123,model,0.116,perceived,0.07,weakness,0.083,effectiveness,0.095,headquarters,0.111,heterarchy,0.069
25,fit,0.081,globerman,0.082,framework,0.091,kundu,0.096,reviewed,0.102,shaped,0.101,intention,0.088,business,0.068,national,0.077,field,0.082,interesting,0.082,foreign,0.088,based,0.074,state,0.093,artifact,0.057,rarely,0.123,extending,0.112,explored,0.065,business,0.079,emergence,0.095,interdependence,0.111,implementers,0.069
26,newman,0.081,ineffective,0.082,ass,0.09,linear,0.096,running,0.102,suggesting,0.101,intertwined,0.088,result,0.067,well,0.077,decade,0.079,match,0.082,internationalization,0.084,hypothesis,0.07,strategy,0.091,contingency,0.057,stimulate,0.123,feature,0.112,form,0.065,dunning,0.076,integrate,0.095,theory,0.104,independence,0.069
27,nollen,0.081,law,0.082,demonstrate,0.09,nine,0.096,steam,0.102,together,0.101,labour,0.088,psychic,0.064,international,0.074,phenomenon,0.079,owner,0.082,unique,0.084,show,0.067,ownership,0.089,extended,0.057,underlying,0.123,integrated,0.112,inc,0.065,particular,0.076,previous,0.095,chinese,0.1,corporation,0.066
28,plan,0.081,legislation,0.082,even,0.09,positivistic,0.096,think,0.102,canadian,0.091,led,0.088,step,0.064,abandonment,0.069,business,0.073,predict,0.082,market,0.08,two,0.067,capacity,0.088,outperform,0.057,avenue,0.111,licensing,0.112,reserved,0.065,unit,0.071,typology,0.095,explore,0.1,strong,0.066
29,program,0.081,minimum,0.082,integrated,0.09,proposes,0.096,western,0.102,closely,0.091,maker,0.088,expansion,0.062,additionally,0.069,foreign,0.072,reason,0.082,competitive,0.077,actually,0.062,tacit,0.088,whose,0.057,finally,0.111,presented,0.112,country,0.064,value,0.071,develops,0.087,managing,0.1,within,0.066
30,rogovsky,0.081,probability,0.082,necessary,0.09,realized,0.096,enterprise,0.098,expatriate,0.091,moral,0.088,find,0.062,announcement,0.069,future,0.069,traded,0.082,global,0.075,addressing,0.062,investment,0.087,advantage,0.055,state,0.111,special,0.112,study,0.064,activity,0.066,moderate,0.087,multinational,0.1,model,0.063
31,rome,0.081,regulation,0.082,rugman,0.09,return,0.096,age,0.09,force,0.091,optimum,0.088,value,0.062,dikova,0.069,journal,0.069,transactional,0.082,location,0.075,andersen,0.062,parent,0.082,effect,0.055,usefulness,0.111,subcontracting,0.112,practice,0.06,become,0.066,related,0.081,organisational,0.1,able,0.061
32,schuler,0.081,restricted,0.082,work,0.086,sigmoid,0.096,attempt,0.09,input,0.091,pace,0.088,acquisition,0.058,pre,0.069,accelerated,0.065,unilaterally,0.082,fdi,0.072,attempted,0.062,mnes,0.078,institutional,0.055,business,0.105,venturing,0.112,right,0.06,different,0.062,yet,0.081,complexity,0.092,considerable,0.061
33,spread,0.081,rooted,0.082,casson,0.081,slope,0.096,discipline,0.09,multinational,0.091,questioning,0.088,chinese,0.058,sahib,0.069,article,0.065,able,0.073,ownership,0.072,author,0.062,based,0.075,determinant,0.051,provides,0.102,analyzing,0.101,advancement,0.059,however,0.062,critical,0.071,corporate,0.092,determined,0.061
34,implication,0.074,security,0.082,entrepreneurial,0.081,speculative,0.096,final,0.09,parent,0.091,reaction,0.088,construct,0.058,shortens,0.069,formation,0.065,anderson,0.073,big,0.07,begin,0.062,political,0.075,different,0.051,international,0.101,casson,0.101,boundaryless,0.059,mechanism,0.062,framework,0.071,flow,0.092,embedded,0.061
35,answer,0.071,shapiro,0.082,fully,0.081,spite,0.096,globalization,0.09,revealed,0.091,run,0.088,host,0.058,taken,0.069,invs,0.065,assignment,0.073,grand,0.07,behavioral,0.062,direct,0.074,entering,0.051,enhance,0.095,draw,0.101,circumstance,0.059,multinational,0.062,characteristic,0.063,objective,0.092,context,0.059
36,asian,0.071,threshold,0.082,suggested,0.081,sullivan,0.096,growth,0.09,similarity,0.091,slicing,0.088,institutional,0.058,van,0.069,management,0.065,behind,0.073,lau,0.07,canada,0.062,level,0.074,institution,0.051,several,0.095,exporting,0.101,conventional,0.059,context,0.059,impact,0.063,risk,0.092,role,0.059
37,benefit,0.071,transacting,0.082,verbeke,0.081,three,0.093,intermediate,0.09,turn,0.091,sophisticated,0.088,mne,0.058,witteloostuijn,0.069,start,0.065,determined,0.073,ldcs,0.07,ceo,0.062,view,0.074,predicted,0.051,change,0.089,fully,0.101,personal,0.059,national,0.059,important,0.06,indicate,0.086,higher,0.055
38,competing,0.071,transparency,0.082,one,0.069,capital,0.085,note,0.09,european,0.084,uniquely,0.088,research,0.058,closer,0.06,team,0.065,enter,0.073,newly,0.07,challenged,0.062,absorptive,0.073,could,0.046,construct,0.089,measuring,0.101,reassessment,0.059,well,0.059,focus,0.057,part,0.086,lower,0.055
39,function,0.071,transparent,0.082,buckley,0.065,combination,0.085,restructuring,0.09,general,0.084,conflict,0.078,variable,0.058,distant,0.06,framework,0.064,explicitly,0.073,operate,0.07,component,0.062,explicit,0.073,location,0.046,discussed,0.089,much,0.101,scullion,0.059,specific,0.055,process,0.057,tested,0.086,multinational,0.055
40,looking,0.071,unlikely,0.082,environment,0.061,conceptual,0.085,tackle,0.09,internal,0.084,defined,0.078,country,0.055,feature,0.06,develop,0.063,freely,0.073,question,0.067,confirms,0.062,pressure,0.073,relationship,0.046,researcher,0.089,option,0.101,side,0.059,abruptly,0.052,analysis,0.054,extent,0.08,organisational,0.055
41,marketplace,0.071,analysis,0.075,however,0.061,content,0.085,firm,0.084,significantly,0.084,division,0.078,empirical,0.055,increase,0.06,theory,0.063,gain,0.073,research,0.064,delineates,0.062,also,0.07,influence,0.043,method,0.083,strength,0.101,socialization,0.059,acknowledging,0.052,research,0.054,system,0.08,structural,0.055
42,raise,0.071,broad,0.072,business,0.058,detrimental,0.085,casson,0.081,addition,0.078,lesson,0.078,environment,0.054,investigate,0.06,finding,0.062,gatignon,0.073,institution,0.063,easily,0.062,enterprise,0.07,better,0.042,recent,0.083,competition,0.093,transferee,0.059,added,0.052,,,found,0.075,behavior,0.051
43,status,0.071,effective,0.072,first,0.057,highlighting,0.085,considering,0.081,degree,0.073,linking,0.078,multinationals,0.054,relatively,0.06,resource,0.061,held,0.073,alliance,0.062,easy,0.062,performance,0.07,owned,0.042,used,0.083,economics,0.093,different,0.053,agglomeration,0.052,,,however,0.075,technology,0.051
44,worldwide,0.071,procedure,0.072,global,0.054,improves,0.085,crucial,0.081,extent,0.073,matrix,0.078,revisited,0.054,study,0.06,internationalisation,0.057,initial,0.073,creation,0.062,eriksson,0.062,value,0.07,statistical,0.042,first,0.078,insight,0.093,arrangement,0.052,allowing,0.052,,,control,0.071,also,0.047
45,category,0.065,promote,0.072,location,0.054,incorporates,0.085,identifies,0.081,strong,0.073,regional,0.078,theoretical,0.054,making,0.055,internationally,0.057,looking,0.073,exploitation,0.062,executive,0.062,home,0.064,wholly,0.042,issue,0.078,organization,0.093,communication,0.052,allows,0.052,,,role,0.071,analysis,0.047
46,determine,0.065,typically,0.072,specific,0.054,intensive,0.085,since,0.081,method,0.068,represent,0.078,approach,0.052,north,0.055,investigate,0.057,oli,0.073,external,0.062,falsification,0.062,managerial,0.064,finding,0.041,important,0.07,owned,0.093,effective,0.052,appeal,0.052,,,sample,0.071,mncs,0.044
47,employee,0.065,foreign,0.068,beacon,0.051,manufacturing,0.085,challenge,0.075,view,0.064,respond,0.078,control,0.051,subsequent,0.055,small,0.057,recognize,0.073,group,0.062,familiar,0.062,impact,0.062,strategy,0.041,approach,0.067,wholly,0.093,formal,0.052,article,0.052,,,manager,0.067,thus,0.044
48,five,0.065,attribute,0.065,buttress,0.051,seventy,0.085,traditional,0.075,show,0.061,subcontracting,0.078,analysis,0.05,variation,0.055,young,0.057,relative,0.073,industrialized,0.062,lane,0.062,theoretical,0.061,analysis,0.039,effect,0.067,international,0.092,group,0.052,asymmetry,0.052,,,support,0.067,type,0.044
49,higher,0.065,common,0.065,clarity,0.051,unified,0.085,area,0.069,specific,0.061,agenda,0.07,also,0.049,behavior,0.05,explanation,0.055,see,0.073,least,0.062,lisrel,0.062,ability,0.058,examined,0.039,process,0.067,examined,0.086,context,0.05,award,0.052,,,influence,0.063,argue,0.041
50,managing,0.065,often,0.065,compatible,0.051,theory,0.08,contrast,0.069,support,0.061,basis,0.07,among,0.049,political,0.05,contribution,0.052,shared,0.073,likely,0.062,majkgard,0.062,embeddedness,0.058,country,0.037,model,0.064,acquisition,0.081,manager,0.047,beugelsdijk,0.052,,,finding,0.06,different,0.041
51,seek,0.065,property,0.065,complement,0.051,american,0.077,identified,0.069,influence,0.058,capitalism,0.07,diversity,0.048,time,0.05,existing,0.052,target,0.073,moderated,0.062,modification,0.062,emes,0.058,acquisition,0.036,,,buckley,0.081,challenge,0.043,body,0.052,,,model,0.057,key,0.039
52,social,0.065,represents,0.065,continued,0.051,assumed,0.077,response,0.069,effect,0.055,changing,0.07,environmental,0.048,addition,0.047,method,0.052,country,0.072,motivation,0.062,ogrady,0.062,evolution,0.058,although,0.036,,,decision,0.081,complexity,0.043,carefully,0.052,,,foreign,0.052,level,0.039
53,variation,0.065,condition,0.06,contract,0.051,attribute,0.077,explanation,0.065,finding,0.055,complex,0.07,global,0.048,distance,0.047,potential,0.052,call,0.066,strategic,0.059,prescriptive,0.062,country,0.057,cultural,0.036,,,venture,0.081,human,0.043,credibility,0.052,,,based,0.05,literature,0.037
54,multinational,0.064,flow,0.06,contractual,0.051,collected,0.077,factor,0.065,country,0.05,examining,0.07,company,0.046,explain,0.047,proposition,0.052,category,0.066,capitalism,0.056,prevent,0.062,activity,0.056,developed,0.036,,,determinant,0.076,organization,0.043,directionality,0.052,,,,,support,0.037
55,developing,0.059,importance,0.06,core,0.051,five,0.077,host,0.065,study,0.05,explore,0.07,decision,0.046,find,0.047,model,0.049,emergence,0.066,eclectic,0.056,retail,0.062,host,0.056,economy,0.036,,,concept,0.067,survey,0.043,discrete,0.052,,,,,actor,0.035
56,european,0.059,nature,0.06,coupled,0.051,link,0.077,question,0.065,foreign,0.047,input,0.07,developed,0.046,part,0.047,building,0.047,evolution,0.066,intensity,0.056,seven,0.062,understanding,0.056,especially,0.036,,,literature,0.067,traditional,0.043,distinguishing,0.052,,,,,adopting,0.035
57,examined,0.055,second,0.06,criticism,0.051,optimal,0.077,researcher,0.065,based,0.045,leading,0.07,dimension,0.046,doi,0.044,form,0.047,optimal,0.066,largest,0.056,sharma,0.062,global,0.054,test,0.036,,,important,0.064,transfer,0.043,entrenched,0.052,,,,,aligned,0.035
58,one,0.055,statistical,0.06,empirical,0.051,positive,0.077,term,0.065,,,making,0.07,effect,0.043,economy,0.044,time,0.047,propose,0.066,major,0.056,shortcoming,0.062,importance,0.054,measure,0.034,,,approach,0.061,tung,0.043,fine,0.052,,,,,andersson,0.035
59,ownership,0.055,including,0.056,explained,0.051,property,0.077,investment,0.061,,,number,0.07,investment,0.043,jib,0.044,also,0.044,subsequent,0.066,paradigm,0.056,successfully,0.062,policy,0.054,organizational,0.034,,,performance,0.061,advance,0.04,flaw,0.052,,,,,augment,0.035
60,across,0.051,indicate,0.056,far,0.051,remains,0.077,past,0.061,,,option,0.07,learning,0.043,journal,0.044,important,0.044,uppsala,0.066,relationship,0.056,thirty,0.062,transfer,0.054,context,0.032,,,analysis,0.058,implication,0.04,grained,0.052,,,,,balancing,0.035
61,company,0.051,right,0.056,fast,0.051,revealed,0.077,recent,0.061,,,pattern,0.07,measure,0.043,stage,0.044,allow,0.043,consider,0.06,scholarship,0.056,though,0.062,data,0.052,control,0.032,,,theory,0.053,subsidiary,0.04,hope,0.052,,,,,brannen,0.035
62,discussed,0.051,term,0.052,good,0.051,shown,0.077,direct,0.057,,,subsequent,0.07,negative,0.043,test,0.044,cavusgil,0.043,requires,0.06,seeking,0.056,unstated,0.062,different,0.052,examines,0.032,,,based,0.05,way,0.04,insufficient,0.052,,,,,chain,0.035
63,extent,0.051,examines,0.046,grown,0.051,variable,0.077,economic,0.057,,,via,0.07,provide,0.043,data,0.041,contextualisation,0.043,risk,0.06,specific,0.056,effect,0.06,organizational,0.052,resource,0.032,,,business,0.048,company,0.037,intrinsic,0.052,,,,,competency,0.035
64,generally,0.051,first,0.046,informed,0.051,beyond,0.071,key,0.057,,,business,0.067,set,0.043,context,0.039,coviello,0.043,contrast,0.056,article,0.053,three,0.06,sale,0.051,sample,0.032,,,,,discus,0.037,locate,0.052,,,,,competitiveness,0.035
65,operation,0.051,result,0.044,known,0.051,scale,0.071,work,0.057,,,consequence,0.065,significant,0.043,economic,0.039,emergent,0.043,expansion,0.056,challenge,0.052,analysis,0.057,special,0.051,using,0.032,,,,,foreign,0.037,loved,0.052,,,,,configuration,0.035
66,understanding,0.051,two,0.044,leadership,0.051,statistical,0.071,literature,0.054,,,development,0.065,sample,0.041,hypothesis,0.039,establishment,0.043,internalization,0.056,condition,0.052,center,0.055,joint,0.05,impact,0.031,,,,,help,0.037,maintaining,0.052,,,,,configured,0.035
67,associated,0.048,important,0.041,misguided,0.051,validity,0.066,location,0.054,,,owned,0.065,strategic,0.041,using,0.039,exchange,0.043,acquisition,0.052,corporate,0.052,conclusion,0.055,economic,0.049,international,0.031,,,,,system,0.037,merit,0.052,,,,,confirmed,0.035
68,found,0.048,focus,0.039,moving,0.051,yet,0.066,article,0.051,,,policy,0.065,using,0.041,concept,0.037,founder,0.043,advantage,0.052,operating,0.052,criterion,0.055,effect,0.049,literature,0.031,,,,,argue,0.035,modified,0.052,,,,,connectedly,0.035
69,method,0.048,process,0.039,observed,0.051,construct,0.061,empirical,0.051,,,political,0.065,evidence,0.04,influence,0.035,inductive,0.043,doi,0.052,phenomenon,0.052,describe,0.055,agenda,0.047,result,0.031,,,,,difference,0.035,nachum,0.052,,,,,contributing,0.035
70,using,0.046,market,0.037,prong,0.051,discus,0.061,focus,0.049,,,wholly,0.065,importance,0.04,focus,0.033,medium,0.043,host,0.052,product,0.052,distant,0.055,central,0.047,show,0.031,,,,,many,0.035,offering,0.052,,,,,corroded,0.035
71,global,0.043,,,reasoning,0.051,factor,0.061,three,0.049,,,area,0.06,political,0.04,process,0.033,orientation,0.043,jib,0.052,risk,0.052,even,0.055,eastern,0.047,adapt,0.029,,,,,mechanism,0.035,open,0.052,,,,,creative,0.035
72,support,0.043,,,relevance,0.051,four,0.061,model,0.046,,,dynamic,0.06,time,0.04,based,0.027,oriented,0.043,journal,0.052,towards,0.052,follow,0.055,europe,0.047,adequacy,0.029,,,,,multinational,0.035,overlook,0.052,,,,,designed,0.035
73,article,0.041,,,schism,0.051,generally,0.061,foreign,0.042,,,fdi,0.06,impact,0.039,,,pluralist,0.043,operation,0.052,among,0.048,functioning,0.055,geographic,0.047,agarwal,0.029,,,,,organizational,0.035,oversimplify,0.052,,,,,dilemma,0.035
74,finding,0.039,,,school,0.051,greater,0.061,based,0.04,,,government,0.06,scholar,0.037,,,rapid,0.043,different,0.049,capability,0.048,johanson,0.055,relationship,0.047,agent,0.029,,,,,suggest,0.035,pay,0.052,,,,,empirical,0.035
75,focus,0.039,,,seen,0.051,mncs,0.061,,,,,including,0.06,association,0.036,,,remain,0.043,experience,0.049,discus,0.045,linking,0.055,mne,0.046,analyzes,0.029,,,,,used,0.035,placing,0.052,,,,,encourages,0.035
76,country,0.035,,,somewhat,0.051,test,0.061,,,,,joint,0.06,barkema,0.036,,,rialp,0.043,increasing,0.049,mne,0.045,manage,0.055,thus,0.046,beamish,0.029,,,,,resource,0.033,random,0.052,,,,,exercise,0.035
77,based,0.032,,,superb,0.051,difference,0.058,,,,,unit,0.06,choosing,0.036,,,understand,0.043,internationalization,0.049,argue,0.042,necessarily,0.055,contextual,0.044,centrally,0.029,,,,,strategic,0.033,recognizes,0.052,,,,,exploit,0.035
78,,,,,sustained,0.051,industry,0.058,,,,,across,0.056,comparing,0.036,,,jib,0.041,control,0.046,found,0.042,order,0.055,crossvergence,0.044,classified,0.029,,,,,view,0.033,redressing,0.052,,,,,externally,0.035
79,,,,,teece,0.051,measure,0.058,,,,,buckley,0.056,dutch,0.036,,,offer,0.041,view,0.046,industry,0.042,performed,0.055,entry,0.044,combined,0.029,,,,,concept,0.031,render,0.052,,,,,federation,0.035
80,,,,,transformational,0.051,recent,0.058,,,,,change,0.056,dyadic,0.036,,,performance,0.041,characteristic,0.044,suggest,0.042,previously,0.055,environment,0.044,conclusive,0.029,,,,,show,0.031,restoring,0.052,,,,,fold,0.035
81,,,,,useful,0.051,hypothesis,0.054,,,,,four,0.056,euclidean,0.036,,,perspective,0.041,location,0.044,sample,0.04,principle,0.055,escape,0.044,determining,0.029,,,,,article,0.03,scenario,0.052,,,,,forsgren,0.035
82,,,,,approach,0.049,knowledge,0.054,,,,,production,0.056,exploration,0.036,,,process,0.041,specific,0.044,impact,0.037,united,0.055,evolutionary,0.044,employed,0.029,,,,,academic,0.029,schomaker,0.052,,,,,fruitful,0.035
83,,,,,strategy,0.049,level,0.054,,,,,term,0.056,liability,0.036,,,question,0.041,two,0.044,important,0.036,foreign,0.052,influence,0.044,equivalence,0.029,,,,,acculturation,0.029,section,0.052,,,,,gained,0.035
84,,,,,ago,0.045,concept,0.051,,,,,thus,0.056,measured,0.036,,,strategy,0.041,enterprise,0.039,advent,0.035,theory,0.052,involvement,0.044,exposure,0.029,,,,,alongside,0.029,serious,0.052,,,,,generalizable,0.035
85,,,,,background,0.045,result,0.051,,,,,understanding,0.056,multidimensional,0.036,,,analysis,0.039,implication,0.038,aggressive,0.035,assumed,0.05,logic,0.044,extensively,0.029,,,,,altered,0.029,stemming,0.052,,,,,grounded,0.035
86,,,,,come,0.045,empirical,0.049,,,,,venture,0.056,outsidership,0.036,,,argue,0.039,study,0.036,aggressively,0.035,assumption,0.05,odi,0.044,generalize,0.029,,,,,aware,0.029,strengthen,0.052,,,,,hierarchy,0.035
87,,,,,complete,0.045,effect,0.046,,,,,institution,0.053,predictor,0.036,,,data,0.039,firm,0.034,arising,0.035,canadian,0.05,relational,0.044,generates,0.029,,,,,brewster,0.029,trace,0.052,,,,,holm,0.035
88,,,,,currently,0.045,analysis,0.044,,,,,control,0.05,stimulus,0.036,,,entry,0.039,theory,0.034,benischke,0.035,choose,0.05,russia,0.044,imperfect,0.029,,,,,collings,0.029,undeniable,0.052,,,,,implementer,0.035
89,,,,,differentiated,0.045,implication,0.044,,,,,examines,0.05,subunit,0.036,,,found,0.039,multinational,0.033,bruton,0.035,drawn,0.05,triad,0.044,inconsistent,0.029,,,,,commuter,0.029,undertake,0.052,,,,,implicit,0.035
90,,,,,distinction,0.045,research,0.044,,,,,issue,0.05,trade,0.036,,,mechanism,0.039,business,0.031,buying,0.035,identifies,0.05,need,0.043,ingredient,0.029,,,,,considers,0.029,vast,0.052,,,,,induced,0.035
91,,,,,extend,0.045,study,0.042,,,,,key,0.05,economy,0.035,,,organizational,0.039,international,0.03,cazurra,0.035,individual,0.05,rather,0.043,interested,0.029,,,,,continue,0.029,vista,0.052,,,,,managerialism,0.035
92,,,,,extending,0.045,based,0.038,,,,,local,0.05,factor,0.035,,,present,0.039,,,characterize,0.035,marketing,0.05,role,0.041,logistic,0.029,,,,,conventionally,0.029,winning,0.052,,,,,morrison,0.035
93,,,,,functioning,0.045,,,,,,,national,0.05,journal,0.035,,,behaviour,0.038,,,comparison,0.035,methodological,0.05,asset,0.04,mixed,0.029,,,,,cope,0.029,without,0.052,,,,,navarra,0.035
94,,,,,incorporates,0.045,,,,,,,review,0.05,make,0.035,,,benefit,0.038,,,compel,0.035,proposed,0.05,culture,0.04,moderating,0.029,,,,,cosmopolitan,0.029,zaheer,0.052,,,,,output,0.035
95,,,,,latter,0.045,,,,,,,suggests,0.05,strong,0.035,,,conceptual,0.038,,,compensate,0.035,similarity,0.05,multinational,0.04,multidimensionality,0.029,,,,,deficit,0.029,appear,0.046,,,,,perpetual,0.035
96,,,,,neglected,0.045,,,,,,,well,0.05,test,0.035,,,direction,0.038,,,constructive,0.035,state,0.05,response,0.04,multinomial,0.029,,,,,detail,0.029,arguing,0.046,,,,,pointing,0.035
97,,,,,non,0.045,,,,,,,global,0.047,associated,0.032,,,innovative,0.038,,,counterpart,0.035,structural,0.05,scholar,0.04,organizing,0.029,,,,,difficulty,0.029,attention,0.046,,,,,reclaiming,0.035
98,,,,,note,0.045,,,,,,,literature,0.047,background,0.032,,,inquiry,0.038,,,cuervo,0.035,suggested,0.05,subsidiary,0.04,origin,0.029,,,,,employer,0.029,build,0.046,,,,,risen,0.035
99,,,,,occur,0.045,,,,,,,manager,0.047,brouthers,0.032,,,internationalize,0.038,,,distribute,0.035,tend,0.05,address,0.039,partially,0.029,,,,,engineer,0.029,classic,0.046,,,,,simultaneously,0.035
100,,,,,predicted,0.045,,,,,,,relationship,0.047,consideration,0.032,,,limitation,0.038,,,district,0.035,turn,0.05,ass,0.039,perform,0.029,,,,,essential,0.029,commentary,0.046,,,,,sound,0.035
101,,,,,range,0.045,,,,,,,show,0.047,doe,0.032,,,main,0.038,,,doh,0.035,understood,0.05,capital,0.039,planned,0.029,,,,,explores,0.029,complete,0.046,,,,,suffice,0.035
102,,,,,scholarly,0.045,,,,,,,important,0.044,established,0.032,,,mean,0.038,,,due,0.035,weakness,0.05,convergence,0.039,prediction,0.029,,,,,farndale,0.029,conceptualizing,0.046,,,,,varied,0.035
103,,,,,scope,0.045,,,,,,,management,0.044,found,0.032,,,provided,0.038,,,embrace,0.035,business,0.047,debate,0.039,quantitatively,0.029,,,,,filling,0.029,considerable,0.046,,,,,whereby,0.035
104,,,,,starting,0.045,,,,,,,effect,0.042,goal,0.032,,,reveal,0.038,,,expansive,0.035,analyze,0.046,distinct,0.039,ramaswami,0.029,,,,,german,0.029,continuous,0.046,,,,,approach,0.033
105,,,,,superior,0.045,,,,,,,enterprise,0.042,incorporating,0.032,,,topic,0.038,,,gaur,0.035,around,0.046,external,0.039,reformed,0.029,,,,,get,0.029,critique,0.046,,,,,performance,0.033
106,,,,,sustain,0.045,,,,,,,finding,0.042,independent,0.032,,,issue,0.036,,,genc,0.035,moreover,0.046,hrm,0.039,regard,0.029,,,,,graduate,0.029,decide,0.046,,,,,acquired,0.031
107,,,,,together,0.045,,,,,,,firm,0.037,indicator,0.032,,,review,0.036,,,identify,0.035,operating,0.046,investigates,0.039,requirement,0.029,,,,,handling,0.029,direction,0.046,,,,,autonomy,0.031
108,,,,,firm,0.042,,,,,,,theory,0.037,institution,0.032,,,well,0.036,,,interdependency,0.035,area,0.043,meyer,0.039,respect,0.029,,,,,harzing,0.029,discipline,0.046,,,,,balance,0.031
109,,,,,another,0.041,,,,,,,multinational,0.035,internationalisation,0.032,,,based,0.034,,,interdependent,0.035,mode,0.043,motivation,0.039,select,0.029,,,,,health,0.029,distinguish,0.046,,,,,causal,0.031
110,,,,,could,0.041,,,,,,,,,larger,0.032,,,basis,0.034,,,interdisciplinary,0.035,one,0.043,peng,0.039,servicing,0.029,,,,,identifiable,0.029,drive,0.046,,,,,close,0.031
111,,,,,determine,0.041,,,,,,,,,limitation,0.032,,,collected,0.034,,,introduces,0.035,service,0.043,shared,0.039,setting,0.029,,,,,initiated,0.029,early,0.046,,,,,conceptualization,0.031
112,,,,,expand,0.041,,,,,,,,,majority,0.032,,,drawing,0.034,,,kumar,0.035,although,0.04,societal,0.039,sole,0.029,,,,,interacting,0.029,either,0.046,,,,,concerning,0.031
113,,,,,include,0.041,,,,,,,,,meta,0.032,,,evolution,0.034,,,latecomer,0.035,cultural,0.04,stimulate,0.039,suh,0.029,,,,,introduced,0.029,final,0.046,,,,,concludes,0.031
114,,,,,integrate,0.041,,,,,,,,,mnes,0.032,,,fundamental,0.034,,,liberalization,0.035,developed,0.04,upon,0.039,summarize,0.029,,,,,look,0.029,interface,0.046,,,,,discussion,0.031
115,,,,,possible,0.041,,,,,,,,,organizational,0.032,,,innovation,0.034,,,low,0.035,explanation,0.04,across,0.037,supporting,0.029,,,,,mail,0.029,least,0.046,,,,,division,0.031
116,,,,,proposed,0.041,,,,,,,,,paradox,0.032,,,literature,0.034,,,mediated,0.035,greater,0.04,change,0.037,unstable,0.029,,,,,metaphor,0.029,mobile,0.046,,,,,doe,0.031
117,,,,,represents,0.041,,,,,,,,,shenkar,0.032,,,major,0.034,,,meriting,0.035,help,0.04,extent,0.037,verification,0.029,,,,,miller,0.029,mudambi,0.046,,,,,end,0.031
118,,,,,scholarship,0.041,,,,,,,,,transition,0.032,,,opportunity,0.034,,,munificence,0.035,institutional,0.04,important,0.037,voluminously,0.029,,,,,mobility,0.029,multiple,0.046,,,,,facing,0.031
119,,,,,still,0.041,,,,,,,,,used,0.032,,,others,0.034,,,nie,0.035,offer,0.04,journal,0.037,woodcock,0.029,,,,,morley,0.029,neglected,0.046,,,,,incentive,0.031
120,,,,,beyond,0.037,,,,,,,,,hypothesis,0.031,,,qualitative,0.034,,,observation,0.035,operation,0.04,venture,0.037,implication,0.026,,,,,must,0.029,see,0.046,,,,,internationally,0.031
121,,,,,competitive,0.037,,,,,,,,,knowledge,0.031,,,relationship,0.034,,,organize,0.035,strong,0.04,argue,0.035,anderson,0.025,,,,,neophyte,0.029,shenkar,0.046,,,,,introduction,0.031
122,,,,,complexity,0.037,,,,,,,,,level,0.031,,,scholarship,0.034,,,parameter,0.035,type,0.04,associated,0.035,attempt,0.025,,,,,notion,0.029,spurred,0.046,,,,,linked,0.031
123,,,,,insight,0.037,,,,,,,,,review,0.031,,,seek,0.034,,,partly,0.035,environment,0.037,draw,0.035,brouthers,0.025,,,,,occupational,0.029,suffer,0.046,,,,,mudambi,0.031
124,,,,,need,0.037,,,,,,,,,well,0.031,,,set,0.034,,,peculiar,0.035,institution,0.037,framework,0.035,delineated,0.025,,,,,professional,0.029,tendency,0.046,,,,,occur,0.031
125,,,,,phenomenon,0.037,,,,,,,,,alternative,0.029,,,typology,0.034,,,poorer,0.035,learning,0.037,individual,0.035,demand,0.025,,,,,prospect,0.029,typically,0.046,,,,,organisation,0.031
126,,,,,point,0.037,,,,,,,,,assumption,0.029,,,unique,0.034,,,porosity,0.035,measure,0.037,learning,0.035,difficult,0.025,,,,,recruitment,0.029,varying,0.046,,,,,principle,0.031
127,,,,,requires,0.037,,,,,,,,,based,0.029,,,via,0.034,,,possessed,0.035,suggest,0.037,mechanism,0.035,face,0.025,,,,,reward,0.029,study,0.045,,,,,pursue,0.031
128,,,,,structure,0.037,,,,,,,,,capitalism,0.029,,,behavior,0.032,,,predictive,0.035,theoretical,0.037,mnc,0.035,gatignon,0.025,,,,,safety,0.029,analyzing,0.041,,,,,pursuit,0.031
129,,,,,technology,0.037,,,,,,,,,case,0.029,,,competitive,0.032,,,prevalent,0.035,direct,0.035,variation,0.035,hypothesized,0.025,,,,,selection,0.029,assumption,0.041,,,,,relation,0.031
130,,,,,transfer,0.037,,,,,,,,,china,0.029,,,highlight,0.032,,,propulsion,0.035,examines,0.035,context,0.033,improve,0.025,,,,,self,0.029,boundary,0.041,,,,,underlying,0.031
131,,,,,addition,0.035,,,,,,,,,eclectic,0.029,,,product,0.032,,,reappraising,0.035,sample,0.035,local,0.033,independent,0.025,,,,,sent,0.029,central,0.041,,,,,firm,0.029
132,,,,,explain,0.035,,,,,,,,,empirically,0.029,,,reserved,0.032,,,redirection,0.035,using,0.035,national,0.033,inquiry,0.025,,,,,short,0.029,changing,0.041,,,,,aspect,0.028
133,,,,,identified,0.035,,,,,,,,,five,0.029,,,suggestion,0.032,,,remedy,0.035,well,0.035,strategic,0.033,integrating,0.025,,,,,skepticism,0.029,complex,0.041,,,,,avenue,0.028
134,,,,,part,0.035,,,,,,,,,literature,0.029,,,survey,0.032,,,renaissance,0.035,concept,0.033,corporate,0.032,japanese,0.025,,,,,sparrow,0.029,considering,0.041,,,,,closely,0.028
135,,,,,related,0.035,,,,,,,,,matter,0.029,,,towards,0.032,,,renewal,0.035,impact,0.033,cross,0.032,licensing,0.025,,,,,stahl,0.029,drawing,0.041,,,,,crucial,0.028
136,,,,,become,0.032,,,,,,,,,methodological,0.029,,,approach,0.031,,,scene,0.035,manager,0.033,develop,0.032,makino,0.025,,,,,standardised,0.029,effectiveness,0.041,,,,,distribution,0.028
137,,,,,especially,0.032,,,,,,,,,number,0.029,,,enterprise,0.031,,,series,0.035,article,0.032,economics,0.032,managerial,0.025,,,,,stress,0.029,examining,0.041,,,,,fact,0.028
138,,,,,explanation,0.032,,,,,,,,,others,0.029,,,three,0.031,,,simply,0.035,empirical,0.032,form,0.032,meyer,0.025,,,,,subgroup,0.029,fact,0.041,,,,,input,0.028
139,,,,,extent,0.032,,,,,,,,,partner,0.029,,,implication,0.03,,,springboarding,0.035,influence,0.032,structure,0.032,moderated,0.025,,,,,supply,0.029,foundation,0.041,,,,,intensity,0.028
140,,,,,field,0.032,,,,,,,,,previous,0.029,,,among,0.029,,,steer,0.035,approach,0.03,advance,0.03,outcome,0.025,,,,,suutari,0.029,geographic,0.041,,,,,inter,0.028
141,,,,,help,0.032,,,,,,,,,since,0.029,,,right,0.029,,,tackling,0.035,performance,0.03,enhance,0.03,performed,0.025,,,,,tool,0.029,measurement,0.041,,,,,interest,0.028
142,,,,,make,0.032,,,,,,,,,specific,0.029,,,activity,0.027,,,taiwanese,0.035,study,0.027,expansion,0.03,previously,0.025,,,,,travel,0.029,much,0.041,,,,,investigation,0.028
143,,,,,offer,0.032,,,,,,,,,uppsala,0.029,,,advantage,0.027,,,trait,0.035,international,0.023,find,0.03,regression,0.025,,,,,trend,0.029,natural,0.041,,,,,involved,0.028
144,,,,,production,0.032,,,,,,,,,beyond,0.027,,,company,0.027,,,transformation,0.035,,,one,0.03,technological,0.025,,,,,trigger,0.029,often,0.041,,,,,much,0.028
145,,,,,increasing,0.03,,,,,,,,,consequence,0.027,,,four,0.027,,,transforming,0.035,,,world,0.03,union,0.025,,,,,underestimate,0.029,qualitative,0.041,,,,,often,0.028
146,,,,,mnes,0.03,,,,,,,,,developing,0.027,,,greater,0.027,,,underdeveloped,0.035,,,advancing,0.029,upon,0.025,,,,,unstudied,0.029,remains,0.041,,,,,place,0.028
147,,,,,network,0.03,,,,,,,,,develops,0.027,,,stage,0.027,,,vital,0.035,,,affiliation,0.029,varying,0.025,,,,,untenable,0.029,therefore,0.041,,,,,potential,0.028
148,,,,,used,0.03,,,,,,,,,flow,0.027,,,understanding,0.027,,,widening,0.035,,,application,0.029,zhao,0.025,,,,,virtual,0.029,usefulness,0.041,,,,,provide,0.028
149,,,,,issue,0.029,,,,,,,,,growing,0.027,,,examine,0.026,,,yeh,0.035,,,assessment,0.029,american,0.023,,,,,widespread,0.029,consequence,0.038,,,,,qualitative,0.028
150,,,,,level,0.029,,,,,,,,,important,0.027,,,experience,0.026,,,yiu,0.035,,,broader,0.029,available,0.023,,,,,finding,0.028,decade,0.038,,,,,reduce,0.028
151,,,,,review,0.029,,,,,,,,,operating,0.027,,,learning,0.026,,,effect,0.034,,,contribute,0.029,category,0.023,,,,,addressed,0.026,general,0.038,,,,,strength,0.028
152,,,,,suggests,0.029,,,,,,,,,owned,0.027,,,many,0.026,,,enterprise,0.034,,,converging,0.029,conducted,0.023,,,,,closer,0.026,growing,0.038,,,,,therefore,0.028
153,,,,,future,0.027,,,,,,,,,rather,0.027,,,theoretical,0.026,,,focus,0.034,,,creating,0.029,consistent,0.023,,,,,composed,0.026,idea,0.038,,,,,typology,0.028
154,,,,,manager,0.027,,,,,,,,,survey,0.027,,,used,0.026,,,strategy,0.034,,,driver,0.029,eastern,0.023,,,,,controlling,0.026,made,0.038,,,,,access,0.025
155,,,,,result,0.027,,,,,,,,,towards,0.027,,,key,0.024,,,analysis,0.032,,,economically,0.029,eclectic,0.023,,,,,coordination,0.026,moderate,0.038,,,,,better,0.025
156,,,,,article,0.026,,,,,,,,,wholly,0.027,,,strategic,0.024,,,implication,0.032,,,emerged,0.029,empirically,0.023,,,,,currently,0.026,moreover,0.038,,,,,explored,0.025
157,,,,,finding,0.024,,,,,,,,,cost,0.025,,,using,0.024,,,acquiring,0.031,,,entity,0.029,europe,0.023,,,,,demand,0.026,nature,0.038,,,,,high,0.025
158,,,,,focus,0.024,,,,,,,,,examined,0.025,,,view,0.024,,,action,0.031,,,experimentation,0.029,examining,0.023,,,,,despite,0.026,need,0.038,,,,,idea,0.025
159,,,,,performance,0.024,,,,,,,,,including,0.025,,,show,0.023,,,address,0.031,,,governmental,0.029,existing,0.023,,,,,facing,0.026,point,0.038,,,,,internal,0.025
160,,,,,three,0.024,,,,,,,,,luo,0.025,,,support,0.023,,,addressed,0.031,,,hungarian,0.029,exporting,0.023,,,,,finland,0.026,requires,0.038,,,,,international,0.025
161,,,,,model,0.023,,,,,,,,,model,0.025,,,two,0.023,,,affiliated,0.031,,,ideology,0.029,highly,0.023,,,,,following,0.026,suggestion,0.038,,,,,moderate,0.025
162,,,,,country,0.022,,,,,,,,,overall,0.025,,,abundance,0.022,,,age,0.031,,,japan,0.029,include,0.023,,,,,information,0.026,traditional,0.038,,,,,objective,0.025
163,,,,,study,0.022,,,,,,,,,subsidiary,0.025,,,academy,0.022,,,appear,0.031,,,jiang,0.029,largely,0.023,,,,,interaction,0.026,asset,0.035,,,,,organization,0.025
164,,,,,,,,,,,,,,,tested,0.025,,,adopter,0.022,,,characterized,0.031,,,leg,0.029,matter,0.023,,,,,investigates,0.026,dynamic,0.035,,,,,product,0.025
165,,,,,,,,,,,,,,,although,0.023,,,advice,0.022,,,constraint,0.031,,,line,0.029,measurement,0.023,,,,,know,0.026,enhance,0.035,,,,,significantly,0.025
166,,,,,,,,,,,,,,,change,0.023,,,along,0.022,,,continuous,0.031,,,lyles,0.029,north,0.023,,,,,last,0.026,one,0.035,,,,,structure,0.025
167,,,,,,,,,,,,,,,doi,0.023,,,antecedent,0.022,,,corruption,0.031,,,misalignment,0.029,option,0.023,,,,,little,0.026,part,0.035,,,,,tung,0.025
168,,,,,,,,,,,,,,,field,0.023,,,attributed,0.022,,,critique,0.031,,,nested,0.029,previous,0.023,,,,,majority,0.026,scholar,0.035,,,,,addition,0.024
169,,,,,,,,,,,,,,,greater,0.023,,,breed,0.022,,,current,0.031,,,overseas,0.029,proposition,0.023,,,,,manage,0.026,several,0.035,,,,,asset,0.024
170,,,,,,,,,,,,,,,jib,0.023,,,built,0.022,,,decide,0.031,,,player,0.029,reduce,0.023,,,,,mobile,0.026,toward,0.035,,,,,distance,0.024
171,,,,,,,,,,,,,,,perspective,0.023,,,capture,0.022,,,delineate,0.031,,,probing,0.029,size,0.023,,,,,organisation,0.026,variety,0.035,,,,,enhance,0.024
172,,,,,,,,,,,,,,,researcher,0.023,,,chosen,0.022,,,describe,0.031,,,promotion,0.029,therefore,0.023,,,,,perception,0.026,way,0.035,,,,,indicate,0.024
173,,,,,,,,,,,,,,,system,0.023,,,commonly,0.022,,,difficult,0.031,,,proximity,0.029,variable,0.023,,,,,portfolio,0.026,world,0.035,,,,,overall,0.024
174,,,,,,,,,,,,,,,thus,0.023,,,compared,0.022,,,driven,0.031,,,rate,0.029,economics,0.021,,,,,position,0.026,across,0.033,,,,,several,0.024
175,,,,,,,,,,,,,,,transaction,0.023,,,conceptualisation,0.022,,,engage,0.031,,,rise,0.029,european,0.021,,,,,procedure,0.026,change,0.033,,,,,tested,0.024
176,,,,,,,,,,,,,,,understanding,0.023,,,conceptualising,0.022,,,explicitly,0.031,,,shed,0.029,evidence,0.021,,,,,quarter,0.026,cultural,0.033,,,,,unit,0.024
177,,,,,,,,,,,,,,,within,0.023,,,concluding,0.022,,,focusing,0.031,,,theoretically,0.029,high,0.021,,,,,questionnaire,0.026,dimension,0.033,,,,,validity,0.024
178,,,,,,,,,,,,,,,critical,0.022,,,conjecture,0.022,,,interface,0.031,,,transferred,0.029,highlight,0.021,,,,,take,0.026,doi,0.033,,,,,value,0.024
179,,,,,,,,,,,,,,,data,0.022,,,contemporary,0.022,,,intermediate,0.031,,,tripod,0.029,lead,0.021,,,,,training,0.026,explanation,0.033,,,,,variety,0.024
180,,,,,,,,,,,,,,,determinant,0.022,,,contextualised,0.022,,,limited,0.031,,,wang,0.029,moreover,0.021,,,,,willingness,0.026,factor,0.033,,,,,way,0.024
181,,,,,,,,,,,,,,,different,0.022,,,contributes,0.022,,,little,0.031,,,developed,0.028,provides,0.021,,,,,yielded,0.026,field,0.033,,,,,across,0.022
182,,,,,,,,,,,,,,,industry,0.022,,,copyright,0.022,,,longitudinal,0.031,,,dimension,0.028,significantly,0.021,,,,,theory,0.024,jib,0.033,,,,,become,0.022
183,,,,,,,,,,,,,,,internationalization,0.022,,,crown,0.022,,,makino,0.031,,,discus,0.028,suggestion,0.021,,,,,american,0.023,journal,0.033,,,,,decision,0.022
184,,,,,,,,,,,,,,,multinational,0.022,,,cutting,0.022,,,multilevel,0.031,,,doi,0.028,identified,0.02,,,,,assumed,0.023,mne,0.033,,,,,developed,0.022
185,,,,,,,,,,,,,,,network,0.022,,,date,0.022,,,oli,0.031,,,finding,0.028,luo,0.02,,,,,attribute,0.023,offer,0.033,,,,,discussed,0.022
186,,,,,,,,,,,,,,,present,0.022,,,delay,0.022,,,outside,0.031,,,help,0.028,overall,0.02,,,,,based,0.023,researcher,0.033,,,,,extent,0.022
187,,,,,,,,,,,,,,,recent,0.022,,,disadvantaged,0.022,,,overcome,0.031,,,jib,0.028,related,0.02,,,,,changing,0.023,argue,0.031,,,,,operation,0.022
188,,,,,,,,,,,,,,,suggest,0.022,,,disciplinary,0.022,,,portfolio,0.031,,,test,0.028,several,0.02,,,,,considering,0.023,examine,0.031,,,,,associated,0.021
189,,,,,,,,,,,,,,,direct,0.02,,,discrepancy,0.022,,,pursue,0.031,,,type,0.028,change,0.018,,,,,contribution,0.023,framework,0.031,,,,,data,0.021
190,,,,,,,,,,,,,,,examines,0.02,,,distinctive,0.022,,,pursuit,0.031,,,within,0.028,decision,0.018,,,,,drawn,0.023,investment,0.031,,,,,determinant,0.021
191,,,,,,,,,,,,,,,key,0.02,,,domestic,0.022,,,quality,0.031,,,analysis,0.027,degree,0.018,,,,,effectiveness,0.023,many,0.031,,,,,examine,0.021
192,,,,,,,,,,,,,,,role,0.02,,,drawback,0.022,,,rarely,0.031,,,implication,0.027,discus,0.018,,,,,emergence,0.023,measure,0.031,,,,,learning,0.021
193,,,,,,,,,,,,,,,work,0.02,,,edge,0.022,,,region,0.031,,,advanced,0.026,discussed,0.018,,,,,employee,0.023,past,0.031,,,,,many,0.021
194,,,,,,,,,,,,,,,future,0.019,,,efficacy,0.022,,,regulatory,0.031,,,affiliated,0.026,field,0.018,,,,,explore,0.023,theoretical,0.031,,,,,method,0.021
195,,,,,,,,,,,,,,,manager,0.019,,,efficient,0.022,,,singh,0.031,,,agency,0.026,host,0.018,,,,,facilitate,0.023,direct,0.029,,,,,recent,0.021
196,,,,,,,,,,,,,,,two,0.019,,,element,0.022,,,societal,0.031,,,complementary,0.026,make,0.018,,,,,fundamental,0.023,economic,0.029,,,,,suggest,0.021
197,,,,,,,,,,,,,,,abound,0.018,,,elli,0.022,,,step,0.031,,,constraint,0.026,system,0.018,,,,,identifies,0.023,examines,0.029,,,,,issue,0.02
198,,,,,,,,,,,,,,,absolute,0.018,,,elucidate,0.022,,,study,0.031,,,coordination,0.026,type,0.018,,,,,individual,0.023,first,0.029,,,,,resource,0.02
199,,,,,,,,,,,,,,,acquirer,0.018,,,embraced,0.022,,,suffer,0.031,,,critical,0.026,critical,0.017,,,,,involved,0.023,key,0.029,,,,,sample,0.02
200,,,,,,,,,,,,,,,add,0.018,,,enable,0.022,,,tackle,0.031,,,dependence,0.026,environment,0.017,,,,,largely,0.023,level,0.029,,,,,suggests,0.02
201,,,,,,,,,,,,,,,additional,0.018,,,engender,0.022,,,technological,0.031,,,disadvantage,0.026,examine,0.017,,,,,leading,0.023,role,0.029,,,,,view,0.02
202,,,,,,,,,,,,,,,administrative,0.018,,,exhibit,0.022,,,theorizing,0.031,,,divergence,0.026,found,0.017,,,,,major,0.023,suggests,0.029,,,,,characteristic,0.018
203,,,,,,,,,,,,,,,almost,0.018,,,existence,0.022,,,topic,0.031,,,drive,0.026,framework,0.017,,,,,making,0.023,work,0.029,,,,,management,0.018
204,,,,,,,,,,,,,,,annual,0.018,,,expanded,0.022,,,versus,0.031,,,engage,0.026,however,0.017,,,,,opportunity,0.023,concept,0.028,,,,,manager,0.018
205,,,,,,,,,,,,,,,applicable,0.018,,,expected,0.022,,,acquire,0.028,,,equity,0.026,industry,0.017,,,,,pattern,0.023,relationship,0.028,,,,,result,0.018
206,,,,,,,,,,,,,,,applied,0.018,,,experienced,0.022,,,another,0.028,,,examination,0.026,mechanism,0.017,,,,,reflect,0.023,two,0.028,,,,,two,0.018
207,,,,,,,,,,,,,,,avoid,0.018,,,explains,0.022,,,argues,0.028,,,examine,0.026,present,0.017,,,,,regarding,0.023,influence,0.026,,,,,finding,0.017
208,,,,,,,,,,,,,,,berry,0.018,,,explication,0.022,,,argument,0.028,,,exploring,0.026,suggest,0.017,,,,,revealed,0.023,focus,0.025,,,,,focus,0.017
209,,,,,,,,,,,,,,,calculate,0.018,,,exporter,0.022,,,aspect,0.028,,,found,0.026,economic,0.016,,,,,science,0.023,strategy,0.025,,,,,process,0.017
210,,,,,,,,,,,,,,,calculation,0.018,,,extant,0.022,,,boundary,0.028,,,globalization,0.026,hypothesis,0.016,,,,,similarity,0.023,implication,0.024,,,,,strategy,0.017
211,,,,,,,,,,,,,,,century,0.018,,,fischer,0.022,,,empirically,0.028,,,increase,0.026,knowledge,0.016,,,,,understood,0.023,foreign,0.022,,,,,three,0.017
212,,,,,,,,,,,,,,,challenging,0.018,,,grow,0.022,,,entrepreneurial,0.028,,,likely,0.026,local,0.016,,,,,various,0.023,theory,0.022,,,,,implication,0.016
213,,,,,,,,,,,,,,,comparative,0.018,,,guanxi,0.022,,,entrepreneurship,0.028,,,mean,0.026,review,0.016,,,,,around,0.022,,,,,,,market,0.016
214,,,,,,,,,,,,,,,compare,0.018,,,happens,0.022,,,extension,0.028,,,multiple,0.026,suggests,0.016,,,,,building,0.022,,,,,,,research,0.016
215,,,,,,,,,,,,,,,compete,0.018,,,helping,0.022,,,facilitate,0.028,,,recent,0.026,characteristic,0.015,,,,,competition,0.022,,,,,,,theory,0.014
216,,,,,,,,,,,,,,,composite,0.018,,,imply,0.022,,,finally,0.028,,,regional,0.026,concept,0.015,,,,,develop,0.022,,,,,,,,
217,,,,,,,,,,,,,,,concern,0.018,,,importing,0.022,,,force,0.028,,,regulatory,0.026,future,0.015,,,,,evidence,0.022,,,,,,,,
218,,,,,,,,,,,,,,,concrete,0.018,,,inception,0.022,,,innovation,0.028,,,relatively,0.026,specific,0.015,,,,,importance,0.022,,,,,,,,
219,,,,,,,,,,,,,,,connectedness,0.018,,,incomplete,0.022,,,integrate,0.028,,,reveal,0.026,approach,0.014,,,,,large,0.022,,,,,,,,
220,,,,,,,,,,,,,,,consolidate,0.018,,,incongruent,0.022,,,inter,0.028,,,scholarly,0.026,enterprise,0.014,,,,,might,0.022,,,,,,,,
221,,,,,,,,,,,,,,,contention,0.018,,,inform,0.022,,,investigation,0.028,,,source,0.026,process,0.014,,,,,nature,0.022,,,,,,,,
222,,,,,,,,,,,,,,,cooperate,0.018,,,internationalized,0.022,,,lower,0.028,,,specifically,0.026,three,0.014,,,,,needed,0.022,,,,,,,,
223,,,,,,,,,,,,,,,corroborated,0.018,,,internationalizing,0.022,,,marketing,0.028,,,suggest,0.026,research,0.013,,,,,point,0.022,,,,,,,,
224,,,,,,,,,,,,,,,covariance,0.018,,,interpersonal,0.022,,,mature,0.028,,,sustain,0.026,theory,0.012,,,,,policy,0.022,,,,,,,,
225,,,,,,,,,,,,,,,cumulative,0.018,,,interpretive,0.022,,,multinational,0.028,,,united,0.026,business,0.011,,,,,scale,0.022,,,,,,,,
226,,,,,,,,,,,,,,,customer,0.018,,,investigative,0.022,,,nation,0.028,,,used,0.026,multinational,0.011,,,,,second,0.022,,,,,,,,
227,,,,,,,,,,,,,,,database,0.018,,,inward,0.022,,,outward,0.028,,,using,0.025,,,,,,,significantly,0.022,,,,,,,,
228,,,,,,,,,,,,,,,deeg,0.018,,,jones,0.022,,,play,0.028,,,well,0.025,,,,,,,also,0.02,,,,,,,,
229,,,,,,,,,,,,,,,demographic,0.018,,,laid,0.022,,,propose,0.028,,,work,0.025,,,,,,,capability,0.02,,,,,,,,
230,,,,,,,,,,,,,,,description,0.018,,,late,0.022,,,reduce,0.028,,,acquire,0.023,,,,,,,cost,0.02,,,,,,,,
231,,,,,,,,,,,,,,,differentiating,0.018,,,leverage,0.022,,,regarding,0.028,,,argument,0.023,,,,,,,identified,0.02,,,,,,,,
232,,,,,,,,,,,,,,,dimensional,0.018,,,liesch,0.022,,,seek,0.028,,,characteristic,0.023,,,,,,,including,0.02,,,,,,,,
233,,,,,,,,,,,,,,,diminishes,0.018,,,ltd,0.022,,,shown,0.028,,,common,0.023,,,,,,,mode,0.02,,,,,,,,
234,,,,,,,,,,,,,,,directed,0.018,,,mantymaki,0.022,,,significant,0.028,,,contribution,0.023,,,,,,,overall,0.02,,,,,,,,
235,,,,,,,,,,,,,,,disaggregate,0.018,,,mix,0.022,,,taking,0.028,,,could,0.023,,,,,,,toward,0.02,,,,,,,,
236,,,,,,,,,,,,,,,disaggregating,0.018,,,mort,0.022,,,tend,0.028,,,drawing,0.023,,,,,,,variety,0.02,,,,,,,,
237,,,,,,,,,,,,,,,discrepant,0.018,,,namely,0.022,,,undertaken,0.028,,,entrepreneurship,0.023,,,,,,,world,0.02,,,,,,,,
238,,,,,,,,,,,,,,,disruptive,0.018,,,near,0.022,,,via,0.028,,,largest,0.023,,,,,,,corporation,0.019,,,,,,,,
239,,,,,,,,,,,,,,,dissatisfaction,0.018,,,nurtured,0.022,,,weakness,0.028,,,light,0.023,,,,,,,discussed,0.019,,,,,,,,
240,,,,,,,,,,,,,,,diversify,0.018,,,obtaining,0.022,,,whether,0.028,,,mature,0.023,,,,,,,especially,0.019,,,,,,,,
241,,,,,,,,,,,,,,,dow,0.018,,,older,0.022,,,analyze,0.026,,,opportunity,0.023,,,,,,,generally,0.019,,,,,,,,
242,,,,,,,,,,,,,,,drogendijk,0.018,,,paavilainen,0.022,,,competition,0.026,,,organisational,0.023,,,,,,,greater,0.019,,,,,,,,
243,,,,,,,,,,,,,,,dual,0.018,,,paving,0.022,,,consider,0.026,,,perceived,0.023,,,,,,,host,0.019,,,,,,,,
244,,,,,,,,,,,,,,,dynamism,0.018,,,period,0.022,,,develop,0.026,,,play,0.023,,,,,,,make,0.019,,,,,,,,
245,,,,,,,,,,,,,,,education,0.018,,,persist,0.022,,,dunning,0.026,,,propose,0.023,,,,,,,mncs,0.019,,,,,,,,
246,,,,,,,,,,,,,,,enhances,0.018,,,piekkari,0.022,,,economics,0.026,,,represents,0.023,,,,,,,offer,0.019,,,,,,,,
247,,,,,,,,,,,,,,,enhancing,0.018,,,plakoyiannaki,0.022,,,form,0.026,,,result,0.023,,,,,,,perspective,0.019,,,,,,,,
248,,,,,,,,,,,,,,,envisages,0.018,,,precede,0.022,,,growing,0.026,,,seeking,0.023,,,,,,,term,0.019,,,,,,,,
249,,,,,,,,,,,,,,,erramilli,0.018,,,precise,0.022,,,highlight,0.026,,,set,0.023,,,,,,,thus,0.019,,,,,,,,
250,,,,,,,,,,,,,,,essentially,0.018,,,prior,0.022,,,inc,0.026,,,significant,0.023,,,,,,,understanding,0.019,,,,,,,,
251,,,,,,,,,,,,,,,establishing,0.018,,,profitably,0.022,,,internal,0.026,,,social,0.023,,,,,,,within,0.019,,,,,,,,
252,,,,,,,,,,,,,,,example,0.018,,,progress,0.022,,,might,0.026,,,structural,0.023,,,,,,,associated,0.018,,,,,,,,
253,,,,,,,,,,,,,,,experiencing,0.018,,,prominent,0.022,,,need,0.026,,,support,0.023,,,,,,,data,0.018,,,,,,,,
254,,,,,,,,,,,,,,,express,0.018,,,propensity,0.022,,,needed,0.026,,,taking,0.023,,,,,,,experience,0.018,,,,,,,,
255,,,,,,,,,,,,,,,facet,0.018,,,prowess,0.022,,,particular,0.026,,,two,0.023,,,,,,,increasing,0.018,,,,,,,,
256,,,,,,,,,,,,,,,focused,0.018,,,purported,0.022,,,policy,0.026,,,unique,0.023,,,,,,,network,0.018,,,,,,,,
257,,,,,,,,,,,,,,,foreignness,0.018,,,purposefully,0.022,,,rather,0.026,,,management,0.022,,,,,,,present,0.018,,,,,,,,
258,,,,,,,,,,,,,,,geert,0.018,,,raising,0.022,,,requires,0.026,,,border,0.021,,,,,,,direct,0.017,,,,,,,,
259,,,,,,,,,,,,,,,griffith,0.018,,,rapidly,0.022,,,reserved,0.026,,,competitive,0.021,,,,,,,examines,0.017,,,,,,,,
260,,,,,,,,,,,,,,,ground,0.018,,,reference,0.022,,,tung,0.026,,,condition,0.021,,,,,,,first,0.017,,,,,,,,
261,,,,,,,,,,,,,,,guillen,0.018,,,referral,0.022,,,addition,0.024,,,decade,0.021,,,,,,,key,0.017,,,,,,,,
262,,,,,,,,,,,,,,,habib,0.018,,,reliance,0.022,,,area,0.024,,,development,0.021,,,,,,,national,0.017,,,,,,,,
263,,,,,,,,,,,,,,,hidden,0.018,,,remark,0.022,,,examined,0.024,,,high,0.021,,,,,,,work,0.017,,,,,,,,
264,,,,,,,,,,,,,,,hinders,0.018,,,requisite,0.022,,,explain,0.024,,,highlight,0.021,,,,,,,characteristic,0.016,,,,,,,,
265,,,,,,,,,,,,,,,hold,0.018,,,reuber,0.022,,,find,0.024,,,inc,0.021,,,,,,,future,0.016,,,,,,,,
266,,,,,,,,,,,,,,,hostility,0.018,,,scarce,0.022,,,government,0.024,,,objective,0.021,,,,,,,impact,0.016,,,,,,,,
267,,,,,,,,,,,,,,,hwang,0.018,,,scientific,0.022,,,luo,0.024,,,particular,0.021,,,,,,,relationship,0.016,,,,,,,,
268,,,,,,,,,,,,,,,implies,0.018,,,selling,0.022,,,response,0.024,,,phenomenon,0.021,,,,,,,support,0.016,,,,,,,,
269,,,,,,,,,,,,,,,improving,0.018,,,sensemaking,0.022,,,right,0.024,,,reserved,0.021,,,,,,,two,0.016,,,,,,,,
270,,,,,,,,,,,,,,,incongruity,0.018,,,separate,0.022,,,scholar,0.024,,,second,0.021,,,,,,,empirical,0.015,,,,,,,,
271,,,,,,,,,,,,,,,incorporation,0.018,,,similarly,0.022,,,service,0.024,,,survey,0.021,,,,,,,important,0.015,,,,,,,,
272,,,,,,,,,,,,,,,incremental,0.018,,,simple,0.022,,,several,0.024,,,technology,0.021,,,,,,,approach,0.014,,,,,,,,
273,,,,,,,,,,,,,,,incrementally,0.018,,,site,0.022,,,toward,0.024,,,three,0.021,,,,,,,enterprise,0.014,,,,,,,,
274,,,,,,,,,,,,,,,indicates,0.018,,,sized,0.022,,,way,0.024,,,among,0.02,,,,,,,performance,0.014,,,,,,,,
275,,,,,,,,,,,,,,,inefficiency,0.018,,,software,0.022,,,world,0.024,,,capability,0.02,,,,,,,strategy,0.014,,,,,,,,
276,,,,,,,,,,,,,,,inspired,0.018,,,solidarity,0.022,,,yet,0.024,,,explain,0.02,,,,,,,three,0.014,,,,,,,,
277,,,,,,,,,,,,,,,instrument,0.018,,,spirit,0.022,,,although,0.022,,,overall,0.02,,,,,,,market,0.013,,,,,,,,
278,,,,,,,,,,,,,,,intensify,0.018,,,success,0.022,,,become,0.022,,,practice,0.02,,,,,,,business,0.011,,,,,,,,
279,,,,,,,,,,,,,,,internationalising,0.018,,,sufficient,0.022,,,buckley,0.022,,,related,0.02,,,,,,,,,,,,,,,,
280,,,,,,,,,,,,,,,invariant,0.018,,,suited,0.022,,,corporation,0.022,,,right,0.02,,,,,,,,,,,,,,,,
281,,,,,,,,,,,,,,,invested,0.018,,,synthetic,0.022,,,degree,0.022,,,yet,0.02,,,,,,,,,,,,,,,,
282,,,,,,,,,,,,,,,jackson,0.018,,,tended,0.022,,,especially,0.022,,,advantage,0.019,,,,,,,,,,,,,,,,
283,,,,,,,,,,,,,,,june,0.018,,,theorise,0.022,,,generally,0.022,,,although,0.019,,,,,,,,,,,,,,,,
284,,,,,,,,,,,,,,,karunaratna,0.018,,,thinking,0.022,,,governance,0.022,,,company,0.019,,,,,,,,,,,,,,,,
285,,,,,,,,,,,,,,,kim,0.018,,,traditionally,0.022,,,make,0.022,,,corporation,0.019,,,,,,,,,,,,,,,,
286,,,,,,,,,,,,,,,kirkman,0.018,,,typical,0.022,,,production,0.022,,,cultural,0.019,,,,,,,,,,,,,,,,
287,,,,,,,,,,,,,,,landscape,0.018,,,unifying,0.022,,,stage,0.022,,,decision,0.019,,,,,,,,,,,,,,,,
288,,,,,,,,,,,,,,,language,0.018,,,unresolved,0.022,,,test,0.022,,,degree,0.019,,,,,,,,,,,,,,,,
289,,,,,,,,,,,,,,,limiting,0.018,,,ups,0.022,,,transaction,0.022,,,especially,0.019,,,,,,,,,,,,,,,,
290,,,,,,,,,,,,,,,long,0.018,,,utilisation,0.022,,,type,0.022,,,explanation,0.019,,,,,,,,,,,,,,,,
291,,,,,,,,,,,,,,,lowe,0.018,,,utilise,0.022,,,associated,0.021,,,factor,0.019,,,,,,,,,,,,,,,,
292,,,,,,,,,,,,,,,mahalanobis,0.018,,,validated,0.022,,,critical,0.021,,,four,0.019,,,,,,,,,,,,,,,,
293,,,,,,,,,,,,,,,moderator,0.018,,,valuable,0.022,,,determinant,0.021,,,question,0.019,,,,,,,,,,,,,,,,
294,,,,,,,,,,,,,,,morosini,0.018,,,weerawardena,0.022,,,environment,0.021,,,strong,0.019,,,,,,,,,,,,,,,,
295,,,,,,,,,,,,,,,neoclassical,0.018,,,welch,0.022,,,experience,0.021,,,system,0.019,,,,,,,,,,,,,,,,
296,,,,,,,,,,,,,,,ninety,0.018,,,younger,0.022,,,however,0.021,,,term,0.019,,,,,,,,,,,,,,,,
297,,,,,,,,,,,,,,,nyaw,0.018,,,zahra,0.022,,,increasing,0.021,,,transaction,0.019,,,,,,,,,,,,,,,,
298,,,,,,,,,,,,,,,operational,0.018,,,abroad,0.019,,,many,0.021,,,determinant,0.017,,,,,,,,,,,,,,,,
299,,,,,,,,,,,,,,,outlining,0.018,,,acquired,0.019,,,measure,0.021,,,industry,0.017,,,,,,,,,,,,,,,,
300,,,,,,,,,,,,,,,preference,0.018,,,ago,0.019,,,method,0.021,,,internationalization,0.017,,,,,,,,,,,,,,,,
301,,,,,,,,,,,,,,,produced,0.018,,,build,0.019,,,network,0.021,,,many,0.017,,,,,,,,,,,,,,,,
302,,,,,,,,,,,,,,,proposing,0.018,,,causal,0.019,,,past,0.021,,,past,0.017,,,,,,,,,,,,,,,,
303,,,,,,,,,,,,,,,prove,0.018,,,characterized,0.019,,,present,0.021,,,examines,0.016,,,,,,,,,,,,,,,,
304,,,,,,,,,,,,,,,providing,0.018,,,classic,0.019,,,theoretical,0.021,,,first,0.016,,,,,,,,,,,,,,,,
305,,,,,,,,,,,,,,,psychology,0.018,,,commentary,0.019,,,used,0.021,,,future,0.016,,,,,,,,,,,,,,,,
306,,,,,,,,,,,,,,,ranging,0.018,,,conceptualizing,0.019,,,context,0.02,,,hypothesis,0.016,,,,,,,,,,,,,,,,
307,,,,,,,,,,,,,,,reaching,0.018,,,conclusion,0.019,,,control,0.02,,,issue,0.016,,,,,,,,,,,,,,,,
308,,,,,,,,,,,,,,,recommendation,0.018,,,considered,0.019,,,economic,0.02,,,key,0.016,,,,,,,,,,,,,,,,
309,,,,,,,,,,,,,,,religion,0.018,,,content,0.019,,,hypothesis,0.02,,,literature,0.016,,,,,,,,,,,,,,,,
310,,,,,,,,,,,,,,,repertoire,0.018,,,create,0.019,,,issue,0.02,,,location,0.016,,,,,,,,,,,,,,,,
311,,,,,,,,,,,,,,,resolve,0.018,,,criterion,0.019,,,level,0.02,,,manager,0.016,,,,,,,,,,,,,,,,
312,,,,,,,,,,,,,,,restatement,0.018,,,deal,0.019,,,review,0.02,,,specific,0.016,,,,,,,,,,,,,,,,
313,,,,,,,,,,,,,,,revised,0.018,,,debate,0.019,,,role,0.02,,,accumulative,0.015,,,,,,,,,,,,,,,,
314,,,,,,,,,,,,,,,rigor,0.018,,,defined,0.019,,,using,0.02,,,active,0.015,,,,,,,,,,,,,,,,
315,,,,,,,,,,,,,,,rigorous,0.018,,,describes,0.019,,,view,0.02,,,actual,0.015,,,,,,,,,,,,,,,,
316,,,,,,,,,,,,,,,root,0.018,,,despite,0.019,,,well,0.02,,,adjustment,0.015,,,,,,,,,,,,,,,,
317,,,,,,,,,,,,,,,routine,0.018,,,distinct,0.019,,,characteristic,0.019,,,adopts,0.015,,,,,,,,,,,,,,,,
318,,,,,,,,,,,,,,,russell,0.018,,,distinguish,0.019,,,future,0.019,,,affected,0.015,,,,,,,,,,,,,,,,
319,,,,,,,,,,,,,,,sage,0.018,,,done,0.019,,,literature,0.019,,,allocation,0.015,,,,,,,,,,,,,,,,
320,,,,,,,,,,,,,,,sequential,0.018,,,established,0.019,,,result,0.019,,,analyse,0.015,,,,,,,,,,,,,,,,
321,,,,,,,,,,,,,,,shane,0.018,,,evolve,0.019,,,show,0.019,,,analysing,0.015,,,,,,,,,,,,,,,,
322,,,,,,,,,,,,,,,similar,0.018,,,experiential,0.019,,,support,0.019,,,analyst,0.015,,,,,,,,,,,,,,,,
323,,,,,,,,,,,,,,,six,0.018,,,experiment,0.019,,,empirical,0.018,,,antidumping,0.015,,,,,,,,,,,,,,,,
324,,,,,,,,,,,,,,,span,0.018,,,explanatory,0.019,,,influence,0.018,,,applicability,0.015,,,,,,,,,,,,,,,,
325,,,,,,,,,,,,,,,stable,0.018,,,export,0.019,,,approach,0.017,,,article,0.015,,,,,,,,,,,,,,,,
326,,,,,,,,,,,,,,,stake,0.018,,,following,0.019,,,process,0.017,,,articulated,0.015,,,,,,,,,,,,,,,,
327,,,,,,,,,,,,,,,statistically,0.018,,,founding,0.019,,,three,0.017,,,asia,0.015,,,,,,,,,,,,,,,,
328,,,,,,,,,,,,,,,substantial,0.018,,,gain,0.019,,,based,0.014,,,assist,0.015,,,,,,,,,,,,,,,,
329,,,,,,,,,,,,,,,summary,0.018,,,highlighting,0.019,,,,,,,assistance,0.015,,,,,,,,,,,,,,,,
330,,,,,,,,,,,,,,,supplier,0.018,,,incidence,0.019,,,,,,,average,0.015,,,,,,,,,,,,,,,,
331,,,,,,,,,,,,,,,surrogate,0.018,,,information,0.019,,,,,,,balanced,0.015,,,,,,,,,,,,,,,,
332,,,,,,,,,,,,,,,survival,0.018,,,integrating,0.019,,,,,,,bank,0.015,,,,,,,,,,,,,,,,
333,,,,,,,,,,,,,,,tends,0.018,,,integration,0.019,,,,,,,barrier,0.015,,,,,,,,,,,,,,,,
334,,,,,,,,,,,,,,,thereby,0.018,,,intensive,0.019,,,,,,,became,0.015,,,,,,,,,,,,,,,,
335,,,,,,,,,,,,,,,thin,0.018,,,know,0.019,,,,,,,belief,0.015,,,,,,,,,,,,,,,,
336,,,,,,,,,,,,,,,took,0.018,,,larger,0.019,,,,,,,best,0.015,,,,,,,,,,,,,,,,
337,,,,,,,,,,,,,,,topography,0.018,,,last,0.019,,,,,,,biased,0.015,,,,,,,,,,,,,,,,
338,,,,,,,,,,,,,,,treatment,0.018,,,legal,0.019,,,,,,,boe,0.015,,,,,,,,,,,,,,,,
339,,,,,,,,,,,,,,,twenty,0.018,,,manufacturing,0.019,,,,,,,breadth,0.015,,,,,,,,,,,,,,,,
340,,,,,,,,,,,,,,,unchanged,0.018,,,marketplace,0.019,,,,,,,cantwell,0.015,,,,,,,,,,,,,,,,
341,,,,,,,,,,,,,,,unidimensional,0.018,,,methodology,0.019,,,,,,,care,0.015,,,,,,,,,,,,,,,,
342,,,,,,,,,,,,,,,usefully,0.018,,,necessarily,0.019,,,,,,,cdc,0.015,,,,,,,,,,,,,,,,
343,,,,,,,,,,,,,,,utility,0.018,,,necessary,0.019,,,,,,,character,0.015,,,,,,,,,,,,,,,,
344,,,,,,,,,,,,,,,utilized,0.018,,,novel,0.019,,,,,,,clegg,0.015,,,,,,,,,,,,,,,,
345,,,,,,,,,,,,,,,utilizing,0.018,,,original,0.019,,,,,,,comparatively,0.015,,,,,,,,,,,,,,,,
346,,,,,,,,,,,,,,,vahlne,0.018,,,outside,0.019,,,,,,,competence,0.015,,,,,,,,,,,,,,,,
347,,,,,,,,,,,,,,,variance,0.018,,,positioned,0.019,,,,,,,comprised,0.015,,,,,,,,,,,,,,,,
348,,,,,,,,,,,,,,,verifiable,0.018,,,presented,0.019,,,,,,,concentration,0.015,,,,,,,,,,,,,,,,
349,,,,,,,,,,,,,,,vermeulen,0.018,,,relevant,0.019,,,,,,,conduct,0.015,,,,,,,,,,,,,,,,
350,,,,,,,,,,,,,,,versa,0.018,,,reported,0.019,,,,,,,confirming,0.015,,,,,,,,,,,,,,,,
351,,,,,,,,,,,,,,,version,0.018,,,sale,0.019,,,,,,,conform,0.015,,,,,,,,,,,,,,,,
352,,,,,,,,,,,,,,,vice,0.018,,,source,0.019,,,,,,,confronting,0.015,,,,,,,,,,,,,,,,
353,,,,,,,,,,,,,,,viewed,0.018,,,spurred,0.019,,,,,,,connects,0.015,,,,,,,,,,,,,,,,
354,,,,,,,,,,,,,,,volume,0.018,,,succeed,0.019,,,,,,,consisting,0.015,,,,,,,,,,,,,,,,
355,,,,,,,,,,,,,,,warranted,0.018,,,successful,0.019,,,,,,,constituent,0.015,,,,,,,,,,,,,,,,
356,,,,,,,,,,,,,,,web,0.018,,,superior,0.019,,,,,,,constrain,0.015,,,,,,,,,,,,,,,,
357,,,,,,,,,,,,,,,whereas,0.018,,,systematically,0.019,,,,,,,contingent,0.015,,,,,,,,,,,,,,,,
358,,,,,,,,,,,,,,,wide,0.018,,,tie,0.019,,,,,,,controlled,0.015,,,,,,,,,,,,,,,,
359,,,,,,,,,,,,,,,wrong,0.018,,,today,0.019,,,,,,,coverage,0.015,,,,,,,,,,,,,,,,
360,,,,,,,,,,,,,,,zurawicki,0.018,,,widely,0.019,,,,,,,creates,0.015,,,,,,,,,,,,,,,,
361,,,,,,,,,,,,,,,market,0.017,,,worldwide,0.019,,,,,,,creativity,0.015,,,,,,,,,,,,,,,,
362,,,,,,,,,,,,,,,process,0.017,,,zhou,0.019,,,,,,,cui,0.015,,,,,,,,,,,,,,,,
363,,,,,,,,,,,,,,,strategy,0.017,,,acquire,0.017,,,,,,,decentralized,0.015,,,,,,,,,,,,,,,,
364,,,,,,,,,,,,,,,three,0.017,,,alternative,0.017,,,,,,,demonstrating,0.015,,,,,,,,,,,,,,,,
365,,,,,,,,,,,,,,,action,0.016,,,analyzed,0.017,,,,,,,deng,0.015,,,,,,,,,,,,,,,,
366,,,,,,,,,,,,,,,advanced,0.016,,,argument,0.017,,,,,,,depend,0.015,,,,,,,,,,,,,,,,
367,,,,,,,,,,,,,,,affiliate,0.016,,,call,0.017,,,,,,,depth,0.015,,,,,,,,,,,,,,,,
368,,,,,,,,,,,,,,,aimed,0.016,,,canadian,0.017,,,,,,,derives,0.015,,,,,,,,,,,,,,,,
369,,,,,,,,,,,,,,,answer,0.016,,,china,0.017,,,,,,,design,0.015,,,,,,,,,,,,,,,,
370,,,,,,,,,,,,,,,argued,0.016,,,choose,0.017,,,,,,,dhanaraj,0.015,,,,,,,,,,,,,,,,
371,,,,,,,,,,,,,,,attention,0.016,,,conducted,0.017,,,,,,,differently,0.015,,,,,,,,,,,,,,,,
372,,,,,,,,,,,,,,,balance,0.016,,,consistent,0.017,,,,,,,dominated,0.015,,,,,,,,,,,,,,,,
373,,,,,,,,,,,,,,,comprehensive,0.016,,,crucial,0.017,,,,,,,douglas,0.015,,,,,,,,,,,,,,,,
374,,,,,,,,,,,,,,,conceptualization,0.016,,,diverse,0.017,,,,,,,dyl,0.015,,,,,,,,,,,,,,,,
375,,,,,,,,,,,,,,,conceptualized,0.016,,,expand,0.017,,,,,,,economist,0.015,,,,,,,,,,,,,,,,
376,,,,,,,,,,,,,,,concerning,0.016,,,explaining,0.017,,,,,,,elucidates,0.015,,,,,,,,,,,,,,,,
377,,,,,,,,,,,,,,,conflicting,0.016,,,exporting,0.017,,,,,,,endowment,0.015,,,,,,,,,,,,,,,,
378,,,,,,,,,,,,,,,considered,0.016,,,finally,0.017,,,,,,,enhanced,0.015,,,,,,,,,,,,,,,,
379,,,,,,,,,,,,,,,controlling,0.016,,,foundation,0.017,,,,,,,enthusiastically,0.015,,,,,,,,,,,,,,,,
380,,,,,,,,,,,,,,,create,0.016,,,higher,0.017,,,,,,,entrepreneur,0.015,,,,,,,,,,,,,,,,
381,,,,,,,,,,,,,,,creation,0.016,,,highly,0.017,,,,,,,equal,0.015,,,,,,,,,,,,,,,,
382,,,,,,,,,,,,,,,delineated,0.016,,,increasingly,0.017,,,,,,,escapism,0.015,,,,,,,,,,,,,,,,
383,,,,,,,,,,,,,,,dependent,0.016,,,interest,0.017,,,,,,,ethical,0.015,,,,,,,,,,,,,,,,
384,,,,,,,,,,,,,,,detailed,0.016,,,largest,0.017,,,,,,,evaluating,0.015,,,,,,,,,,,,,,,,
385,,,,,,,,,,,,,,,detrimental,0.016,,,light,0.017,,,,,,,evolving,0.015,,,,,,,,,,,,,,,,
386,,,,,,,,,,,,,,,done,0.016,,,link,0.017,,,,,,,excessive,0.015,,,,,,,,,,,,,,,,
387,,,,,,,,,,,,,,,either,0.016,,,marketing,0.017,,,,,,,exert,0.015,,,,,,,,,,,,,,,,
388,,,,,,,,,,,,,,,embedded,0.016,,,mature,0.017,,,,,,,expanding,0.015,,,,,,,,,,,,,,,,
389,,,,,,,,,,,,,,,enter,0.016,,,methodological,0.017,,,,,,,explicating,0.015,,,,,,,,,,,,,,,,
390,,,,,,,,,,,,,,,entering,0.016,,,multi,0.017,,,,,,,fading,0.015,,,,,,,,,,,,,,,,
391,,,,,,,,,,,,,,,examination,0.016,,,natural,0.017,,,,,,,feasibility,0.015,,,,,,,,,,,,,,,,
392,,,,,,,,,,,,,,,exploitation,0.016,,,number,0.017,,,,,,,fey,0.015,,,,,,,,,,,,,,,,
393,,,,,,,,,,,,,,,exploring,0.016,,,outward,0.017,,,,,,,foster,0.015,,,,,,,,,,,,,,,,
394,,,,,,,,,,,,,,,failed,0.016,,,partner,0.017,,,,,,,generalization,0.015,,,,,,,,,,,,,,,,
395,,,,,,,,,,,,,,,focusing,0.016,,,play,0.017,,,,,,,generation,0.015,,,,,,,,,,,,,,,,
396,,,,,,,,,,,,,,,freely,0.016,,,power,0.017,,,,,,,globally,0.015,,,,,,,,,,,,,,,,
397,,,,,,,,,,,,,,,gibson,0.016,,,reflect,0.017,,,,,,,governing,0.015,,,,,,,,,,,,,,,,
398,,,,,,,,,,,,,,,globe,0.016,,,regarding,0.017,,,,,,,han,0.015,,,,,,,,,,,,,,,,
399,,,,,,,,,,,,,,,illustrate,0.016,,,science,0.017,,,,,,,haven,0.015,,,,,,,,,,,,,,,,
400,,,,,,,,,,,,,,,improves,0.016,,,still,0.017,,,,,,,heterogeneous,0.015,,,,,,,,,,,,,,,,
401,,,,,,,,,,,,,,,incidence,0.016,,,trust,0.017,,,,,,,highlighted,0.015,,,,,,,,,,,,,,,,
402,,,,,,,,,,,,,,,increased,0.016,,,undertaken,0.017,,,,,,,historical,0.015,,,,,,,,,,,,,,,,
403,,,,,,,,,,,,,,,influencing,0.016,,,uppsala,0.017,,,,,,,history,0.015,,,,,,,,,,,,,,,,
404,,,,,,,,,,,,,,,initial,0.016,,,would,0.017,,,,,,,holt,0.015,,,,,,,,,,,,,,,,
405,,,,,,,,,,,,,,,integration,0.016,,,access,0.016,,,,,,,hong,0.015,,,,,,,,,,,,,,,,
406,,,,,,,,,,,,,,,introduction,0.016,,,analyze,0.016,,,,,,,identifying,0.015,,,,,,,,,,,,,,,,
407,,,,,,,,,,,,,,,investor,0.016,,,around,0.016,,,,,,,idiosyncratic,0.015,,,,,,,,,,,,,,,,
408,,,,,,,,,,,,,,,johanson,0.016,,,better,0.016,,,,,,,image,0.015,,,,,,,,,,,,,,,,
409,,,,,,,,,,,,,,,latter,0.016,,,condition,0.016,,,,,,,impede,0.015,,,,,,,,,,,,,,,,
410,,,,,,,,,,,,,,,lesson,0.016,,,consider,0.016,,,,,,,imperative,0.015,,,,,,,,,,,,,,,,
411,,,,,,,,,,,,,,,limit,0.016,,,cross,0.016,,,,,,,imperfection,0.015,,,,,,,,,,,,,,,,
412,,,,,,,,,,,,,,,linked,0.016,,,development,0.016,,,,,,,incumbent,0.015,,,,,,,,,,,,,,,,
413,,,,,,,,,,,,,,,longitudinal,0.016,,,develops,0.016,,,,,,,india,0.015,,,,,,,,,,,,,,,,
414,,,,,,,,,,,,,,,matrix,0.016,,,emerging,0.016,,,,,,,indirect,0.015,,,,,,,,,,,,,,,,
415,,,,,,,,,,,,,,,mostly,0.016,,,explored,0.016,,,,,,,infant,0.015,,,,,,,,,,,,,,,,
416,,,,,,,,,,,,,,,order,0.016,,,general,0.016,,,,,,,initiative,0.015,,,,,,,,,,,,,,,,
417,,,,,,,,,,,,,,,original,0.016,,,home,0.016,,,,,,,intellectual,0.015,,,,,,,,,,,,,,,,
418,,,,,,,,,,,,,,,outlined,0.016,,,inc,0.016,,,,,,,intends,0.015,,,,,,,,,,,,,,,,
419,,,,,,,,,,,,,,,overcome,0.016,,,insight,0.016,,,,,,,interconnectedness,0.015,,,,,,,,,,,,,,,,
420,,,,,,,,,,,,,,,peng,0.016,,,large,0.016,,,,,,,internalize,0.015,,,,,,,,,,,,,,,,
421,,,,,,,,,,,,,,,quality,0.016,,,lead,0.016,,,,,,,interrelationship,0.015,,,,,,,,,,,,,,,,
422,,,,,,,,,,,,,,,quarter,0.016,,,made,0.016,,,,,,,investing,0.015,,,,,,,,,,,,,,,,
423,,,,,,,,,,,,,,,questionnaire,0.016,,,might,0.016,,,,,,,isomorphic,0.015,,,,,,,,,,,,,,,,
424,,,,,,,,,,,,,,,range,0.016,,,nature,0.016,,,,,,,justification,0.015,,,,,,,,,,,,,,,,
425,,,,,,,,,,,,,,,recognize,0.016,,,objective,0.016,,,,,,,kafouros,0.015,,,,,,,,,,,,,,,,
426,,,,,,,,,,,,,,,regression,0.016,,,organization,0.016,,,,,,,kaicheng,0.015,,,,,,,,,,,,,,,,
427,,,,,,,,,,,,,,,relation,0.016,,,rather,0.016,,,,,,,lay,0.015,,,,,,,,,,,,,,,,
428,,,,,,,,,,,,,,,relative,0.016,,,structure,0.016,,,,,,,learn,0.015,,,,,,,,,,,,,,,,
429,,,,,,,,,,,,,,,relevant,0.016,,,traditional,0.016,,,,,,,lenovo,0.015,,,,,,,,,,,,,,,,
430,,,,,,,,,,,,,,,seventy,0.016,,,advance,0.015,,,,,,,leveraging,0.015,,,,,,,,,,,,,,,,
431,,,,,,,,,,,,,,,singh,0.016,,,contrast,0.015,,,,,,,lewin,0.015,,,,,,,,,,,,,,,,
432,,,,,,,,,,,,,,,small,0.016,,,culture,0.015,,,,,,,liu,0.015,,,,,,,,,,,,,,,,
433,,,,,,,,,,,,,,,sociology,0.016,,,enhance,0.015,,,,,,,looked,0.015,,,,,,,,,,,,,,,,
434,,,,,,,,,,,,,,,specifically,0.016,,,identified,0.015,,,,,,,lundan,0.015,,,,,,,,,,,,,,,,
435,,,,,,,,,,,,,,,stronger,0.016,,,including,0.015,,,,,,,mainstream,0.015,,,,,,,,,,,,,,,,
436,,,,,,,,,,,,,,,take,0.016,,,internalization,0.015,,,,,,,manner,0.015,,,,,,,,,,,,,,,,
437,,,,,,,,,,,,,,,target,0.016,,,luo,0.015,,,,,,,merely,0.015,,,,,,,,,,,,,,,,
438,,,,,,,,,,,,,,,tihanyi,0.016,,,response,0.015,,,,,,,merger,0.015,,,,,,,,,,,,,,,,
439,,,,,,,,,,,,,,,uncertainty,0.016,,,toward,0.015,,,,,,,micro,0.015,,,,,,,,,,,,,,,,
440,,,,,,,,,,,,,,,versus,0.016,,,validity,0.015,,,,,,,minbaeva,0.015,,,,,,,,,,,,,,,,
441,,,,,,,,,,,,,,,widely,0.016,,,value,0.015,,,,,,,monopoly,0.015,,,,,,,,,,,,,,,,
442,,,,,,,,,,,,,,,yielded,0.016,,,way,0.015,,,,,,,morck,0.015,,,,,,,,,,,,,,,,
443,,,,,,,,,,,,,,,zhou,0.016,,,yet,0.015,,,,,,,motivate,0.015,,,,,,,,,,,,,,,,
444,,,,,,,,,,,,,,,firm,0.015,,,although,0.014,,,,,,,multidomestic,0.015,,,,,,,,,,,,,,,,
445,,,,,,,,,,,,,,,theory,0.015,,,become,0.014,,,,,,,nafta,0.015,,,,,,,,,,,,,,,,
446,,,,,,,,,,,,,,,analyzed,0.014,,,construct,0.014,,,,,,,nelson,0.015,,,,,,,,,,,,,,,,
447,,,,,,,,,,,,,,,analyzing,0.014,,,degree,0.014,,,,,,,node,0.015,,,,,,,,,,,,,,,,
448,,,,,,,,,,,,,,,argues,0.014,,,dimension,0.014,,,,,,,normative,0.015,,,,,,,,,,,,,,,,
449,,,,,,,,,,,,,,,available,0.014,,,discussed,0.014,,,,,,,official,0.015,,,,,,,,,,,,,,,,
450,,,,,,,,,,,,,,,central,0.014,,,doi,0.014,,,,,,,offsetting,0.015,,,,,,,,,,,,,,,,
451,,,,,,,,,,,,,,,common,0.014,,,economy,0.014,,,,,,,operationalize,0.015,,,,,,,,,,,,,,,,
452,,,,,,,,,,,,,,,diverse,0.014,,,especially,0.014,,,,,,,ought,0.015,,,,,,,,,,,,,,,,
453,,,,,,,,,,,,,,,draw,0.014,,,generally,0.014,,,,,,,outline,0.015,,,,,,,,,,,,,,,,
454,,,,,,,,,,,,,,,eastern,0.014,,,governance,0.014,,,,,,,paradoxical,0.015,,,,,,,,,,,,,,,,
455,,,,,,,,,,,,,,,europe,0.014,,,help,0.014,,,,,,,park,0.015,,,,,,,,,,,,,,,,
456,,,,,,,,,,,,,,,explaining,0.014,,,operation,0.014,,,,,,,particularly,0.015,,,,,,,,,,,,,,,,
457,,,,,,,,,,,,,,,extension,0.014,,,production,0.014,,,,,,,party,0.015,,,,,,,,,,,,,,,,
458,,,,,,,,,,,,,,,fact,0.014,,,researcher,0.014,,,,,,,pedersen,0.015,,,,,,,,,,,,,,,,
459,,,,,,,,,,,,,,,financial,0.014,,,strong,0.014,,,,,,,penetration,0.015,,,,,,,,,,,,,,,,
460,,,,,,,,,,,,,,,force,0.014,,,thus,0.014,,,,,,,pivotal,0.015,,,,,,,,,,,,,,,,
461,,,,,,,,,,,,,,,fully,0.014,,,transaction,0.014,,,,,,,plausible,0.015,,,,,,,,,,,,,,,,
462,,,,,,,,,,,,,,,geographic,0.014,,,type,0.014,,,,,,,positively,0.015,,,,,,,,,,,,,,,,
463,,,,,,,,,,,,,,,innovation,0.014,,,within,0.014,,,,,,,posse,0.015,,,,,,,,,,,,,,,,
464,,,,,,,,,,,,,,,intensity,0.014,,,associated,0.013,,,,,,,potentially,0.015,,,,,,,,,,,,,,,,
465,,,,,,,,,,,,,,,light,0.014,,,critical,0.013,,,,,,,presently,0.015,,,,,,,,,,,,,,,,
466,,,,,,,,,,,,,,,lower,0.014,,,increasing,0.013,,,,,,,prevalence,0.015,,,,,,,,,,,,,,,,
467,,,,,,,,,,,,,,,measurement,0.014,,,industry,0.013,,,,,,,primary,0.015,,,,,,,,,,,,,,,,
468,,,,,,,,,,,,,,,measuring,0.014,,,past,0.013,,,,,,,principally,0.015,,,,,,,,,,,,,,,,
469,,,,,,,,,,,,,,,multi,0.014,,,recent,0.013,,,,,,,promising,0.015,,,,,,,,,,,,,,,,
470,,,,,,,,,,,,,,,nation,0.014,,,context,0.012,,,,,,,provision,0.015,,,,,,,,,,,,,,,,
471,,,,,,,,,,,,,,,paradigm,0.014,,,control,0.012,,,,,,,public,0.015,,,,,,,,,,,,,,,,
472,,,,,,,,,,,,,,,place,0.014,,,first,0.012,,,,,,,quasi,0.015,,,,,,,,,,,,,,,,
473,,,,,,,,,,,,,,,possible,0.014,,,hypothesis,0.012,,,,,,,ralston,0.015,,,,,,,,,,,,,,,,
474,,,,,,,,,,,,,,,potential,0.014,,,level,0.012,,,,,,,rationale,0.015,,,,,,,,,,,,,,,,
475,,,,,,,,,,,,,,,property,0.014,,,local,0.012,,,,,,,reflects,0.015,,,,,,,,,,,,,,,,
476,,,,,,,,,,,,,,,proposed,0.014,,,national,0.012,,,,,,,regionally,0.015,,,,,,,,,,,,,,,,
477,,,,,,,,,,,,,,,remains,0.014,,,sample,0.012,,,,,,,relate,0.015,,,,,,,,,,,,,,,,
478,,,,,,,,,,,,,,,science,0.014,,,work,0.012,,,,,,,resist,0.015,,,,,,,,,,,,,,,,
479,,,,,,,,,,,,,,,shown,0.014,,,characteristic,0.011,,,,,,,retrospective,0.015,,,,,,,,,,,,,,,,
480,,,,,,,,,,,,,,,size,0.014,,,concept,0.011,,,,,,,richard,0.015,,,,,,,,,,,,,,,,
481,,,,,,,,,,,,,,,still,0.014,,,influence,0.011,,,,,,,salk,0.015,,,,,,,,,,,,,,,,
482,,,,,,,,,,,,,,,suggested,0.014,,,location,0.011,,,,,,,sanctioned,0.015,,,,,,,,,,,,,,,,
483,,,,,,,,,,,,,,,taking,0.014,,,manager,0.011,,,,,,,saving,0.015,,,,,,,,,,,,,,,,
484,,,,,,,,,,,,,,,trust,0.014,,,result,0.011,,,,,,,schwartz,0.015,,,,,,,,,,,,,,,,
485,,,,,,,,,,,,,,,understood,0.014,,,focus,0.01,,,,,,,seemingly,0.015,,,,,,,,,,,,,,,,
486,,,,,,,,,,,,,,,usefulness,0.014,,,country,0.009,,,,,,,sensible,0.015,,,,,,,,,,,,,,,,
487,,,,,,,,,,,,,,,various,0.014,,,multinational,0.009,,,,,,,share,0.015,,,,,,,,,,,,,,,,
488,,,,,,,,,,,,,,,verbeke,0.014,,,,,,,,,,,slower,0.015,,,,,,,,,,,,,,,,
489,,,,,,,,,,,,,,,would,0.014,,,,,,,,,,,society,0.015,,,,,,,,,,,,,,,,
490,,,,,,,,,,,,,,,access,0.013,,,,,,,,,,,southeast,0.015,,,,,,,,,,,,,,,,
491,,,,,,,,,,,,,,,analyze,0.013,,,,,,,,,,,spillover,0.015,,,,,,,,,,,,,,,,
492,,,,,,,,,,,,,,,behavior,0.013,,,,,,,,,,,stakeholder,0.015,,,,,,,,,,,,,,,,
493,,,,,,,,,,,,,,,building,0.013,,,,,,,,,,,steensma,0.015,,,,,,,,,,,,,,,,
494,,,,,,,,,,,,,,,complexity,0.013,,,,,,,,,,,stem,0.015,,,,,,,,,,,,,,,,
495,,,,,,,,,,,,,,,consider,0.013,,,,,,,,,,,strand,0.015,,,,,,,,,,,,,,,,
496,,,,,,,,,,,,,,,decade,0.013,,,,,,,,,,,stream,0.015,,,,,,,,,,,,,,,,
497,,,,,,,,,,,,,,,dunning,0.013,,,,,,,,,,,substantive,0.015,,,,,,,,,,,,,,,,
498,,,,,,,,,,,,,,,high,0.013,,,,,,,,,,,surge,0.015,,,,,,,,,,,,,,,,
499,,,,,,,,,,,,,,,home,0.013,,,,,,,,,,,svs,0.015,,,,,,,,,,,,,,,,
500,,,,,,,,,,,,,,,idea,0.013,,,,,,,,,,,tax,0.015,,,,,,,,,,,,,,,,
501,,,,,,,,,,,,,,,large,0.013,,,,,,,,,,,tcl,0.015,,,,,,,,,,,,,,,,
502,,,,,,,,,,,,,,,lead,0.013,,,,,,,,,,,tenet,0.015,,,,,,,,,,,,,,,,
503,,,,,,,,,,,,,,,made,0.013,,,,,,,,,,,terpstra,0.015,,,,,,,,,,,,,,,,
504,,,,,,,,,,,,,,,moreover,0.013,,,,,,,,,,,theme,0.015,,,,,,,,,,,,,,,,
505,,,,,,,,,,,,,,,needed,0.013,,,,,,,,,,,thought,0.015,,,,,,,,,,,,,,,,
506,,,,,,,,,,,,,,,particular,0.013,,,,,,,,,,,throughout,0.015,,,,,,,,,,,,,,,,
507,,,,,,,,,,,,,,,provides,0.013,,,,,,,,,,,total,0.015,,,,,,,,,,,,,,,,
508,,,,,,,,,,,,,,,scale,0.013,,,,,,,,,,,tradition,0.015,,,,,,,,,,,,,,,,
509,,,,,,,,,,,,,,,second,0.013,,,,,,,,,,,trajectory,0.015,,,,,,,,,,,,,,,,
510,,,,,,,,,,,,,,,statistical,0.013,,,,,,,,,,,ultimate,0.015,,,,,,,,,,,,,,,,
511,,,,,,,,,,,,,,,technology,0.013,,,,,,,,,,,uninterested,0.015,,,,,,,,,,,,,,,,
512,,,,,,,,,,,,,,,tung,0.013,,,,,,,,,,,unlike,0.015,,,,,,,,,,,,,,,,
513,,,,,,,,,,,,,,,across,0.012,,,,,,,,,,,unusual,0.015,,,,,,,,,,,,,,,,
514,,,,,,,,,,,,,,,activity,0.012,,,,,,,,,,,usa,0.015,,,,,,,,,,,,,,,,
515,,,,,,,,,,,,,,,advance,0.012,,,,,,,,,,,uzzi,0.015,,,,,,,,,,,,,,,,
516,,,,,,,,,,,,,,,contrast,0.012,,,,,,,,,,,varies,0.015,,,,,,,,,,,,,,,,
517,,,,,,,,,,,,,,,discus,0.012,,,,,,,,,,,viewing,0.015,,,,,,,,,,,,,,,,
518,,,,,,,,,,,,,,,explain,0.012,,,,,,,,,,,voss,0.015,,,,,,,,,,,,,,,,
519,,,,,,,,,,,,,,,fdi,0.012,,,,,,,,,,,wherein,0.015,,,,,,,,,,,,,,,,
520,,,,,,,,,,,,,,,four,0.012,,,,,,,,,,,wider,0.015,,,,,,,,,,,,,,,,
521,,,,,,,,,,,,,,,generally,0.012,,,,,,,,,,,witt,0.015,,,,,,,,,,,,,,,,
522,,,,,,,,,,,,,,,governance,0.012,,,,,,,,,,,wright,0.015,,,,,,,,,,,,,,,,
523,,,,,,,,,,,,,,,help,0.012,,,,,,,,,,,writing,0.015,,,,,,,,,,,,,,,,
524,,,,,,,,,,,,,,,indicate,0.012,,,,,,,,,,,xue,0.015,,,,,,,,,,,,,,,,
525,,,,,,,,,,,,,,,operation,0.012,,,,,,,,,,,yeung,0.015,,,,,,,,,,,,,,,,
526,,,,,,,,,,,,,,,practice,0.012,,,,,,,,,,,zheng,0.015,,,,,,,,,,,,,,,,
527,,,,,,,,,,,,,,,production,0.012,,,,,,,,,,,approach,0.014,,,,,,,,,,,,,,,,
528,,,,,,,,,,,,,,,question,0.012,,,,,,,,,,,focus,0.014,,,,,,,,,,,,,,,,
529,,,,,,,,,,,,,,,related,0.012,,,,,,,,,,,process,0.014,,,,,,,,,,,,,,,,
530,,,,,,,,,,,,,,,response,0.012,,,,,,,,,,,acquiring,0.013,,,,,,,,,,,,,,,,
531,,,,,,,,,,,,,,,service,0.012,,,,,,,,,,,adaptation,0.013,,,,,,,,,,,,,,,,
532,,,,,,,,,,,,,,,term,0.012,,,,,,,,,,,aimed,0.013,,,,,,,,,,,,,,,,
533,,,,,,,,,,,,,,,validity,0.012,,,,,,,,,,,arguing,0.013,,,,,,,,,,,,,,,,
534,,,,,,,,,,,,,,,variety,0.012,,,,,,,,,,,arrangement,0.013,,,,,,,,,,,,,,,,
535,,,,,,,,,,,,,,,argue,0.011,,,,,,,,,,,asian,0.013,,,,,,,,,,,,,,,,
536,,,,,,,,,,,,,,,examine,0.011,,,,,,,,,,,autonomy,0.013,,,,,,,,,,,,,,,,
537,,,,,,,,,,,,,,,however,0.011,,,,,,,,,,,bargaining,0.013,,,,,,,,,,,,,,,,
538,,,,,,,,,,,,,,,increasing,0.011,,,,,,,,,,,behaviour,0.013,,,,,,,,,,,,,,,,
539,,,,,,,,,,,,,,,many,0.011,,,,,,,,,,,behind,0.013,,,,,,,,,,,,,,,,
540,,,,,,,,,,,,,,,mechanism,0.011,,,,,,,,,,,bjorkman,0.013,,,,,,,,,,,,,,,,
541,,,,,,,,,,,,,,,method,0.011,,,,,,,,,,,broad,0.013,,,,,,,,,,,,,,,,
542,,,,,,,,,,,,,,,past,0.011,,,,,,,,,,,center,0.013,,,,,,,,,,,,,,,,
543,,,,,,,,,,,,,,,concept,0.01,,,,,,,,,,,combination,0.013,,,,,,,,,,,,,,,,
544,,,,,,,,,,,,,,,economic,0.01,,,,,,,,,,,come,0.013,,,,,,,,,,,,,,,,
545,,,,,,,,,,,,,,,first,0.01,,,,,,,,,,,competing,0.013,,,,,,,,,,,,,,,,
546,,,,,,,,,,,,,,,local,0.01,,,,,,,,,,,conceptualized,0.013,,,,,,,,,,,,,,,,
547,,,,,,,,,,,,,,,show,0.01,,,,,,,,,,,concludes,0.013,,,,,,,,,,,,,,,,
548,,,,,,,,,,,,,,,suggests,0.01,,,,,,,,,,,conflict,0.013,,,,,,,,,,,,,,,,
549,,,,,,,,,,,,,,,support,0.01,,,,,,,,,,,conflicting,0.013,,,,,,,,,,,,,,,,
550,,,,,,,,,,,,,,,view,0.01,,,,,,,,,,,consideration,0.013,,,,,,,,,,,,,,,,
551,,,,,,,,,,,,,,,article,0.009,,,,,,,,,,,current,0.013,,,,,,,,,,,,,,,,
552,,,,,,,,,,,,,,,enterprise,0.009,,,,,,,,,,,demonstrate,0.013,,,,,,,,,,,,,,,,
553,,,,,,,,,,,,,,,finding,0.009,,,,,,,,,,,dependent,0.013,,,,,,,,,,,,,,,,
554,,,,,,,,,,,,,,,management,0.009,,,,,,,,,,,describes,0.013,,,,,,,,,,,,,,,,
555,,,,,,,,,,,,,,,implication,0.008,,,,,,,,,,,detailed,0.013,,,,,,,,,,,,,,,,
556,,,,,,,,,,,,,,,,,,,,,,,,,,,discussion,0.013,,,,,,,,,,,,,,,,
557,,,,,,,,,,,,,,,,,,,,,,,,,,,driven,0.013,,,,,,,,,,,,,,,,
558,,,,,,,,,,,,,,,,,,,,,,,,,,,environmental,0.013,,,,,,,,,,,,,,,,
559,,,,,,,,,,,,,,,,,,,,,,,,,,,evolve,0.013,,,,,,,,,,,,,,,,
560,,,,,,,,,,,,,,,,,,,,,,,,,,,experiment,0.013,,,,,,,,,,,,,,,,
561,,,,,,,,,,,,,,,,,,,,,,,,,,,explanatory,0.013,,,,,,,,,,,,,,,,
562,,,,,,,,,,,,,,,,,,,,,,,,,,,extend,0.013,,,,,,,,,,,,,,,,
563,,,,,,,,,,,,,,,,,,,,,,,,,,,face,0.013,,,,,,,,,,,,,,,,
564,,,,,,,,,,,,,,,,,,,,,,,,,,,finland,0.013,,,,,,,,,,,,,,,,
565,,,,,,,,,,,,,,,,,,,,,,,,,,,globe,0.013,,,,,,,,,,,,,,,,
566,,,,,,,,,,,,,,,,,,,,,,,,,,,goal,0.013,,,,,,,,,,,,,,,,
567,,,,,,,,,,,,,,,,,,,,,,,,,,,growth,0.013,,,,,,,,,,,,,,,,
568,,,,,,,,,,,,,,,,,,,,,,,,,,,held,0.013,,,,,,,,,,,,,,,,
569,,,,,,,,,,,,,,,,,,,,,,,,,,,hypothesized,0.013,,,,,,,,,,,,,,,,
570,,,,,,,,,,,,,,,,,,,,,,,,,,,illustrate,0.013,,,,,,,,,,,,,,,,
571,,,,,,,,,,,,,,,,,,,,,,,,,,,incentive,0.013,,,,,,,,,,,,,,,,
572,,,,,,,,,,,,,,,,,,,,,,,,,,,incorporating,0.013,,,,,,,,,,,,,,,,
573,,,,,,,,,,,,,,,,,,,,,,,,,,,increased,0.013,,,,,,,,,,,,,,,,
574,,,,,,,,,,,,,,,,,,,,,,,,,,,indicator,0.013,,,,,,,,,,,,,,,,
575,,,,,,,,,,,,,,,,,,,,,,,,,,,industrialized,0.013,,,,,,,,,,,,,,,,
576,,,,,,,,,,,,,,,,,,,,,,,,,,,influenced,0.013,,,,,,,,,,,,,,,,
577,,,,,,,,,,,,,,,,,,,,,,,,,,,influencing,0.013,,,,,,,,,,,,,,,,
578,,,,,,,,,,,,,,,,,,,,,,,,,,,institutionally,0.013,,,,,,,,,,,,,,,,
579,,,,,,,,,,,,,,,,,,,,,,,,,,,interaction,0.013,,,,,,,,,,,,,,,,
580,,,,,,,,,,,,,,,,,,,,,,,,,,,interdependence,0.013,,,,,,,,,,,,,,,,
581,,,,,,,,,,,,,,,,,,,,,,,,,,,internationalize,0.013,,,,,,,,,,,,,,,,
582,,,,,,,,,,,,,,,,,,,,,,,,,,,investor,0.013,,,,,,,,,,,,,,,,
583,,,,,,,,,,,,,,,,,,,,,,,,,,,lack,0.013,,,,,,,,,,,,,,,,
584,,,,,,,,,,,,,,,,,,,,,,,,,,,limit,0.013,,,,,,,,,,,,,,,,
585,,,,,,,,,,,,,,,,,,,,,,,,,,,limited,0.013,,,,,,,,,,,,,,,,
586,,,,,,,,,,,,,,,,,,,,,,,,,,,main,0.013,,,,,,,,,,,,,,,,
587,,,,,,,,,,,,,,,,,,,,,,,,,,,methodology,0.013,,,,,,,,,,,,,,,,
588,,,,,,,,,,,,,,,,,,,,,,,,,,,mostly,0.013,,,,,,,,,,,,,,,,
589,,,,,,,,,,,,,,,,,,,,,,,,,,,outcome,0.013,,,,,,,,,,,,,,,,
590,,,,,,,,,,,,,,,,,,,,,,,,,,,outlined,0.013,,,,,,,,,,,,,,,,
591,,,,,,,,,,,,,,,,,,,,,,,,,,,perception,0.013,,,,,,,,,,,,,,,,
592,,,,,,,,,,,,,,,,,,,,,,,,,,,position,0.013,,,,,,,,,,,,,,,,
593,,,,,,,,,,,,,,,,,,,,,,,,,,,positioned,0.013,,,,,,,,,,,,,,,,
594,,,,,,,,,,,,,,,,,,,,,,,,,,,promote,0.013,,,,,,,,,,,,,,,,
595,,,,,,,,,,,,,,,,,,,,,,,,,,,provided,0.013,,,,,,,,,,,,,,,,
596,,,,,,,,,,,,,,,,,,,,,,,,,,,raise,0.013,,,,,,,,,,,,,,,,
597,,,,,,,,,,,,,,,,,,,,,,,,,,,region,0.013,,,,,,,,,,,,,,,,
598,,,,,,,,,,,,,,,,,,,,,,,,,,,reported,0.013,,,,,,,,,,,,,,,,
599,,,,,,,,,,,,,,,,,,,,,,,,,,,represent,0.013,,,,,,,,,,,,,,,,
600,,,,,,,,,,,,,,,,,,,,,,,,,,,respond,0.013,,,,,,,,,,,,,,,,
601,,,,,,,,,,,,,,,,,,,,,,,,,,,restructuring,0.013,,,,,,,,,,,,,,,,
602,,,,,,,,,,,,,,,,,,,,,,,,,,,rugman,0.013,,,,,,,,,,,,,,,,
603,,,,,,,,,,,,,,,,,,,,,,,,,,,scope,0.013,,,,,,,,,,,,,,,,
604,,,,,,,,,,,,,,,,,,,,,,,,,,,sociology,0.013,,,,,,,,,,,,,,,,
605,,,,,,,,,,,,,,,,,,,,,,,,,,,starting,0.013,,,,,,,,,,,,,,,,
606,,,,,,,,,,,,,,,,,,,,,,,,,,,status,0.013,,,,,,,,,,,,,,,,
607,,,,,,,,,,,,,,,,,,,,,,,,,,,stronger,0.013,,,,,,,,,,,,,,,,
608,,,,,,,,,,,,,,,,,,,,,,,,,,,succeed,0.013,,,,,,,,,,,,,,,,
609,,,,,,,,,,,,,,,,,,,,,,,,,,,successful,0.013,,,,,,,,,,,,,,,,
610,,,,,,,,,,,,,,,,,,,,,,,,,,,suggesting,0.013,,,,,,,,,,,,,,,,
611,,,,,,,,,,,,,,,,,,,,,,,,,,,tendency,0.013,,,,,,,,,,,,,,,,
612,,,,,,,,,,,,,,,,,,,,,,,,,,,theorising,0.013,,,,,,,,,,,,,,,,
613,,,,,,,,,,,,,,,,,,,,,,,,,,,theorizing,0.013,,,,,,,,,,,,,,,,
614,,,,,,,,,,,,,,,,,,,,,,,,,,,tie,0.013,,,,,,,,,,,,,,,,
615,,,,,,,,,,,,,,,,,,,,,,,,,,,tihanyi,0.013,,,,,,,,,,,,,,,,
616,,,,,,,,,,,,,,,,,,,,,,,,,,,today,0.013,,,,,,,,,,,,,,,,
617,,,,,,,,,,,,,,,,,,,,,,,,,,,training,0.013,,,,,,,,,,,,,,,,
618,,,,,,,,,,,,,,,,,,,,,,,,,,,uncertainty,0.013,,,,,,,,,,,,,,,,
619,,,,,,,,,,,,,,,,,,,,,,,,,,,union,0.013,,,,,,,,,,,,,,,,
620,,,,,,,,,,,,,,,,,,,,,,,,,,,willingness,0.013,,,,,,,,,,,,,,,,
621,,,,,,,,,,,,,,,,,,,,,,,,,,,young,0.013,,,,,,,,,,,,,,,,
622,,,,,,,,,,,,,,,,,,,,,,,,,,,zhao,0.013,,,,,,,,,,,,,,,,
623,,,,,,,,,,,,,,,,,,,,,,,,,,,analyzed,0.012,,,,,,,,,,,,,,,,
624,,,,,,,,,,,,,,,,,,,,,,,,,,,another,0.012,,,,,,,,,,,,,,,,
625,,,,,,,,,,,,,,,,,,,,,,,,,,,argues,0.012,,,,,,,,,,,,,,,,
626,,,,,,,,,,,,,,,,,,,,,,,,,,,aspect,0.012,,,,,,,,,,,,,,,,
627,,,,,,,,,,,,,,,,,,,,,,,,,,,available,0.012,,,,,,,,,,,,,,,,
628,,,,,,,,,,,,,,,,,,,,,,,,,,,avenue,0.012,,,,,,,,,,,,,,,,
629,,,,,,,,,,,,,,,,,,,,,,,,,,,basis,0.012,,,,,,,,,,,,,,,,
630,,,,,,,,,,,,,,,,,,,,,,,,,,,boundary,0.012,,,,,,,,,,,,,,,,
631,,,,,,,,,,,,,,,,,,,,,,,,,,,call,0.012,,,,,,,,,,,,,,,,
632,,,,,,,,,,,,,,,,,,,,,,,,,,,case,0.012,,,,,,,,,,,,,,,,
633,,,,,,,,,,,,,,,,,,,,,,,,,,,choose,0.012,,,,,,,,,,,,,,,,
634,,,,,,,,,,,,,,,,,,,,,,,,,,,collected,0.012,,,,,,,,,,,,,,,,
635,,,,,,,,,,,,,,,,,,,,,,,,,,,complex,0.012,,,,,,,,,,,,,,,,
636,,,,,,,,,,,,,,,,,,,,,,,,,,,conducted,0.012,,,,,,,,,,,,,,,,
637,,,,,,,,,,,,,,,,,,,,,,,,,,,consistent,0.012,,,,,,,,,,,,,,,,
638,,,,,,,,,,,,,,,,,,,,,,,,,,,distribution,0.012,,,,,,,,,,,,,,,,
639,,,,,,,,,,,,,,,,,,,,,,,,,,,diverse,0.012,,,,,,,,,,,,,,,,
640,,,,,,,,,,,,,,,,,,,,,,,,,,,drawn,0.012,,,,,,,,,,,,,,,,
641,,,,,,,,,,,,,,,,,,,,,,,,,,,employee,0.012,,,,,,,,,,,,,,,,
642,,,,,,,,,,,,,,,,,,,,,,,,,,,existing,0.012,,,,,,,,,,,,,,,,
643,,,,,,,,,,,,,,,,,,,,,,,,,,,expand,0.012,,,,,,,,,,,,,,,,
644,,,,,,,,,,,,,,,,,,,,,,,,,,,explaining,0.012,,,,,,,,,,,,,,,,
645,,,,,,,,,,,,,,,,,,,,,,,,,,,extension,0.012,,,,,,,,,,,,,,,,
646,,,,,,,,,,,,,,,,,,,,,,,,,,,facilitate,0.012,,,,,,,,,,,,,,,,
647,,,,,,,,,,,,,,,,,,,,,,,,,,,foundation,0.012,,,,,,,,,,,,,,,,
648,,,,,,,,,,,,,,,,,,,,,,,,,,,fundamental,0.012,,,,,,,,,,,,,,,,
649,,,,,,,,,,,,,,,,,,,,,,,,,,,highly,0.012,,,,,,,,,,,,,,,,
650,,,,,,,,,,,,,,,,,,,,,,,,,,,increasingly,0.012,,,,,,,,,,,,,,,,
651,,,,,,,,,,,,,,,,,,,,,,,,,,,interest,0.012,,,,,,,,,,,,,,,,
652,,,,,,,,,,,,,,,,,,,,,,,,,,,investigation,0.012,,,,,,,,,,,,,,,,
653,,,,,,,,,,,,,,,,,,,,,,,,,,,involved,0.012,,,,,,,,,,,,,,,,
654,,,,,,,,,,,,,,,,,,,,,,,,,,,largely,0.012,,,,,,,,,,,,,,,,
655,,,,,,,,,,,,,,,,,,,,,,,,,,,leading,0.012,,,,,,,,,,,,,,,,
656,,,,,,,,,,,,,,,,,,,,,,,,,,,link,0.012,,,,,,,,,,,,,,,,
657,,,,,,,,,,,,,,,,,,,,,,,,,,,managing,0.012,,,,,,,,,,,,,,,,
658,,,,,,,,,,,,,,,,,,,,,,,,,,,matter,0.012,,,,,,,,,,,,,,,,
659,,,,,,,,,,,,,,,,,,,,,,,,,,,nation,0.012,,,,,,,,,,,,,,,,
660,,,,,,,,,,,,,,,,,,,,,,,,,,,natural,0.012,,,,,,,,,,,,,,,,
661,,,,,,,,,,,,,,,,,,,,,,,,,,,negative,0.012,,,,,,,,,,,,,,,,
662,,,,,,,,,,,,,,,,,,,,,,,,,,,north,0.012,,,,,,,,,,,,,,,,
663,,,,,,,,,,,,,,,,,,,,,,,,,,,optimal,0.012,,,,,,,,,,,,,,,,
664,,,,,,,,,,,,,,,,,,,,,,,,,,,others,0.012,,,,,,,,,,,,,,,,
665,,,,,,,,,,,,,,,,,,,,,,,,,,,paradigm,0.012,,,,,,,,,,,,,,,,
666,,,,,,,,,,,,,,,,,,,,,,,,,,,pattern,0.012,,,,,,,,,,,,,,,,
667,,,,,,,,,,,,,,,,,,,,,,,,,,,place,0.012,,,,,,,,,,,,,,,,
668,,,,,,,,,,,,,,,,,,,,,,,,,,,positive,0.012,,,,,,,,,,,,,,,,
669,,,,,,,,,,,,,,,,,,,,,,,,,,,possible,0.012,,,,,,,,,,,,,,,,
670,,,,,,,,,,,,,,,,,,,,,,,,,,,power,0.012,,,,,,,,,,,,,,,,
671,,,,,,,,,,,,,,,,,,,,,,,,,,,provide,0.012,,,,,,,,,,,,,,,,
672,,,,,,,,,,,,,,,,,,,,,,,,,,,reflect,0.012,,,,,,,,,,,,,,,,
673,,,,,,,,,,,,,,,,,,,,,,,,,,,since,0.012,,,,,,,,,,,,,,,,
674,,,,,,,,,,,,,,,,,,,,,,,,,,,size,0.012,,,,,,,,,,,,,,,,
675,,,,,,,,,,,,,,,,,,,,,,,,,,,strength,0.012,,,,,,,,,,,,,,,,
676,,,,,,,,,,,,,,,,,,,,,,,,,,,tend,0.012,,,,,,,,,,,,,,,,
677,,,,,,,,,,,,,,,,,,,,,,,,,,,trust,0.012,,,,,,,,,,,,,,,,
678,,,,,,,,,,,,,,,,,,,,,,,,,,,turn,0.012,,,,,,,,,,,,,,,,
679,,,,,,,,,,,,,,,,,,,,,,,,,,,undertaken,0.012,,,,,,,,,,,,,,,,
680,,,,,,,,,,,,,,,,,,,,,,,,,,,various,0.012,,,,,,,,,,,,,,,,
681,,,,,,,,,,,,,,,,,,,,,,,,,,,verbeke,0.012,,,,,,,,,,,,,,,,
682,,,,,,,,,,,,,,,,,,,,,,,,,,,whether,0.012,,,,,,,,,,,,,,,,
683,,,,,,,,,,,,,,,,,,,,,,,,,,,would,0.012,,,,,,,,,,,,,,,,
684,,,,,,,,,,,,,,,,,,,,,,,,,,,access,0.011,,,,,,,,,,,,,,,,
685,,,,,,,,,,,,,,,,,,,,,,,,,,,around,0.011,,,,,,,,,,,,,,,,
686,,,,,,,,,,,,,,,,,,,,,,,,,,,better,0.011,,,,,,,,,,,,,,,,
687,,,,,,,,,,,,,,,,,,,,,,,,,,,beyond,0.011,,,,,,,,,,,,,,,,
688,,,,,,,,,,,,,,,,,,,,,,,,,,,building,0.011,,,,,,,,,,,,,,,,
689,,,,,,,,,,,,,,,,,,,,,,,,,,,competition,0.011,,,,,,,,,,,,,,,,
690,,,,,,,,,,,,,,,,,,,,,,,,,,,consequence,0.011,,,,,,,,,,,,,,,,
691,,,,,,,,,,,,,,,,,,,,,,,,,,,developing,0.011,,,,,,,,,,,,,,,,
692,,,,,,,,,,,,,,,,,,,,,,,,,,,dunning,0.011,,,,,,,,,,,,,,,,
693,,,,,,,,,,,,,,,,,,,,,,,,,,,european,0.011,,,,,,,,,,,,,,,,
694,,,,,,,,,,,,,,,,,,,,,,,,,,,explored,0.011,,,,,,,,,,,,,,,,
695,,,,,,,,,,,,,,,,,,,,,,,,,,,general,0.011,,,,,,,,,,,,,,,,
696,,,,,,,,,,,,,,,,,,,,,,,,,,,growing,0.011,,,,,,,,,,,,,,,,
697,,,,,,,,,,,,,,,,,,,,,,,,,,,human,0.011,,,,,,,,,,,,,,,,
698,,,,,,,,,,,,,,,,,,,,,,,,,,,idea,0.011,,,,,,,,,,,,,,,,
699,,,,,,,,,,,,,,,,,,,,,,,,,,,insight,0.011,,,,,,,,,,,,,,,,
700,,,,,,,,,,,,,,,,,,,,,,,,,,,internal,0.011,,,,,,,,,,,,,,,,
701,,,,,,,,,,,,,,,,,,,,,,,,,,,large,0.011,,,,,,,,,,,,,,,,
702,,,,,,,,,,,,,,,,,,,,,,,,,,,lead,0.011,,,,,,,,,,,,,,,,
703,,,,,,,,,,,,,,,,,,,,,,,,,,,made,0.011,,,,,,,,,,,,,,,,
704,,,,,,,,,,,,,,,,,,,,,,,,,,,might,0.011,,,,,,,,,,,,,,,,
705,,,,,,,,,,,,,,,,,,,,,,,,,,,needed,0.011,,,,,,,,,,,,,,,,
706,,,,,,,,,,,,,,,,,,,,,,,,,,,operating,0.011,,,,,,,,,,,,,,,,
707,,,,,,,,,,,,,,,,,,,,,,,,,,,point,0.011,,,,,,,,,,,,,,,,
708,,,,,,,,,,,,,,,,,,,,,,,,,,,risk,0.011,,,,,,,,,,,,,,,,
709,,,,,,,,,,,,,,,,,,,,,,,,,,,scale,0.011,,,,,,,,,,,,,,,,
710,,,,,,,,,,,,,,,,,,,,,,,,,,,suggestion,0.011,,,,,,,,,,,,,,,,
711,,,,,,,,,,,,,,,,,,,,,,,,,,,time,0.011,,,,,,,,,,,,,,,,
712,,,,,,,,,,,,,,,,,,,,,,,,,,,towards,0.011,,,,,,,,,,,,,,,,
713,,,,,,,,,,,,,,,,,,,,,,,,,,,area,0.01,,,,,,,,,,,,,,,,
714,,,,,,,,,,,,,,,,,,,,,,,,,,,contrast,0.01,,,,,,,,,,,,,,,,
715,,,,,,,,,,,,,,,,,,,,,,,,,,,dynamic,0.01,,,,,,,,,,,,,,,,
716,,,,,,,,,,,,,,,,,,,,,,,,,,,indicate,0.01,,,,,,,,,,,,,,,,
717,,,,,,,,,,,,,,,,,,,,,,,,,,,luo,0.01,,,,,,,,,,,,,,,,
718,,,,,,,,,,,,,,,,,,,,,,,,,,,part,0.01,,,,,,,,,,,,,,,,
719,,,,,,,,,,,,,,,,,,,,,,,,,,,tested,0.01,,,,,,,,,,,,,,,,
720,,,,,,,,,,,,,,,,,,,,,,,,,,,toward,0.01,,,,,,,,,,,,,,,,
721,,,,,,,,,,,,,,,,,,,,,,,,,,,validity,0.01,,,,,,,,,,,,,,,,
722,,,,,,,,,,,,,,,,,,,,,,,,,,,variety,0.01,,,,,,,,,,,,,,,,
723,,,,,,,,,,,,,,,,,,,,,,,,,,,become,0.009,,,,,,,,,,,,,,,,
724,,,,,,,,,,,,,,,,,,,,,,,,,,,buckley,0.009,,,,,,,,,,,,,,,,
725,,,,,,,,,,,,,,,,,,,,,,,,,,,construct,0.009,,,,,,,,,,,,,,,,
726,,,,,,,,,,,,,,,,,,,,,,,,,,,difference,0.009,,,,,,,,,,,,,,,,
727,,,,,,,,,,,,,,,,,,,,,,,,,,,experience,0.009,,,,,,,,,,,,,,,,
728,,,,,,,,,,,,,,,,,,,,,,,,,,,field,0.009,,,,,,,,,,,,,,,,
729,,,,,,,,,,,,,,,,,,,,,,,,,,,governance,0.009,,,,,,,,,,,,,,,,
730,,,,,,,,,,,,,,,,,,,,,,,,,,,greater,0.009,,,,,,,,,,,,,,,,
731,,,,,,,,,,,,,,,,,,,,,,,,,,,however,0.009,,,,,,,,,,,,,,,,
732,,,,,,,,,,,,,,,,,,,,,,,,,,,increasing,0.009,,,,,,,,,,,,,,,,
733,,,,,,,,,,,,,,,,,,,,,,,,,,,make,0.009,,,,,,,,,,,,,,,,
734,,,,,,,,,,,,,,,,,,,,,,,,,,,measure,0.009,,,,,,,,,,,,,,,,
735,,,,,,,,,,,,,,,,,,,,,,,,,,,mncs,0.009,,,,,,,,,,,,,,,,
736,,,,,,,,,,,,,,,,,,,,,,,,,,,network,0.009,,,,,,,,,,,,,,,,
737,,,,,,,,,,,,,,,,,,,,,,,,,,,offer,0.009,,,,,,,,,,,,,,,,
738,,,,,,,,,,,,,,,,,,,,,,,,,,,present,0.009,,,,,,,,,,,,,,,,
739,,,,,,,,,,,,,,,,,,,,,,,,,,,stage,0.009,,,,,,,,,,,,,,,,
740,,,,,,,,,,,,,,,,,,,,,,,,,,,review,0.008,,,,,,,,,,,,,,,,
741,,,,,,,,,,,,,,,,,,,,,,,,,,,sample,0.008,,,,,,,,,,,,,,,,
742,,,,,,,,,,,,,,,,,,,,,,,,,,,show,0.008,,,,,,,,,,,,,,,,
743,,,,,,,,,,,,,,,,,,,,,,,,,,,suggests,0.008,,,,,,,,,,,,,,,,
744,,,,,,,,,,,,,,,,,,,,,,,,,,,empirical,0.007,,,,,,,,,,,,,,,,
745,,,,,,,,,,,,,,,,,,,,,,,,,,,model,0.007,,,,,,,,,,,,,,,,
