,3,3,1,1,4,4,8,8,2,2,7,7,6,6,5,5
,Term,Tfidf,Term,Tfidf,Term,Tfidf,Term,Tfidf,Term,Tfidf,Term,Tfidf,Term,Tfidf,Term,Tfidf
0,identification,0.36,family,0.712,exchange,0.401,diversity,0.305,proactive,0.367,team,0.355,firm,0.38,creativity,0.341
1,job,0.341,work,0.345,signaling,0.316,team,0.252,behavior,0.36,management,0.277,resource,0.244,innovation,0.294
2,commitment,0.227,conflict,0.201,theory,0.252,success,0.214,creativity,0.287,level,0.259,performance,0.243,low,0.205
3,identity,0.205,life,0.133,conceptual,0.212,career,0.213,job,0.186,top,0.256,alliance,0.217,high,0.183
4,engagement,0.179,commitment,0.13,lmx,0.19,network,0.205,employee,0.171,decision,0.211,unit,0.199,scale,0.177
5,career,0.159,career,0.122,party,0.19,empowerment,0.183,research,0.156,group,0.185,business,0.181,search,0.177
6,turnover,0.156,benefit,0.111,management,0.142,mentoring,0.183,organizational,0.127,multilevel,0.179,human,0.17,cause,0.163
7,embeddedness,0.143,country,0.109,social,0.141,surface,0.183,taking,0.123,research,0.17,diversification,0.167,discriminate,0.163
8,meta,0.12,related,0.088,ambiguity,0.126,level,0.177,trust,0.123,change,0.146,advantage,0.145,launch,0.163
9,organizational,0.115,model,0.087,choose,0.126,group,0.174,charge,0.122,process,0.142,competitive,0.145,risk,0.163
10,self,0.114,scale,0.087,despite,0.126,related,0.137,voice,0.122,strategic,0.128,knowledge,0.137,shipbuilding,0.163
11,performance,0.112,job,0.077,must,0.126,social,0.136,organization,0.109,study,0.12,product,0.118,slack,0.163
12,cycle,0.108,affective,0.061,signal,0.126,time,0.135,self,0.109,making,0.113,practice,0.115,performance,0.145
13,theory,0.1,construction,0.061,set,0.12,equation,0.132,innovative,0.102,board,0.112,interfirm,0.109,assessing,0.136
14,antecedent,0.096,culture,0.061,leader,0.106,deep,0.128,dissatisfaction,0.098,power,0.112,sustained,0.109,intensity,0.136
15,individual,0.096,abusive,0.06,organizational,0.101,protege,0.122,employability,0.098,variable,0.1,study,0.105,environment,0.122
16,focus,0.091,caas,0.06,research,0.101,research,0.122,helping,0.098,firm,0.097,related,0.102,key,0.122
17,analysis,0.08,normative,0.06,literature,0.095,psychological,0.116,literature,0.098,organization,0.09,management,0.092,firm,0.118
18,finding,0.08,three,0.054,review,0.095,effect,0.109,role,0.098,corporate,0.081,strategic,0.092,project,0.118
19,work,0.08,variable,0.054,information,0.091,score,0.102,personal,0.093,organizational,0.081,company,0.091,development,0.109
20,academic,0.078,continuance,0.051,support,0.085,difference,0.097,change,0.088,effectiveness,0.075,financial,0.091,work,0.109
21,base,0.078,expected,0.051,author,0.08,performance,0.095,study,0.087,strategy,0.075,international,0.091,behavioral,0.103
22,cognitive,0.078,press,0.051,theoretical,0.08,initiation,0.092,characteristic,0.082,model,0.072,network,0.091,show,0.103
23,learning,0.078,supportive,0.051,member,0.071,polynomial,0.092,extra,0.082,case,0.067,strategy,0.091,model,0.098
24,satisfaction,0.078,boundaryless,0.048,resource,0.071,regression,0.092,feedback,0.082,centering,0.067,system,0.091,validity,0.091
25,agency,0.072,employee,0.048,accordingly,0.063,received,0.088,related,0.082,ceo,0.067,transaction,0.091,amabile,0.081
26,aspect,0.072,fiw,0.048,additional,0.063,relationship,0.082,construct,0.076,echelon,0.067,trust,0.091,bromiley,0.081
27,customization,0.072,friendly,0.048,assessment,0.063,congruence,0.077,coworker,0.073,eisenhardt,0.067,relationship,0.089,consistently,0.081
28,fundamental,0.072,fsop,0.048,blurred,0.063,personality,0.077,coworkers,0.073,hierarchical,0.067,employee,0.081,conti,0.081
29,griffeth,0.072,intention,0.048,certo,0.063,workplace,0.077,extrarole,0.073,industry,0.067,innovation,0.079,coon,0.081
30,hackett,0.072,interference,0.048,communicate,0.063,resource,0.069,form,0.071,paradox,0.067,turnover,0.079,damanpour,0.081
31,hom,0.072,invariance,0.048,concise,0.063,used,0.069,innovation,0.071,review,0.067,ambidexterity,0.072,designed,0.081
32,intent,0.072,organization,0.048,connelly,0.063,study,0.068,citizenship,0.069,std,0.067,capacity,0.072,excess,0.081
33,medical,0.072,outcome,0.048,consequence,0.063,work,0.068,work,0.066,upper,0.067,cost,0.072,expenditure,0.081
34,outcome,0.072,research,0.048,describing,0.063,capital,0.066,commitment,0.062,velocity,0.067,diversified,0.072,expense,0.081
35,resident,0.072,study,0.048,develop,0.063,collaboration,0.066,inc,0.062,building,0.065,organizational,0.072,generated,0.081
36,violation,0.072,wif,0.048,differentially,0.063,demographic,0.066,problem,0.062,conflict,0.065,retrospective,0.072,give,0.081
37,group,0.068,analysis,0.047,encourage,0.063,modeling,0.066,reserved,0.062,measurement,0.065,past,0.065,greve,0.081
38,implication,0.068,academic,0.044,entrepreneurship,0.063,person,0.066,right,0.062,researcher,0.065,social,0.065,herron,0.081
39,personal,0.068,relation,0.044,evidenced,0.063,attainment,0.061,review,0.061,manager,0.063,based,0.063,instrument,0.081
40,process,0.068,researcher,0.044,exchanged,0.063,centrality,0.061,workplace,0.061,individual,0.06,combination,0.061,launched,0.081
41,well,0.068,supervisor,0.044,gained,0.063,decade,0.061,analysis,0.055,challenge,0.057,cooperation,0.061,lazenby,0.081
42,organization,0.064,measure,0.041,hold,0.063,enhanced,0.061,different,0.055,higher,0.057,high,0.061,obstacle,0.081
43,article,0.06,five,0.04,immediate,0.063,hindrance,0.061,future,0.055,demography,0.056,link,0.061,preliminary,0.081
44,choice,0.06,meta,0.04,incompletely,0.063,influenced,0.061,individual,0.055,dimension,0.056,effect,0.057,problemistic,0.081
45,comprehensive,0.06,organizational,0.039,independently,0.063,input,0.061,management,0.055,dynamic,0.056,exchange,0.057,reduces,0.081
46,constructing,0.06,effect,0.038,influential,0.063,kraimer,0.061,manager,0.055,executive,0.056,perspective,0.057,retest,0.081
47,construction,0.06,inc,0.038,interdisciplinary,0.063,note,0.061,report,0.055,linear,0.056,absorptive,0.054,specifies,0.081
48,doe,0.06,relationship,0.038,ireland,0.063,oreilly,0.061,fit,0.053,article,0.05,account,0.054,stimulant,0.081
49,efficacy,0.06,reserved,0.038,momentum,0.063,organizational,0.061,similarity,0.053,performance,0.05,argument,0.054,tolerance,0.081
50,interest,0.06,right,0.038,norm,0.063,outcome,0.061,suggestion,0.053,across,0.049,data,0.054,tool,0.081
51,link,0.06,consequence,0.036,nuanced,0.063,price,0.061,addressed,0.049,design,0.049,dimension,0.054,utility,0.081
52,moderator,0.06,content,0.036,one,0.063,review,0.061,aimed,0.049,modeling,0.049,employer,0.054,perceived,0.073
53,occupational,0.06,counseling,0.036,proceeded,0.063,task,0.061,also,0.049,paradigm,0.049,game,0.054,acceptable,0.068
54,present,0.06,data,0.036,prominent,0.063,alternative,0.058,creative,0.049,underlying,0.049,interdependence,0.054,assessed,0.068
55,voluntary,0.06,estimate,0.036,providing,0.063,structural,0.058,expression,0.049,data,0.045,posture,0.054,causal,0.068
56,people,0.052,excellent,0.036,put,0.063,well,0.058,interpersonal,0.049,director,0.045,productivity,0.054,certain,0.068
57,relevant,0.052,interface,0.036,receiver,0.063,demography,0.051,lead,0.049,explore,0.045,repeated,0.054,convergent,0.068
58,supervisor,0.052,justice,0.036,rely,0.063,harrison,0.051,motivate,0.049,fast,0.045,corporate,0.052,discriminant,0.068
59,behavior,0.048,mobility,0.036,reutzel,0.063,known,0.051,needed,0.049,heuristic,0.045,level,0.052,integrated,0.068
60,development,0.048,physical,0.036,root,0.063,liden,0.051,oldham,0.049,independence,0.045,likely,0.052,metaanalysis,0.068
61,relationship,0.048,review,0.036,rule,0.063,member,0.051,podsakoff,0.049,interview,0.045,positively,0.052,moderator,0.068
62,result,0.048,role,0.036,sender,0.063,access,0.044,rating,0.049,maker,0.045,significant,0.052,others,0.068
63,social,0.048,savickas,0.036,shore,0.063,conducted,0.044,seeking,0.049,mason,0.045,article,0.051,strongly,0.068
64,study,0.048,across,0.035,specified,0.063,context,0.044,selling,0.049,phenomenon,0.045,commitment,0.046,taking,0.068
65,two,0.048,form,0.035,synthesis,0.063,hypothesized,0.044,stream,0.049,proxy,0.045,degree,0.046,testing,0.068
66,concept,0.045,reliability,0.035,tend,0.063,information,0.044,three,0.049,reflection,0.045,hypothesis,0.046,organizational,0.065
67,determinant,0.045,satisfaction,0.035,tenet,0.063,mediated,0.044,zhou,0.049,role,0.045,impact,0.046,research,0.065
68,inc,0.045,article,0.034,usefulness,0.063,negatively,0.044,career,0.047,size,0.045,manufacturing,0.046,theory,0.065
69,practice,0.045,present,0.034,antecedent,0.056,past,0.044,contextual,0.047,tenure,0.045,position,0.046,ass,0.059
70,team,0.045,antecedent,0.032,behavior,0.056,relational,0.044,difference,0.047,tmt,0.045,team,0.046,base,0.059
71,discus,0.04,behavior,0.032,organization,0.056,construct,0.041,empirical,0.047,empirical,0.043,theoretical,0.046,climate,0.059
72,discussed,0.04,support,0.032,perceived,0.056,future,0.041,six,0.047,focus,0.043,top,0.046,consistency,0.059
73,framework,0.04,associated,0.031,relationship,0.056,individual,0.041,theoretical,0.047,identity,0.043,turn,0.046,corporate,0.059
74,professional,0.04,perception,0.031,two,0.056,organization,0.041,antecedent,0.044,influence,0.043,result,0.04,increase,0.059
75,question,0.04,self,0.031,application,0.053,perceived,0.041,factor,0.044,perspective,0.043,support,0.04,increased,0.059
76,among,0.036,six,0.031,become,0.053,beyond,0.039,performance,0.044,theoretical,0.043,two,0.04,predicted,0.059
77,answer,0.036,unique,0.031,complex,0.053,impact,0.039,relationship,0.044,time,0.043,capital,0.039,reliability,0.059
78,attached,0.036,also,0.03,concern,0.053,integration,0.039,result,0.044,relationship,0.04,climate,0.039,describe,0.052
79,bandura,0.036,arthur,0.03,cropanzano,0.053,job,0.039,social,0.044,advice,0.038,need,0.039,determinant,0.052
80,betz,0.036,constructing,0.03,difficulty,0.053,term,0.039,support,0.044,composition,0.038,positive,0.039,practice,0.052
81,broad,0.036,explained,0.03,formulation,0.053,theory,0.037,application,0.041,framework,0.038,achieve,0.036,validation,0.052
82,community,0.036,generally,0.03,forward,0.053,characteristic,0.034,argue,0.041,hambrick,0.038,better,0.036,discus,0.046
83,complete,0.036,help,0.03,highlight,0.053,framework,0.034,article,0.041,high,0.038,collected,0.036,internal,0.046
84,compliance,0.036,stress,0.03,idea,0.053,high,0.034,category,0.041,however,0.038,configurational,0.036,manager,0.046
85,constrain,0.036,strongly,0.03,including,0.053,measure,0.034,conceptual,0.041,incremental,0.038,contract,0.036,resource,0.046
86,conventional,0.036,supervision,0.03,indicated,0.053,tested,0.034,continuance,0.041,make,0.038,contrary,0.036,data,0.041
87,converge,0.036,factor,0.027,integrate,0.053,validity,0.034,differentiated,0.041,methodology,0.038,equity,0.036,evidence,0.041
88,corley,0.036,result,0.027,interpret,0.053,actual,0.031,directly,0.041,outside,0.038,explain,0.036,structure,0.041
89,crawford,0.036,demographic,0.026,liden,0.053,advancement,0.031,domain,0.041,present,0.038,film,0.036,using,0.041
90,date,0.036,design,0.026,mitchell,0.053,allowing,0.031,efficacy,0.041,separate,0.038,hrm,0.036,construct,0.036
91,derived,0.036,identified,0.026,position,0.053,assouline,0.031,foundation,0.041,suggest,0.038,manifestation,0.036,effect,0.036
92,differentiates,0.036,initial,0.026,remain,0.053,attitudinal,0.031,high,0.041,suggesting,0.038,mode,0.036,factor,0.036
93,disengagement,0.036,negatively,0.026,respectively,0.053,begin,0.031,order,0.041,type,0.038,model,0.036,study,0.036
94,elaboration,0.036,predictor,0.026,superior,0.053,bell,0.031,supervision,0.041,used,0.038,partner,0.036,test,0.036
95,emphasizes,0.036,response,0.026,therefore,0.053,caldwell,0.031,supportive,0.041,yet,0.038,potential,0.036,,
96,employee,0.036,turnover,0.026,typically,0.053,call,0.031,model,0.039,consequence,0.034,research,0.036,,
97,enacting,0.036,variance,0.026,variation,0.053,chatman,0.031,among,0.037,environment,0.034,role,0.036,,
98,engendering,0.036,adapt,0.024,variety,0.053,competing,0.031,based,0.037,key,0.034,stable,0.036,,
99,enriching,0.036,allen,0.024,wayne,0.053,complementary,0.031,dimension,0.037,using,0.034,structuring,0.036,,
100,entitled,0.036,analytic,0.024,whether,0.053,composed,0.031,several,0.037,activity,0.032,studio,0.036,,
101,erez,0.036,available,0.024,model,0.05,confirmatory,0.031,adaptability,0.035,assumption,0.032,technology,0.036,,
102,exceed,0.036,based,0.024,access,0.046,density,0.031,context,0.035,cognition,0.032,theoretic,0.036,,
103,exercise,0.036,capture,0.024,applied,0.046,direct,0.031,identified,0.035,cognitive,0.032,tsai,0.036,,
104,experiential,0.036,century,0.024,attempt,0.046,dougherty,0.031,issue,0.035,concludes,0.032,universalistic,0.036,,
105,explains,0.036,collaborated,0.024,central,0.046,dyad,0.031,method,0.035,demographic,0.032,contextual,0.034,,
106,explanation,0.036,combined,0.024,human,0.046,edward,0.031,number,0.035,educational,0.032,empirical,0.034,,
107,extending,0.036,confidence,0.024,issue,0.046,embrace,0.031,person,0.035,forum,0.032,implication,0.034,,
108,extension,0.036,conservation,0.024,need,0.046,evolved,0.031,relevant,0.035,mean,0.032,interaction,0.034,,
109,firefighter,0.036,curiosity,0.024,paradigm,0.046,florey,0.031,showed,0.035,opportunity,0.032,structural,0.034,,
110,formation,0.036,designing,0.024,pay,0.046,fruitful,0.031,useful,0.035,toward,0.032,tested,0.031,,
111,gaertner,0.036,dimension,0.024,provide,0.046,gilson,0.031,variance,0.035,effect,0.03,type,0.031,,
112,goal,0.036,distress,0.024,similarity,0.046,glimpse,0.031,effect,0.033,work,0.03,argue,0.03,,
113,holtom,0.036,employed,0.024,useful,0.046,greenhaus,0.031,test,0.033,although,0.028,choice,0.03,,
114,importantly,0.036,esteem,0.024,way,0.046,holland,0.031,affect,0.031,attention,0.028,contingency,0.03,,
115,included,0.036,frone,0.024,address,0.04,illustrate,0.031,contribution,0.031,behavioral,0.028,core,0.03,,
116,includes,0.036,guichard,0.024,attention,0.04,increasing,0.031,describe,0.031,interaction,0.028,defined,0.03,,
117,integrity,0.036,incorporated,0.024,concept,0.04,initiating,0.031,determinant,0.031,problem,0.028,discipline,0.03,,
118,internalization,0.036,integrative,0.024,perspective,0.04,interpretive,0.031,field,0.031,recent,0.028,doe,0.03,,
119,interrelate,0.036,intervention,0.024,recent,0.04,involving,0.031,higher,0.031,science,0.028,help,0.03,,
120,interrelated,0.036,item,0.024,scholar,0.04,latter,0.031,implication,0.031,show,0.028,hitt,0.03,,
121,intricately,0.036,journal,0.024,special,0.04,learned,0.031,perception,0.031,various,0.028,indicator,0.03,,
122,intrinsic,0.036,marital,0.024,strategic,0.04,length,0.031,proposed,0.031,within,0.028,investment,0.03,,
123,introduced,0.036,meyer,0.024,unique,0.04,locus,0.031,science,0.031,theory,0.027,long,0.03,,
124,kahn,0.036,nonwork,0.024,variable,0.04,maynard,0.031,set,0.031,analysis,0.025,major,0.03,,
125,kaufmann,0.036,one,0.024,well,0.04,meaningful,0.031,understanding,0.031,characteristic,0.025,negative,0.03,,
126,lee,0.036,presupposition,0.024,within,0.04,medium,0.031,discus,0.027,discus,0.025,shared,0.03,,
127,left,0.036,psychometric,0.024,area,0.035,meir,0.031,finding,0.027,finding,0.025,theorizing,0.03,,
128,literature,0.036,reaction,0.024,different,0.035,mentor,0.031,multiple,0.027,importance,0.025,view,0.03,,
129,mainstream,0.036,rousseau,0.024,importance,0.035,modern,0.031,nature,0.027,question,0.025,theory,0.029,,
130,matter,0.036,sample,0.024,nature,0.035,monitoring,0.031,present,0.027,absolute,0.022,also,0.027,,
131,mechanism,0.036,series,0.024,related,0.035,move,0.031,professional,0.027,academy,0.022,among,0.027,,
132,millennium,0.036,sex,0.024,tested,0.035,net,0.031,type,0.027,acceptance,0.022,approach,0.027,,
133,mismatch,0.036,status,0.024,type,0.035,nomological,0.031,active,0.024,adaptation,0.022,environment,0.027,,
134,motivation,0.036,strain,0.024,based,0.032,often,0.031,advid,0.024,add,0.022,key,0.027,,
135,narrow,0.036,subscales,0.024,developed,0.032,parasuraman,0.031,anderson,0.024,addressing,0.022,structure,0.027,,
136,narrower,0.036,theory,0.024,direction,0.032,parry,0.031,approach,0.024,administering,0.022,using,0.027,,
137,one,0.036,utilization,0.024,employee,0.032,pass,0.031,approximately,0.024,age,0.022,across,0.026,,
138,outline,0.036,vocational,0.024,key,0.032,permit,0.031,artifactual,0.024,amason,0.022,assumption,0.026,,
139,particular,0.036,although,0.023,outcome,0.032,profile,0.031,bachrach,0.024,among,0.022,building,0.026,,
140,patching,0.036,concept,0.023,construct,0.028,propose,0.031,behaviour,0.024,applying,0.022,context,0.026,,
141,persistence,0.036,proposed,0.023,development,0.028,race,0.031,bias,0.024,approach,0.022,control,0.026,,
142,physician,0.036,psychological,0.023,four,0.028,rapp,0.031,breadth,0.024,april,0.022,form,0.026,,
143,pratt,0.036,time,0.023,future,0.028,receipt,0.031,bring,0.024,attempted,0.022,general,0.026,,
144,predict,0.036,four,0.022,individual,0.028,reconsideration,0.031,bringing,0.024,average,0.022,lower,0.026,,
145,predicts,0.036,future,0.022,result,0.028,relevance,0.031,bruce,0.024,bailey,0.022,negatively,0.026,,
146,primarily,0.036,ability,0.02,test,0.028,represent,0.031,called,0.024,bantel,0.022,prediction,0.026,,
147,prosocial,0.036,acceptable,0.02,,,representative,0.031,centered,0.024,beamish,0.022,provide,0.026,,
148,pursuit,0.036,addition,0.02,,,representing,0.031,challenging,0.024,boardroom,0.022,relational,0.026,,
149,quantitative,0.036,assessed,0.02,,,reward,0.031,clarify,0.024,bottom,0.022,reported,0.026,,
150,ranging,0.036,attachment,0.02,,,seibert,0.031,collar,0.024,bourgeois,0.022,response,0.026,,
151,reflect,0.036,concern,0.02,,,sensitive,0.031,conclude,0.024,bribery,0.022,supported,0.026,,
152,resolved,0.036,correlate,0.02,,,serf,0.031,confusion,0.024,bridge,0.022,value,0.026,,
153,review,0.036,distinction,0.02,,,simple,0.031,corresponding,0.024,carefully,0.022,worked,0.026,,
154,rich,0.036,domain,0.02,,,sparrowe,0.031,crant,0.024,carpenter,0.022,four,0.024,,
155,rockmann,0.036,extent,0.02,,,spokane,0.031,critically,0.024,causality,0.022,organization,0.024,,
156,role,0.036,first,0.02,,,sponsorship,0.031,cummings,0.024,chooses,0.022,affect,0.023,,
157,sablynski,0.036,found,0.02,,,spreitzer,0.031,deal,0.024,chosen,0.022,challenge,0.023,,
158,sacrifice,0.036,framework,0.02,,,stimulate,0.031,dealing,0.024,cjg,0.022,difference,0.023,,
159,say,0.036,important,0.02,,,strengthened,0.031,defining,0.024,closure,0.022,field,0.023,,
160,selection,0.036,indicated,0.02,,,strengthens,0.031,desirability,0.024,cohen,0.022,higher,0.023,,
161,sensebreaking,0.036,international,0.02,,,stronger,0.031,differentiating,0.024,collaborating,0.022,influence,0.023,,
162,sensegiving,0.036,long,0.02,,,student,0.031,direction,0.024,compared,0.022,show,0.023,,
163,sensemaking,0.036,meaning,0.02,,,surround,0.031,disclosure,0.024,comparing,0.022,term,0.023,,
164,situated,0.036,moderating,0.02,,,tending,0.031,discretionary,0.024,completed,0.022,within,0.023,,
165,splinting,0.036,multidimensional,0.02,,,thwart,0.031,discussing,0.024,configuration,0.022,area,0.02,,
166,stay,0.036,occupational,0.02,,,together,0.031,distinct,0.024,consensus,0.022,characteristic,0.02,,
167,strength,0.036,overall,0.02,,,transmits,0.031,dyne,0.024,contradiction,0.022,found,0.02,,
168,subunit,0.036,path,0.02,,,turban,0.031,economy,0.024,contradictory,0.022,importance,0.02,,
169,surprisingly,0.036,presented,0.02,,,typical,0.031,effectively,0.024,contribute,0.022,measure,0.02,,
170,theorize,0.036,regarding,0.02,,,unfortunately,0.031,effort,0.024,counsel,0.022,question,0.02,,
171,triggered,0.036,resource,0.02,,,viable,0.031,encouraging,0.024,crux,0.022,used,0.02,,
172,twelve,0.036,subordinate,0.02,,,wave,0.031,environment,0.024,deeper,0.022,acrossfirms,0.018,,
173,unifying,0.036,tested,0.02,,,weakened,0.031,examined,0.024,depicts,0.022,advance,0.018,,
174,update,0.036,testing,0.02,,,weakens,0.031,exhibited,0.024,differerent,0.022,agree,0.018,,
175,updated,0.036,yet,0.02,,,widely,0.031,expand,0.024,distinguishing,0.022,alignment,0.018,,
176,wide,0.036,direction,0.018,,,wormley,0.031,explores,0.024,divestiture,0.022,analyzing,0.018,,
177,woman,0.036,examined,0.018,,,approach,0.03,facility,0.024,done,0.022,appear,0.018,,
178,workgroup,0.036,adaptability,0.017,,,data,0.03,fashion,0.024,driving,0.022,archival,0.018,,
179,worth,0.036,attempt,0.017,,,develop,0.03,felt,0.024,dukerich,0.022,attributable,0.018,,
180,factor,0.032,change,0.017,,,dimension,0.03,figure,0.024,dutton,0.022,barney,0.018,,
181,four,0.032,conducted,0.017,,,direction,0.03,focused,0.024,dysfunctional,0.022,basic,0.018,,
182,future,0.032,consistency,0.017,,,employee,0.03,fugate,0.024,either,0.022,becomes,0.018,,
183,support,0.032,control,0.017,,,environment,0.03,george,0.024,element,0.022,betweenfirm,0.018,,
184,ashforth,0.03,examines,0.017,,,sample,0.03,highest,0.024,embedded,0.022,birkinshaw,0.018,,
185,attachment,0.03,issue,0.017,,,structure,0.03,hoc,0.024,emerge,0.022,body,0.018,,
186,becker,0.03,lower,0.017,,,four,0.027,host,0.024,enhances,0.022,boosted,0.018,,
187,brown,0.03,measurement,0.017,,,result,0.027,hypothesizing,0.024,enrich,0.022,breed,0.018,,
188,build,0.03,mediated,0.017,,,support,0.027,illustrated,0.024,external,0.022,budget,0.018,,
189,conceptualized,0.03,method,0.017,,,advice,0.026,improvement,0.024,eye,0.022,capability,0.018,,
190,congruence,0.03,number,0.017,,,along,0.026,indirectly,0.024,facet,0.022,cast,0.018,,
191,continuum,0.03,past,0.017,,,amount,0.026,influencing,0.024,finkelstein,0.022,cheat,0.018,,
192,core,0.03,people,0.017,,,appeared,0.026,initiate,0.024,floor,0.022,claim,0.018,,
193,correlate,0.03,provides,0.017,,,assessing,0.026,initiative,0.024,flow,0.022,code,0.018,,
194,correlation,0.03,relevant,0.017,,,benefit,0.026,integrates,0.024,fombrun,0.022,comprehensively,0.018,,
195,deep,0.03,second,0.017,,,close,0.026,interact,0.024,fortune,0.022,contingent,0.018,,
196,describes,0.03,suggestion,0.017,,,coefficient,0.026,joint,0.024,frequency,0.022,continues,0.018,,
197,distinction,0.03,value,0.017,,,cohesion,0.026,keep,0.024,function,0.022,contractual,0.018,,
198,earlier,0.03,van,0.017,,,comparison,0.026,kind,0.024,geletkanycz,0.022,contrast,0.018,,
199,enhance,0.03,individual,0.016,,,conceptualized,0.026,kinicki,0.024,gersick,0.022,controlled,0.018,,
200,evaluation,0.03,social,0.016,,,concerned,0.026,little,0.024,graebner,0.022,coordinative,0.018,,
201,examination,0.03,contextual,0.015,,,contingency,0.026,loss,0.024,grand,0.022,could,0.018,,
202,existing,0.03,describe,0.015,,,convergent,0.026,mackenzie,0.024,grow,0.022,creation,0.018,,
203,expected,0.03,focus,0.015,,,culture,0.026,mcallister,0.024,heterogeneity,0.022,criticism,0.018,,
204,experienced,0.03,perspective,0.015,,,defined,0.026,month,0.024,highlighting,0.022,criticized,0.018,,
205,explaining,0.03,different,0.014,,,difficult,0.026,morrison,0.024,hofmann,0.022,cumulative,0.018,,
206,extra,0.03,internal,0.014,,,discriminant,0.026,motivated,0.024,illuminate,0.022,curvilinearly,0.018,,
207,first,0.03,report,0.014,,,effectiveness,0.026,necessity,0.024,illustrating,0.022,define,0.018,,
208,formulation,0.03,validity,0.014,,,emerged,0.026,neglected,0.024,image,0.022,delery,0.018,,
209,guide,0.03,able,0.012,,,emotional,0.026,noncontrolling,0.024,incomplete,0.022,demanded,0.018,,
210,harrison,0.03,adapted,0.012,,,engage,0.026,ocbs,0.024,inquiry,0.022,depends,0.018,,
211,identifies,0.03,adequacy,0.012,,,evaluation,0.026,occurring,0.024,interested,0.022,determines,0.018,,
212,incremental,0.03,adopts,0.012,,,experience,0.026,offer,0.024,interorganizational,0.022,developed,0.018,,
213,investigation,0.03,adult,0.012,,,five,0.026,openness,0.024,interpretation,0.022,differ,0.018,,
214,investment,0.03,advised,0.012,,,forward,0.026,organ,0.024,intertemporal,0.022,distributed,0.018,,
215,known,0.03,aem,0.012,,,functioning,0.026,organizationally,0.024,involve,0.022,document,0.018,,
216,large,0.03,albeit,0.012,,,gavin,0.026,oriented,0.024,jackson,0.022,dominant,0.018,,
217,leave,0.03,america,0.012,,,integrating,0.026,paine,0.024,january,0.022,doty,0.018,,
218,lent,0.03,among,0.012,,,interpret,0.026,parker,0.024,keeping,0.022,economically,0.018,,
219,lepine,0.03,analyze,0.012,,,investigate,0.026,patent,0.024,lack,0.022,economics,0.018,,
220,linked,0.03,another,0.012,,,investigation,0.026,peer,0.024,langley,0.022,electronics,0.018,,
221,making,0.03,arrangement,0.012,,,mathieu,0.026,period,0.024,least,0.022,emerges,0.018,,
222,many,0.03,assistance,0.012,,,metaanalysis,0.026,phelps,0.024,lens,0.022,emphasis,0.018,,
223,mitchell,0.03,attend,0.012,,,methodological,0.026,possible,0.024,maintenance,0.022,encompass,0.018,,
224,motif,0.03,attendance,0.012,,,methodology,0.026,practitioner,0.024,matching,0.022,enjoy,0.018,,
225,narrative,0.03,availability,0.012,,,multidimensional,0.026,pro,0.024,mediational,0.022,erroneously,0.018,,
226,next,0.03,avoid,0.012,,,negative,0.026,proactivity,0.024,micro,0.022,error,0.018,,
227,numerous,0.03,balance,0.012,,,occupation,0.026,produced,0.024,microcomputer,0.022,even,0.018,,
228,occur,0.03,beauvais,0.012,,,order,0.026,program,0.024,midrange,0.022,eventually,0.018,,
229,option,0.03,beginning,0.012,,,original,0.026,prominently,0.024,mirror,0.022,evidence,0.018,,
230,organize,0.03,belief,0.012,,,overall,0.026,promotive,0.024,moderational,0.022,exclusive,0.018,,
231,part,0.03,blind,0.012,,,provided,0.026,psycho,0.024,multidisciplinary,0.022,exploring,0.018,,
232,press,0.03,book,0.012,,,subordinate,0.026,reader,0.024,name,0.022,expressed,0.018,,
233,qualitative,0.03,bordeaux,0.012,,,substantive,0.026,remedy,0.024,officer,0.022,facilitates,0.018,,
234,quit,0.03,brinley,0.012,,,superior,0.026,resulted,0.024,one,0.022,familiarity,0.018,,
235,regarding,0.03,byron,0.012,,,tsui,0.026,scott,0.024,ontological,0.022,faulty,0.018,,
236,represents,0.03,carlson,0.012,,,turn,0.026,shalley,0.024,operating,0.022,feature,0.018,,
237,system,0.03,casper,0.012,,,wayne,0.026,socialization,0.024,ordinary,0.022,food,0.018,,
238,third,0.03,catalog,0.012,,,changing,0.022,sociological,0.024,outcome,0.022,generate,0.018,,
239,topic,0.03,collection,0.012,,,complexity,0.022,solving,0.024,pace,0.022,generating,0.018,,
240,view,0.03,computed,0.012,,,control,0.022,sought,0.024,parallel,0.022,gerhart,0.018,,
241,research,0.029,concerning,0.012,,,design,0.022,specifically,0.024,persuasion,0.022,ghoshal,0.018,,
242,activity,0.026,considerable,0.012,,,diverse,0.022,statistical,0.024,plan,0.022,gibson,0.018,,
243,combine,0.026,consisting,0.012,,,examine,0.022,stifle,0.024,political,0.022,golden,0.018,,
244,condition,0.026,constructed,0.012,,,finally,0.022,stock,0.024,politics,0.022,governance,0.018,,
245,conflict,0.026,constructionism,0.012,,,fit,0.022,style,0.024,practical,0.022,greater,0.018,,
246,diverse,0.026,contextualized,0.012,,,fully,0.022,subsample,0.024,presumed,0.022,grounded,0.018,,
247,educational,0.026,cooper,0.012,,,gender,0.022,substantial,0.024,propensity,0.022,growing,0.018,,
248,finally,0.026,correlated,0.012,,,initial,0.022,subsumes,0.024,proposing,0.022,gulati,0.018,,
249,fit,0.026,counselling,0.012,,,intended,0.022,summarizes,0.024,quality,0.022,helped,0.018,,
250,gender,0.026,couple,0.012,,,involves,0.022,supervised,0.024,questionnaire,0.022,heterogeneously,0.018,,
251,general,0.026,crafted,0.012,,,measurement,0.022,supervisory,0.024,raising,0.022,highly,0.018,,
252,involvement,0.026,creating,0.012,,,mediator,0.022,taken,0.024,random,0.022,hollywood,0.018,,
253,involves,0.026,criterion,0.012,,,opportunity,0.022,task,0.024,rapidly,0.022,hope,0.018,,
254,mean,0.026,cultural,0.012,,,people,0.022,theorized,0.024,raw,0.022,hoskisson,0.018,,
255,mediates,0.026,dauwalder,0.012,,,positive,0.022,today,0.024,real,0.022,huselid,0.018,,
256,mediator,0.026,decided,0.012,,,positively,0.022,unanswered,0.024,receiving,0.022,ideal,0.018,,
257,offered,0.026,deleterious,0.012,,,project,0.022,understand,0.024,recently,0.022,ignores,0.018,,
258,person,0.026,demand,0.012,,,relation,0.022,white,0.024,recognized,0.022,ill,0.018,,
259,predictive,0.026,desirable,0.012,,,reported,0.022,written,0.024,recommend,0.022,imitability,0.018,,
260,provides,0.026,determine,0.012,,,response,0.022,development,0.022,reconsider,0.022,implementing,0.018,,
261,relational,0.026,determining,0.012,,,second,0.022,perceived,0.022,relies,0.022,indicate,0.018,,
262,search,0.026,developed,0.012,,,showed,0.022,two,0.022,reproduction,0.022,inherently,0.018,,
263,second,0.026,developing,0.012,,,significantly,0.022,appeared,0.02,reputation,0.022,initially,0.018,,
264,significant,0.026,developmental,0.012,,,stability,0.022,appropriate,0.02,required,0.022,insight,0.018,,
265,supported,0.026,dimensionality,0.012,,,strong,0.022,ashforth,0.02,resolution,0.022,institutional,0.018,,
266,toward,0.026,discourse,0.012,,,underlying,0.022,boundary,0.02,resolving,0.022,intermediate,0.018,,
267,value,0.026,discussion,0.012,,,validate,0.022,certain,0.02,rested,0.022,interunit,0.018,,
268,variance,0.026,distal,0.012,,,way,0.022,close,0.02,reveal,0.022,intrafirm,0.018,,
269,would,0.026,distinguish,0.012,,,worked,0.022,collins,0.02,reviewed,0.022,intraorganizational,0.018,,
270,alternative,0.023,distributive,0.012,,,affect,0.019,common,0.02,revisit,0.022,keats,0.018,,
271,beyond,0.023,dual,0.012,,,although,0.019,complex,0.02,revisited,0.022,kim,0.018,,
272,contextual,0.023,duarte,0.012,,,author,0.019,component,0.02,sample,0.022,lacking,0.018,,
273,contribution,0.023,earner,0.012,,,contribution,0.019,consists,0.02,sander,0.022,language,0.018,,
274,empirical,0.023,eby,0.012,,,demonstrate,0.019,controlling,0.02,scaling,0.022,later,0.018,,
275,hypothesis,0.023,endorses,0.012,,,exchange,0.019,cooperation,0.02,secondary,0.022,limited,0.018,,
276,perception,0.023,enough,0.012,,,field,0.019,critical,0.02,semistructured,0.022,linkage,0.018,,
277,proposition,0.023,environment,0.012,,,hypothesis,0.019,cross,0.02,seriously,0.022,literature,0.018,,
278,psychological,0.023,epistemology,0.012,,,interaction,0.019,current,0.02,shanley,0.022,logic,0.018,,
279,reserved,0.023,equivalence,0.012,,,personal,0.019,difficult,0.02,shop,0.022,longevity,0.018,,
280,right,0.023,esbroeck,0.012,,,problem,0.019,drawn,0.02,shorter,0.022,maintaining,0.018,,
281,science,0.023,evolution,0.012,,,process,0.019,engage,0.02,siggelkow,0.022,mediating,0.018,,
282,set,0.023,exhibit,0.012,,,proposed,0.019,enhance,0.02,single,0.022,memory,0.018,,
283,show,0.023,experiencing,0.012,,,proposition,0.019,evaluated,0.02,slow,0.022,merged,0.018,,
284,six,0.023,explicit,0.012,,,recent,0.019,expectation,0.02,smallman,0.022,michel,0.018,,
285,specific,0.023,export,0.012,,,scholar,0.019,explained,0.02,spanning,0.022,mill,0.018,,
286,term,0.023,extended,0.012,,,self,0.019,explaining,0.02,specialization,0.022,miller,0.018,,
287,top,0.023,extends,0.012,,,validation,0.019,explicitly,0.02,speed,0.022,minimills,0.018,,
288,understanding,0.023,favorable,0.012,,,various,0.019,explored,0.02,square,0.022,moderate,0.018,,
289,unique,0.023,final,0.012,,,analysis,0.017,functioning,0.02,studied,0.022,moderately,0.018,,
290,various,0.023,finely,0.012,,,different,0.017,growth,0.02,subtle,0.022,multiindustry,0.018,,
291,citizenship,0.02,flexibility,0.012,,,discus,0.017,idea,0.02,suite,0.022,multinational,0.018,,
292,found,0.02,folger,0.012,,,discussed,0.017,identifies,0.02,summarize,0.022,mutual,0.018,,
293,identify,0.02,following,0.012,,,finding,0.017,increasingly,0.02,summarizing,0.022,nearly,0.018,,
294,important,0.02,fop,0.012,,,found,0.017,indicator,0.02,tactical,0.022,nondiversified,0.018,,
295,management,0.02,formulate,0.012,,,identify,0.017,integrated,0.02,take,0.022,occupy,0.018,,
296,measure,0.02,gathered,0.012,,,importance,0.017,integrating,0.02,temporality,0.022,operationally,0.018,,
297,member,0.02,given,0.012,,,important,0.017,interrelationship,0.02,tension,0.022,opportunism,0.018,,
298,multiple,0.02,global,0.012,,,internal,0.017,investigated,0.02,terminate,0.022,overinvestment,0.018,,
299,report,0.02,globalization,0.012,,,manager,0.017,leader,0.02,thing,0.022,parkhe,0.018,,
300,suggest,0.02,grained,0.012,,,nature,0.017,leadership,0.02,three,0.022,pearce,0.018,,
301,also,0.018,grandey,0.012,,,professional,0.017,lepine,0.02,tiered,0.022,performed,0.018,,
302,approach,0.018,guidance,0.012,,,type,0.017,manufacturing,0.02,traditional,0.022,petrochemical,0.018,,
303,developed,0.018,health,0.012,,,also,0.015,many,0.02,training,0.022,predictable,0.018,,
304,dimension,0.018,herscovitch,0.012,,,among,0.015,measuring,0.02,trait,0.022,previous,0.018,,
305,direction,0.018,hobfoll,0.012,,,based,0.015,methodological,0.02,trend,0.022,produce,0.018,,
306,examined,0.018,hoboken,0.012,,,consequence,0.015,moderating,0.02,tsoukas,0.022,production,0.018,,
307,key,0.018,holistic,0.012,,,developed,0.015,motif,0.02,undergo,0.022,property,0.018,,
308,sample,0.018,implement,0.012,,,evidence,0.015,next,0.02,universality,0.022,quasi,0.018,,
309,several,0.018,include,0.012,,,examined,0.015,parameter,0.02,unveiling,0.022,rareness,0.018,,
310,task,0.018,individually,0.012,,,key,0.015,participant,0.02,ven,0.022,rate,0.018,,
311,three,0.018,interfere,0.012,,,one,0.015,path,0.02,westphal,0.022,reliable,0.018,,
312,using,0.018,juggling,0.012,,,role,0.015,percent,0.02,whats,0.022,replicate,0.018,,
313,construct,0.016,kacmar,0.012,,,several,0.015,personality,0.02,wiersema,0.022,resourcesfor,0.018,,
314,effect,0.016,konovsky,0.012,,,three,0.015,post,0.02,world,0.022,respondent,0.018,,
315,perceived,0.016,lagged,0.012,,,using,0.015,presented,0.02,yield,0.022,resultant,0.018,,
316,test,0.016,lastly,0.012,,,antecedent,0.014,procedural,0.02,antecedent,0.02,revenue,0.018,,
317,model,0.014,lift,0.012,,,behavior,0.014,prospect,0.02,behavior,0.02,robust,0.018,,
318,,,likelihood,0.012,,,factor,0.014,publication,0.02,construct,0.02,sale,0.018,,
319,,,literature,0.012,,,test,0.014,rapid,0.02,factor,0.02,scrap,0.018,,
320,,,lockwood,0.012,,,two,0.014,reciprocal,0.02,four,0.02,service,0.018,,
321,,,lyness,0.012,,,model,0.012,recommendation,0.02,future,0.02,seven,0.018,,
322,,,main,0.012,,,,,remain,0.02,result,0.02,several,0.018,,
323,,,managing,0.012,,,,,represents,0.02,social,0.02,severalfirm,0.018,,
324,,,manuscript,0.012,,,,,respectively,0.02,two,0.02,shamsie,0.018,,
325,,,markel,0.012,,,,,responsibility,0.02,aim,0.019,short,0.018,,
326,,,married,0.012,,,,,setting,0.02,alone,0.019,singular,0.018,,
327,,,misunderstanding,0.012,,,,,simultaneously,0.02,appropriate,0.019,smith,0.018,,
328,,,monograph,0.012,,,,,stress,0.02,boundary,0.019,solid,0.018,,
329,,,mowday,0.012,,,,,systematically,0.02,category,0.019,star,0.018,,
330,,,nevertheless,0.012,,,,,via,0.02,characterized,0.019,statistically,0.018,,
331,,,non,0.012,,,,,williams,0.02,chief,0.019,steel,0.018,,
332,,,north,0.012,,,,,activity,0.018,coefficient,0.019,stretch,0.018,,
333,,,nota,0.012,,,,,building,0.018,company,0.019,studying,0.018,,
334,,,notion,0.012,,,,,capital,0.018,concerned,0.019,substitutability,0.018,,
335,,,occurrence,0.012,,,,,climate,0.018,consistent,0.019,successfully,0.018,,
336,,,parent,0.012,,,,,cognition,0.018,controlling,0.019,talent,0.018,,
337,,,particularly,0.012,,,,,complexity,0.018,critical,0.019,taxonomy,0.018,,
338,,,pilot,0.012,,,,,condition,0.018,cross,0.019,television,0.018,,
339,,,porfeli,0.012,,,,,conducted,0.018,dependent,0.019,ten,0.018,,
340,,,possibility,0.012,,,,,considering,0.018,directly,0.019,theater,0.018,,
341,,,potentially,0.012,,,,,consistency,0.018,discipline,0.019,thousand,0.018,,
342,,,prevent,0.012,,,,,diverse,0.018,diversification,0.019,transfer,0.018,,
343,,,preventive,0.012,,,,,equation,0.018,draw,0.019,treat,0.018,,
344,,,primary,0.012,,,,,examine,0.018,emotional,0.019,tripoli,0.018,,
345,,,professor,0.012,,,,,examines,0.018,environmental,0.019,uncertain,0.018,,
346,,,progression,0.012,,,,,functional,0.018,existing,0.019,uncertainty,0.018,,
347,,,proximal,0.012,,,,,human,0.018,explored,0.019,underinvestment,0.018,,
348,,,putting,0.012,,,,,hypothesized,0.018,facilitate,0.019,unpredictable,0.018,,
349,,,raise,0.012,,,,,independent,0.018,gavin,0.019,unresolved,0.018,,
350,,,range,0.012,,,,,initial,0.018,highlight,0.019,valid,0.018,,
351,,,rather,0.012,,,,,intended,0.018,hitt,0.019,validated,0.018,,
352,,,recognizing,0.012,,,,,offered,0.018,identifying,0.019,behavior,0.016,,
353,,,recurring,0.012,,,,,positive,0.018,increasingly,0.019,test,0.016,,
354,,,reduce,0.012,,,,,predictive,0.018,integrate,0.019,work,0.016,,
355,,,relate,0.012,,,,,predictor,0.018,investigate,0.019,ability,0.015,,
356,,,relative,0.012,,,,,provide,0.018,last,0.019,addition,0.015,,
357,,,relocation,0.012,,,,,received,0.018,light,0.019,arthur,0.015,,
358,,,remained,0.012,,,,,relation,0.018,linked,0.019,attitude,0.015,,
359,,,require,0.012,,,,,reported,0.018,macro,0.019,becker,0.015,,
360,,,residual,0.012,,,,,satisfaction,0.018,major,0.019,become,0.015,,
361,,,respect,0.012,,,,,search,0.018,managerial,0.019,build,0.015,,
362,,,resulting,0.012,,,,,supervisor,0.018,mathieu,0.019,causal,0.015,,
363,,,rossier,0.012,,,,,toward,0.018,meaning,0.019,characterized,0.015,,
364,,,russell,0.012,,,,,validate,0.018,measured,0.019,chief,0.015,,
365,,,scalar,0.012,,,,,van,0.018,measuring,0.019,cohesion,0.015,,
366,,,schedule,0.012,,,,,way,0.018,metric,0.019,collins,0.015,,
367,,,since,0.012,,,,,worked,0.018,national,0.019,common,0.015,,
368,,,solution,0.012,,,,,would,0.018,numerous,0.019,composition,0.015,,
369,,,soresi,0.012,,,,,address,0.016,option,0.019,comprehensive,0.015,,
370,,,stanley,0.012,,,,,associated,0.016,original,0.019,consistent,0.015,,
371,,,steer,0.012,,,,,attention,0.016,parameter,0.019,current,0.015,,
372,,,stressor,0.012,,,,,author,0.016,play,0.019,demonstrated,0.015,,
373,,,strict,0.012,,,,,beyond,0.016,predicting,0.019,describes,0.015,,
374,,,strongest,0.012,,,,,challenge,0.016,prior,0.019,draw,0.015,,
375,,,structured,0.012,,,,,concept,0.016,progress,0.019,drawing,0.015,,
376,,,sullivan,0.012,,,,,demonstrate,0.016,psychosocial,0.019,earlier,0.015,,
377,,,systematic,0.012,,,,,group,0.016,rapid,0.019,emerged,0.015,,
378,,,technique,0.012,,,,,identity,0.016,recommendation,0.019,environmental,0.015,,
379,,,tended,0.012,,,,,impact,0.016,reflected,0.019,evaluated,0.015,,
380,,,tepper,0.012,,,,,influence,0.016,setting,0.019,examination,0.015,,
381,,,theme,0.012,,,,,made,0.016,source,0.019,examining,0.015,,
382,,,thinking,0.012,,,,,moderated,0.016,still,0.019,executive,0.015,,
383,,,thompson,0.012,,,,,obtained,0.016,substantive,0.019,experience,0.015,,
384,,,thus,0.012,,,,,psychological,0.016,survey,0.019,extent,0.015,,
385,,,topical,0.012,,,,,specific,0.016,theorizing,0.019,facilitate,0.015,,
386,,,topolnytsky,0.012,,,,,strategic,0.016,tie,0.019,foundation,0.015,,
387,,,total,0.012,,,,,structural,0.016,topic,0.019,generally,0.015,,
388,,,trauma,0.012,,,,,top,0.016,transition,0.019,growth,0.015,,
389,,,trying,0.012,,,,,various,0.016,typically,0.019,hambrick,0.015,,
390,,,underscore,0.012,,,,,area,0.014,via,0.019,however,0.015,,
391,,,university,0.012,,,,,discussed,0.014,academic,0.016,identifying,0.015,,
392,,,unrelated,0.012,,,,,framework,0.014,affective,0.016,intensity,0.015,,
393,,,usa,0.012,,,,,identify,0.014,ass,0.016,interrelationship,0.015,,
394,,,usage,0.012,,,,,importance,0.014,central,0.016,investigated,0.015,,
395,,,using,0.012,,,,,important,0.014,changing,0.016,large,0.015,,
396,,,utilized,0.012,,,,,internal,0.014,collaboration,0.016,leadership,0.015,,
397,,,utilizing,0.012,,,,,question,0.014,considering,0.016,light,0.015,,
398,,,varied,0.012,,,,,suggest,0.014,examine,0.016,low,0.015,,
399,,,version,0.012,,,,,used,0.014,fully,0.016,macro,0.015,,
400,,,vianen,0.012,,,,,validity,0.014,functional,0.016,make,0.015,,
401,,,visually,0.012,,,,,consequence,0.012,increase,0.016,national,0.015,,
402,,,warranted,0.012,,,,,data,0.012,increased,0.016,occur,0.015,,
403,,,weakly,0.012,,,,,develop,0.012,independent,0.016,others,0.015,,
404,,,wiley,0.012,,,,,evidence,0.012,information,0.016,part,0.015,,
405,,,withdrawal,0.012,,,,,sample,0.012,involvement,0.016,percent,0.015,,
406,,,working,0.012,,,,,structure,0.012,learning,0.016,policy,0.015,,
407,,,yardley,0.012,,,,,four,0.011,likely,0.016,poor,0.015,,
408,,,construct,0.011,,,,,theory,0.01,lower,0.016,porter,0.015,,
409,,,development,0.011,,,,,,,mediated,0.016,pose,0.015,,
410,,,perceived,0.011,,,,,,,method,0.016,post,0.015,,
411,,,two,0.011,,,,,,,need,0.016,predicting,0.015,,
412,,,aim,0.01,,,,,,,number,0.016,progress,0.015,,
413,,,alone,0.01,,,,,,,organized,0.016,prospect,0.015,,
414,,,along,0.01,,,,,,,pattern,0.016,simultaneously,0.015,,
415,,,amount,0.01,,,,,,,prediction,0.016,source,0.015,,
416,,,attitude,0.01,,,,,,,predictor,0.016,spot,0.015,,
417,,,brown,0.01,,,,,,,product,0.016,suggested,0.015,,
418,,,combination,0.01,,,,,,,project,0.016,suggesting,0.015,,
419,,,comparison,0.01,,,,,,,provides,0.016,suggests,0.015,,
420,,,component,0.01,,,,,,,reliability,0.016,systematically,0.015,,
421,,,consists,0.01,,,,,,,revealed,0.016,tie,0.015,,
422,,,continuum,0.01,,,,,,,scale,0.016,tsui,0.015,,
423,,,correlation,0.01,,,,,,,stability,0.016,variation,0.015,,
424,,,cropanzano,0.01,,,,,,,strong,0.016,voluntary,0.015,,
425,,,degree,0.01,,,,,,,van,0.016,access,0.013,,
426,,,demonstrated,0.01,,,,,,,address,0.014,adaptability,0.013,,
427,,,dependent,0.01,,,,,,,alternative,0.014,affective,0.013,,
428,,,differentiated,0.01,,,,,,,associated,0.014,applied,0.013,,
429,,,difficulty,0.01,,,,,,,contribution,0.014,attempt,0.013,,
430,,,drawing,0.01,,,,,,,demonstrate,0.014,base,0.013,,
431,,,drawn,0.01,,,,,,,determinant,0.014,central,0.013,,
432,,,dynamic,0.01,,,,,,,exchange,0.014,changing,0.013,,
433,,,examining,0.01,,,,,,,hypothesis,0.014,cognitive,0.013,,
434,,,expectation,0.01,,,,,,,impact,0.014,combine,0.013,,
435,,,experienced,0.01,,,,,,,implication,0.014,complexity,0.013,,
436,,,explicitly,0.01,,,,,,,inc,0.014,concludes,0.013,,
437,,,feedback,0.01,,,,,,,integration,0.014,condition,0.013,,
438,,,guide,0.01,,,,,,,made,0.014,decision,0.013,,
439,,,identification,0.01,,,,,,,moderated,0.014,examines,0.013,,
440,,,including,0.01,,,,,,,obtained,0.014,forum,0.013,,
441,,,innovative,0.01,,,,,,,perception,0.014,functional,0.013,,
442,,,interest,0.01,,,,,,,proposed,0.014,identified,0.013,,
443,,,knowledge,0.01,,,,,,,reserved,0.014,increase,0.013,,
444,,,last,0.01,,,,,,,right,0.014,independent,0.013,,
445,,,leave,0.01,,,,,,,scholar,0.014,intended,0.013,,
446,,,lent,0.01,,,,,,,set,0.014,learning,0.013,,
447,,,linear,0.01,,,,,,,six,0.014,mediates,0.013,,
448,,,managerial,0.01,,,,,,,special,0.014,opportunity,0.013,,
449,,,measured,0.01,,,,,,,understanding,0.014,organized,0.013,,
450,,,metric,0.01,,,,,,,validation,0.014,pattern,0.013,,
451,,,narrative,0.01,,,,,,,area,0.013,pay,0.013,,
452,,,occupation,0.01,,,,,,,citizenship,0.013,predicted,0.013,,
453,,,organize,0.01,,,,,,,different,0.013,received,0.013,,
454,,,outside,0.01,,,,,,,discussed,0.013,researcher,0.013,,
455,,,participant,0.01,,,,,,,found,0.013,revealed,0.013,,
456,,,play,0.01,,,,,,,identify,0.013,showed,0.013,,
457,,,policy,0.01,,,,,,,internal,0.013,significantly,0.013,,
458,,,poor,0.01,,,,,,,measure,0.013,stability,0.013,,
459,,,porter,0.01,,,,,,,member,0.013,strong,0.013,,
460,,,pose,0.01,,,,,,,multiple,0.013,suggestion,0.013,,
461,,,prior,0.01,,,,,,,nature,0.013,useful,0.013,,
462,,,procedural,0.01,,,,,,,professional,0.013,alternative,0.011,,
463,,,provided,0.01,,,,,,,report,0.013,although,0.011,,
464,,,psychosocial,0.01,,,,,,,tested,0.013,associated,0.011,,
465,,,publication,0.01,,,,,,,validity,0.013,attention,0.011,,
466,,,qualitative,0.01,,,,,,,also,0.011,behavioral,0.011,,
467,,,quit,0.01,,,,,,,based,0.011,demonstrate,0.011,,
468,,,reciprocal,0.01,,,,,,,develop,0.011,describe,0.011,,
469,,,reflected,0.01,,,,,,,developed,0.011,focus,0.011,,
470,,,responsibility,0.01,,,,,,,direction,0.011,integration,0.011,,
471,,,score,0.01,,,,,,,evidence,0.011,made,0.011,,
472,,,separate,0.01,,,,,,,examined,0.011,moderated,0.011,,
473,,,shared,0.01,,,,,,,literature,0.011,obtained,0.011,,
474,,,spot,0.01,,,,,,,several,0.011,problem,0.011,,
475,,,still,0.01,,,,,,,structure,0.011,proposition,0.011,,
476,,,suggested,0.01,,,,,,,task,0.011,recent,0.011,,
477,,,suggests,0.01,,,,,,,development,0.01,special,0.011,,
478,,,survey,0.01,,,,,,,support,0.01,specific,0.011,,
479,,,therefore,0.01,,,,,,,,,time,0.011,,
480,,,third,0.01,,,,,,,,,understanding,0.011,,
481,,,transition,0.01,,,,,,,,,unique,0.011,,
482,,,variety,0.01,,,,,,,,,variable,0.011,,
483,,,whether,0.01,,,,,,,,,citizenship,0.01,,
484,,,williams,0.01,,,,,,,,,discussed,0.01,,
485,,,applied,0.009,,,,,,,,,finding,0.01,,
486,,,ass,0.009,,,,,,,,,identify,0.01,,
487,,,assumption,0.009,,,,,,,,,important,0.01,,
488,,,cognition,0.009,,,,,,,,,member,0.01,,
489,,,collaboration,0.009,,,,,,,,,multiple,0.01,,
490,,,combine,0.009,,,,,,,,,present,0.01,,
491,,,concludes,0.009,,,,,,,,,report,0.01,,
492,,,considering,0.009,,,,,,,,,suggest,0.01,,
493,,,decision,0.009,,,,,,,,,consequence,0.009,,
494,,,educational,0.009,,,,,,,,,develop,0.009,,
495,,,equation,0.009,,,,,,,,,examined,0.009,,
496,,,finally,0.009,,,,,,,,,one,0.009,,
497,,,forum,0.009,,,,,,,,,outcome,0.009,,
498,,,fully,0.009,,,,,,,,,sample,0.009,,
499,,,gender,0.009,,,,,,,,,task,0.009,,
500,,,general,0.009,,,,,,,,,three,0.009,,
501,,,hypothesized,0.009,,,,,,,,,antecedent,0.008,,
502,,,increased,0.009,,,,,,,,,development,0.008,,
503,,,involvement,0.009,,,,,,,,,factor,0.008,,
504,,,involves,0.009,,,,,,,,,future,0.008,,
505,,,likely,0.009,,,,,,,,,individual,0.008,,
506,,,mean,0.009,,,,,,,,,perceived,0.008,,
507,,,mediates,0.009,,,,,,,,,,,,
508,,,mediator,0.009,,,,,,,,,,,,
509,,,modeling,0.009,,,,,,,,,,,,
510,,,offered,0.009,,,,,,,,,,,,
511,,,organized,0.009,,,,,,,,,,,,
512,,,paradigm,0.009,,,,,,,,,,,,
513,,,pattern,0.009,,,,,,,,,,,,
514,,,pay,0.009,,,,,,,,,,,,
515,,,positively,0.009,,,,,,,,,,,,
516,,,predicted,0.009,,,,,,,,,,,,
517,,,prediction,0.009,,,,,,,,,,,,
518,,,predictive,0.009,,,,,,,,,,,,
519,,,product,0.009,,,,,,,,,,,,
520,,,revealed,0.009,,,,,,,,,,,,
521,,,significant,0.009,,,,,,,,,,,,
522,,,significantly,0.009,,,,,,,,,,,,
523,,,similarity,0.009,,,,,,,,,,,,
524,,,supported,0.009,,,,,,,,,,,,
525,,,underlying,0.009,,,,,,,,,,,,
526,,,validate,0.009,,,,,,,,,,,,
527,,,would,0.009,,,,,,,,,,,,
528,,,address,0.008,,,,,,,,,,,,
529,,,affect,0.008,,,,,,,,,,,,
530,,,author,0.008,,,,,,,,,,,,
531,,,behavioral,0.008,,,,,,,,,,,,
532,,,beyond,0.008,,,,,,,,,,,,
533,,,challenge,0.008,,,,,,,,,,,,
534,,,difference,0.008,,,,,,,,,,,,
535,,,field,0.008,,,,,,,,,,,,
536,,,higher,0.008,,,,,,,,,,,,
537,,,identity,0.008,,,,,,,,,,,,
538,,,influence,0.008,,,,,,,,,,,,
539,,,integration,0.008,,,,,,,,,,,,
540,,,interaction,0.008,,,,,,,,,,,,
541,,,made,0.008,,,,,,,,,,,,
542,,,moderated,0.008,,,,,,,,,,,,
543,,,obtained,0.008,,,,,,,,,,,,
544,,,personal,0.008,,,,,,,,,,,,
545,,,practice,0.008,,,,,,,,,,,,
546,,,process,0.008,,,,,,,,,,,,
547,,,proposition,0.008,,,,,,,,,,,,
548,,,scholar,0.008,,,,,,,,,,,,
549,,,science,0.008,,,,,,,,,,,,
550,,,special,0.008,,,,,,,,,,,,
551,,,specific,0.008,,,,,,,,,,,,
552,,,structural,0.008,,,,,,,,,,,,
553,,,term,0.008,,,,,,,,,,,,
554,,,validation,0.008,,,,,,,,,,,,
555,,,well,0.008,,,,,,,,,,,,
556,,,within,0.008,,,,,,,,,,,,
557,,,area,0.007,,,,,,,,,,,,
558,,,characteristic,0.007,,,,,,,,,,,,
559,,,citizenship,0.007,,,,,,,,,,,,
560,,,manager,0.007,,,,,,,,,,,,
561,,,multiple,0.007,,,,,,,,,,,,
562,,,nature,0.007,,,,,,,,,,,,
563,,,professional,0.007,,,,,,,,,,,,
564,,,question,0.007,,,,,,,,,,,,
565,,,suggest,0.007,,,,,,,,,,,,
566,,,used,0.007,,,,,,,,,,,,
567,,,approach,0.006,,,,,,,,,,,,
568,,,develop,0.006,,,,,,,,,,,,
569,,,evidence,0.006,,,,,,,,,,,,
570,,,several,0.006,,,,,,,,,,,,
571,,,structure,0.006,,,,,,,,,,,,
572,,,task,0.006,,,,,,,,,,,,
573,,,performance,0.005,,,,,,,,,,,,
574,,,test,0.005,,,,,,,,,,,,
