,1,1,3,3,2,2
,Term,Tfidf,Term,Tfidf,Term,Tfidf
0,layer,0.236,material,0.306,skin,0.327
1,material,0.205,battery,0.296,graphene,0.264
2,atomic,0.2,ion,0.282,sensor,0.196
3,transition,0.173,energy,0.262,electronic,0.173
4,dimensional,0.162,graphene,0.23,high,0.142
5,single,0.162,capacitor,0.148,array,0.138
6,hydrogen,0.16,electrode,0.141,pressure,0.138
7,evolution,0.152,method,0.131,device,0.132
8,boundary,0.147,electrochemical,0.127,matrix,0.12
9,two,0.134,storage,0.127,reduction,0.12
10,molybdenum,0.133,lithium,0.099,stretchable,0.12
11,edge,0.12,application,0.098,network,0.118
12,phosphorene,0.12,device,0.098,oxygen,0.118
13,high,0.11,gas,0.093,application,0.112
14,alc,0.107,hummer,0.093,integration,0.105
15,disulphide,0.107,molecule,0.093,organic,0.103
16,exfoliated,0.107,science,0.093,based,0.102
17,grain,0.107,sulphur,0.093,flexible,0.102
18,monolayer,0.107,property,0.087,material,0.102
19,mxenes,0.107,carbon,0.084,catalyst,0.092
20,phase,0.107,oxide,0.084,integrated,0.092
21,site,0.107,power,0.084,active,0.091
22,surface,0.102,research,0.084,electronics,0.091
23,gap,0.093,high,0.077,performance,0.091
24,nanosheets,0.093,synthesis,0.077,ber,0.086
25,graphene,0.087,air,0.074,orr,0.086
26,large,0.087,anode,0.074,self,0.086
27,property,0.087,lib,0.074,highly,0.081
28,catalyst,0.081,nanostructured,0.074,activity,0.078
29,band,0.08,thermoelectric,0.074,dimensional,0.078
30,optical,0.08,capacity,0.07,human,0.078
31,plane,0.08,cell,0.07,electrical,0.071
32,raman,0.08,chemical,0.066,large,0.071
33,zhang,0.08,one,0.066,structure,0.071
34,energy,0.079,advance,0.056,surface,0.071
35,structure,0.079,advanced,0.056,conductor,0.069
36,activity,0.071,applicable,0.056,diode,0.069
37,crystalline,0.071,combination,0.056,emitting,0.069
38,layered,0.071,density,0.056,free,0.069
39,metal,0.071,efficiency,0.056,hybrid,0.069
40,result,0.071,electrolyte,0.056,tissue,0.069
41,carbide,0.067,higher,0.056,wearable,0.069
42,heterostructures,0.067,individual,0.056,applied,0.065
43,hole,0.067,kmno,0.056,cell,0.065
44,max,0.067,made,0.056,composite,0.065
45,moo,0.067,nib,0.056,display,0.065
46,application,0.063,particle,0.056,fuel,0.065
47,synthesis,0.063,portable,0.056,kim,0.065
48,direct,0.061,rechargeable,0.056,sheet,0.065
49,effect,0.061,replace,0.056,three,0.065
50,electrocatalytic,0.061,role,0.056,area,0.061
51,growth,0.061,sensor,0.056,conductivity,0.061
52,number,0.061,sustainable,0.056,light,0.061
53,storage,0.061,vehicle,0.056,assembled,0.052
54,strong,0.061,volume,0.056,catalytic,0.052
55,temperature,0.061,world,0.056,circuitry,0.052
56,ultrathin,0.061,beyond,0.055,component,0.052
57,electronic,0.055,change,0.055,conformal,0.052
58,atomically,0.053,field,0.055,derived,0.052
59,der,0.053,based,0.044,doped,0.052
60,heinz,0.053,electrical,0.044,elastic,0.052
61,lin,0.053,improved,0.044,fabrication,0.052
62,metallic,0.053,key,0.044,functionality,0.052
63,monolayers,0.053,large,0.044,gauge,0.052
64,peak,0.053,order,0.044,interactive,0.052
65,photoluminescence,0.053,performance,0.044,macroscale,0.052
66,phototransistor,0.053,reaction,0.044,macroscopic,0.052
67,screening,0.053,recent,0.044,mechanical,0.052
68,semiconducting,0.053,state,0.044,nitrogen,0.052
69,bulk,0.051,using,0.044,oer,0.052
70,efficient,0.051,compared,0.042,plastic,0.052
71,film,0.051,detection,0.042,practical,0.052
72,mesoporous,0.051,generation,0.042,rubber,0.052
73,significantly,0.051,increasing,0.042,sensing,0.052
74,thickness,0.051,lead,0.042,sgh,0.052
75,transistor,0.051,nanoscale,0.042,silk,0.052
76,active,0.047,process,0.042,single,0.052
77,device,0.047,provides,0.042,stimulus,0.052
78,performance,0.047,sensitivity,0.042,substrate,0.052
79,class,0.041,used,0.042,user,0.052
80,clean,0.041,access,0.037,wang,0.052
81,control,0.041,address,0.037,chemical,0.051
82,crystal,0.041,adsorbed,0.037,however,0.051
83,defect,0.041,aim,0.037,low,0.051
84,density,0.041,amount,0.037,metal,0.051
85,mode,0.041,aqueous,0.037,reaction,0.051
86,semiconductor,0.041,attained,0.037,system,0.051
87,shi,0.041,benefit,0.037,using,0.051
88,thin,0.041,bottom,0.037,well,0.051
89,type,0.041,broadly,0.037,development,0.041
90,van,0.041,bruce,0.037,exhibit,0.041
91,vapour,0.041,ccg,0.037,progress,0.041
92,wang,0.041,chemistry,0.037,report,0.041
93,zhou,0.041,conversion,0.037,similar,0.041
94,alloy,0.04,designing,0.037,strain,0.041
95,along,0.04,diffusion,0.037,artificial,0.039
96,alpha,0.04,equivalent,0.037,capable,0.039
97,barsoum,0.04,exceptional,0.037,carbon,0.039
98,carbonitrides,0.04,extended,0.037,chen,0.039
99,chang,0.04,far,0.037,complex,0.039
100,comparable,0.04,five,0.037,demonstrated,0.039
101,computational,0.04,framework,0.037,deposition,0.039
102,dichalcogenides,0.04,graphite,0.037,design,0.039
103,evaluated,0.04,heat,0.037,evolution,0.039
104,exfoliation,0.04,hierarchical,0.037,film,0.039
105,expose,0.04,highlighted,0.037,great,0.039
106,family,0.04,improvement,0.037,interface,0.039
107,frequency,0.04,insertion,0.037,long,0.039
108,good,0.04,intense,0.037,mechanically,0.039
109,hone,0.04,led,0.037,process,0.039
110,increased,0.04,nano,0.037,thin,0.039
111,indicate,0.04,needed,0.037,transistor,0.039
112,island,0.04,noise,0.037,ultrathin,0.039
113,iso,0.04,oil,0.037,various,0.039
114,lou,0.04,oxidized,0.037,via,0.039
115,microscopy,0.04,particular,0.037,work,0.039
116,mirror,0.04,play,0.037,alkaline,0.034
117,mobility,0.04,polymer,0.037,allowing,0.034
118,naguib,0.04,pseudo,0.037,although,0.034
119,observed,0.04,quantum,0.037,bending,0.034
120,optoelectronic,0.04,reduce,0.037,bio,0.034
121,principle,0.04,required,0.037,biological,0.034
122,pseudocapacitance,0.04,safe,0.037,brain,0.034
123,rich,0.04,scientific,0.037,comprising,0.034
124,room,0.04,scrosati,0.037,consists,0.034
125,shown,0.04,since,0.037,curvilinear,0.034
126,spin,0.04,sodium,0.037,cycle,0.034
127,stacking,0.04,tarascon,0.037,dai,0.034
128,terrones,0.04,towards,0.037,dimethyl,0.034
129,tilt,0.04,transformed,0.037,doping,0.034
130,twin,0.04,challenge,0.033,effectively,0.034
131,valley,0.04,charge,0.033,explored,0.034
132,visible,0.04,conductivity,0.033,fiber,0.034
133,waals,0.04,could,0.033,fibroin,0.034
134,area,0.039,current,0.033,foam,0.034
135,based,0.039,development,0.033,function,0.034
136,field,0.039,due,0.033,gfs,0.034
137,lee,0.039,fundamental,0.033,hwang,0.034
138,low,0.039,highly,0.033,hydrogel,0.034
139,report,0.039,interest,0.033,hydrothermal,0.034
140,using,0.039,low,0.033,implementation,0.034
141,also,0.032,many,0.033,instantaneous,0.034
142,highly,0.032,offer,0.033,interfaced,0.034
143,present,0.032,potential,0.033,javey,0.034
144,scale,0.032,progress,0.033,largest,0.034
145,show,0.032,review,0.033,macrostructures,0.034
146,strategy,0.032,surface,0.033,manufacture,0.034
147,catalytic,0.03,system,0.033,map,0.034
148,chen,0.03,technology,0.033,model,0.034
149,concentration,0.03,well,0.033,monitoring,0.034
150,coupling,0.03,ability,0.028,nanofibres,0.034
151,electrochemical,0.03,approach,0.028,oled,0.034
152,emerging,0.03,capability,0.028,parallel,0.034
153,excellent,0.03,capable,0.028,part,0.034
154,experimental,0.03,complex,0.028,pixel,0.034
155,formation,0.03,cost,0.028,poly,0.034
156,found,0.03,design,0.028,printable,0.034
157,gogotsi,0.03,discovery,0.028,printing,0.034
158,herein,0.03,double,0.028,processing,0.034
159,mechanism,0.03,driven,0.028,product,0.034
160,oriented,0.03,effort,0.028,ref,0.034
161,stability,0.03,electric,0.028,regarding,0.034
162,structural,0.03,enabling,0.028,response,0.034
163,whereas,0.03,fuel,0.028,siloxane,0.034
164,ajayan,0.027,generate,0.028,spatial,0.034
165,amorphous,0.027,global,0.028,spatially,0.034
166,attributed,0.027,herein,0.028,stretchability,0.034
167,bandgap,0.027,including,0.028,supported,0.034
168,basal,0.027,local,0.028,takei,0.034
169,behavior,0.027,magnitude,0.028,textile,0.034
170,bilayers,0.027,nanomaterials,0.028,wide,0.034
171,bond,0.027,operation,0.028,article,0.03
172,bound,0.027,particularly,0.028,assembly,0.03
173,calculation,0.027,pore,0.028,challenge,0.03
174,catalysis,0.027,produced,0.028,chemically,0.03
175,cause,0.027,redox,0.028,even,0.03
176,characterized,0.027,reversible,0.028,important,0.03
177,contribution,0.027,route,0.028,one,0.03
178,creation,0.027,solid,0.028,present,0.03
179,decrease,0.027,supercapacitors,0.028,review,0.03
180,determined,0.027,thermal,0.028,scale,0.03
181,disulfide,0.027,achieved,0.022,technology,0.03
182,electrocatalysis,0.027,also,0.022,two,0.03
183,electrocatalysts,0.027,among,0.022,architecture,0.026
184,end,0.027,art,0.022,demonstrate,0.026
185,engineer,0.027,assembly,0.022,developing,0.026
186,enhancement,0.027,channel,0.022,driven,0.026
187,hultman,0.027,conventional,0.022,effect,0.026
188,induced,0.027,different,0.022,efficient,0.026
189,interaction,0.027,electronics,0.022,electrode,0.026
190,interlayer,0.027,important,0.022,enable,0.026
191,intralayer,0.027,layer,0.022,essential,0.026
192,jaramillo,0.027,ordered,0.022,form,0.026
193,lateral,0.027,promising,0.022,grown,0.026
194,lattice,0.027,providing,0.022,interconnected,0.026
195,lei,0.027,range,0.022,layered,0.026
196,line,0.027,recently,0.022,like,0.026
197,localized,0.027,report,0.022,limitation,0.026
198,longitudinal,0.027,resolution,0.022,magnitude,0.026
199,member,0.027,scale,0.022,making,0.026
200,morphology,0.027,similar,0.022,nanocrystals,0.026
201,multilayer,0.027,simple,0.022,oxide,0.026
202,novel,0.027,stable,0.022,reversible,0.026
203,nucleation,0.027,structure,0.022,several,0.026
204,overpotentials,0.027,technique,0.022,specific,0.026
205,pave,0.027,two,0.022,stability,0.026
206,phonons,0.027,understanding,0.022,superior,0.026
207,photocurrent,0.027,within,0.022,thermal,0.026
208,photoresponsivity,0.027,abundance,0.019,tremendous,0.026
209,powder,0.027,accelerating,0.019,vapour,0.026
210,preferentially,0.027,accommodated,0.019,water,0.026
211,preferred,0.027,achieve,0.019,without,0.026
212,presser,0.027,adaptable,0.019,also,0.02
213,pure,0.027,adsorption,0.019,among,0.02
214,quasiparticle,0.027,affected,0.019,conductive,0.02
215,ring,0.027,agricultural,0.019,contact,0.02
216,sample,0.027,aid,0.019,could,0.02
217,scalable,0.027,alemany,0.019,current,0.02
218,shan,0.027,allowed,0.019,energy,0.02
219,sharp,0.027,alternative,0.019,first,0.02
220,slightly,0.027,analysing,0.019,future,0.02
221,solely,0.027,anion,0.019,improved,0.02
222,spectroscopy,0.027,another,0.019,liu,0.02
223,stacked,0.027,appealing,0.019,non,0.02
224,strained,0.027,approaching,0.019,order,0.02
225,successfully,0.027,arico,0.019,ordered,0.02
226,suggest,0.027,around,0.019,property,0.02
227,systematically,0.027,attache,0.019,resistance,0.02
228,tay,0.027,attention,0.019,resolution,0.02
229,theory,0.027,available,0.019,sensitive,0.02
230,thick,0.027,ayala,0.019,show,0.02
231,throughput,0.027,berlin,0.019,step,0.02
232,tightly,0.027,blake,0.019,strategy,0.02
233,trions,0.027,briefly,0.019,technique,0.02
234,unexplored,0.027,brought,0.019,understanding,0.02
235,unprecedented,0.027,cai,0.019,voltage,0.02
236,varying,0.027,case,0.019,abiotic,0.017
237,vertically,0.027,cathode,0.019,act,0.017
238,way,0.027,ceder,0.019,actuator,0.017
239,would,0.027,chamber,0.019,addition,0.017
240,xie,0.027,characterization,0.019,adoption,0.017
241,yakobson,0.027,chu,0.019,advancement,0.017
242,zou,0.027,civilization,0.019,ahn,0.017
243,beyond,0.024,closer,0.019,aida,0.017
244,charge,0.024,colloidal,0.019,akin,0.017
245,chemical,0.024,common,0.019,alone,0.017
246,chemically,0.024,complete,0.019,ambient,0.017
247,conductivity,0.024,concentrated,0.019,ammonia,0.017
248,current,0.024,conceptually,0.019,amsden,0.017
249,electrical,0.024,concern,0.019,arbitrary,0.017
250,electron,0.024,concluded,0.019,aspect,0.017
251,enhanced,0.024,conflicting,0.019,attachable,0.017
252,future,0.024,connect,0.019,attempt,0.017
253,however,0.024,consider,0.019,attractive,0.017
254,liu,0.024,constrains,0.019,augmented,0.017
255,many,0.024,containing,0.019,autonomous,0.017
256,opportunity,0.024,contingent,0.019,backplane,0.017
257,progress,0.024,continues,0.019,baek,0.017
258,promising,0.024,contributing,0.019,bao,0.017
259,recently,0.024,converted,0.019,bck,0.017
260,review,0.024,cooler,0.019,behaviour,0.017
261,capacitive,0.02,crop,0.019,bendable,0.017
262,compared,0.02,currently,0.019,bers,0.017
263,consisting,0.02,decade,0.019,best,0.017
264,controlled,0.02,depending,0.019,biocompatibility,0.017
265,demonstrate,0.02,described,0.019,biodegradability,0.017
266,deposition,0.02,desolvation,0.019,biomimetic,0.017
267,discus,0.02,detaches,0.019,bionic,0.017
268,electrocatalyst,0.02,detecting,0.019,bioresorbable,0.017
269,element,0.02,detector,0.019,biotechnology,0.017
270,fabrication,0.02,dexterity,0.019,biotic,0.017
271,functional,0.02,disadvantage,0.019,blanco,0.017
272,generation,0.02,discussed,0.019,blue,0.017
273,huang,0.02,distribution,0.019,bouncing,0.017
274,hydrophilic,0.02,dixon,0.019,brief,0.017
275,increasing,0.02,doe,0.019,brous,0.017
276,intercalation,0.02,door,0.019,build,0.017
277,interface,0.02,easy,0.019,built,0.017
278,investigated,0.02,egress,0.019,bundle,0.017
279,lead,0.02,electricity,0.019,capillary,0.017
280,level,0.02,electrification,0.019,cheng,0.017
281,mechanically,0.02,electronically,0.019,chortos,0.017
282,physical,0.02,enthusiasm,0.019,circuit,0.017
283,possibility,0.02,entity,0.019,coated,0.017
284,possible,0.02,era,0.019,compatible,0.017
285,power,0.02,event,0.019,comprised,0.017
286,produced,0.02,ever,0.019,concept,0.017
287,quality,0.02,exceptionally,0.019,concerning,0.017
288,ratio,0.02,excluding,0.019,condition,0.017
289,redox,0.02,external,0.019,conducting,0.017
290,reported,0.02,extract,0.019,confirmed,0.017
291,significant,0.02,extraction,0.019,conformable,0.017
292,size,0.02,facilitating,0.019,conformally,0.017
293,study,0.02,fact,0.019,consideration,0.017
294,substrate,0.02,feasibility,0.019,constructed,0.017
295,sun,0.02,fertilize,0.019,contain,0.017
296,superior,0.02,fever,0.019,contreras,0.017
297,synthesized,0.02,finite,0.019,correlation,0.017
298,three,0.02,fluctuation,0.019,cover,0.017
299,time,0.02,formidable,0.019,coverage,0.017
300,various,0.02,fossil,0.019,crossover,0.017
301,vary,0.02,freunberger,0.019,damage,0.017
302,via,0.02,fuelled,0.019,deformable,0.017
303,work,0.02,geim,0.019,degradation,0.017
304,achieved,0.016,generally,0.019,degree,0.017
305,additional,0.016,generates,0.019,demonstrates,0.017
306,article,0.016,governed,0.019,demonstration,0.017
307,better,0.016,gradient,0.019,derivative,0.017
308,challenge,0.016,gravimetric,0.019,desirable,0.017
309,conductive,0.016,greater,0.019,desired,0.017
310,contact,0.016,hailed,0.019,developed,0.017
311,development,0.016,handle,0.019,diagnosing,0.017
312,electronics,0.016,hardwick,0.019,directed,0.017
313,even,0.016,harness,0.019,directional,0.017
314,exhibit,0.016,harvesting,0.019,discernible,0.017
315,find,0.016,hertzberg,0.019,discussion,0.017
316,fundamental,0.016,highest,0.019,disease,0.017
317,improved,0.016,highlighting,0.019,dispersed,0.017
318,key,0.016,hill,0.019,dissolvable,0.017
319,larger,0.016,home,0.019,dissolve,0.017
320,light,0.016,horizon,0.019,distinct,0.017
321,method,0.016,hottest,0.019,droplet,0.017
322,non,0.016,hydrazine,0.019,drug,0.017
323,ordered,0.016,improve,0.019,elaborates,0.017
324,potential,0.016,inactive,0.019,electrically,0.017
325,reaction,0.016,indicating,0.019,electrochemistry,0.017
326,resolution,0.016,industrial,0.019,emitted,0.017
327,simple,0.016,influenced,0.019,enables,0.017
328,stable,0.016,ingres,0.019,ensure,0.017
329,state,0.016,inhibition,0.019,exible,0.017
330,system,0.016,insufficient,0.019,expand,0.017
331,technique,0.016,insulating,0.019,experiment,0.017
332,technology,0.016,internal,0.019,extraordinary,0.017
333,well,0.016,interwoven,0.019,fearing,0.017
334,accelerated,0.013,investigation,0.019,feasible,0.017
335,acid,0.013,irrigate,0.019,feline,0.017
336,acoustic,0.013,isolation,0.019,fine,0.017
337,actually,0.013,issue,0.019,fluorinated,0.017
338,additionally,0.013,justify,0.019,focused,0.017
339,agreement,0.013,kang,0.019,foldable,0.017
340,alcn,0.013,katsnelson,0.019,four,0.017
341,alignment,0.013,kinetic,0.019,frechette,0.017
342,alves,0.013,kosynkin,0.019,fukushima,0.017
343,analogue,0.013,kvit,0.019,full,0.017
344,analysis,0.013,latest,0.019,fully,0.017
345,angle,0.013,lower,0.019,gao,0.017
346,anisotropy,0.013,magasinski,0.019,general,0.017
347,annihilation,0.013,magnesium,0.019,gillie,0.017
348,anomalous,0.013,magnetic,0.019,green,0.017
349,appreciable,0.013,mah,0.019,hammock,0.017
350,arbitrarily,0.013,mainly,0.019,hata,0.017
351,archetypical,0.013,make,0.019,health,0.017
352,arising,0.013,management,0.019,heart,0.017
353,asefa,0.013,marcano,0.019,heartbeat,0.017
354,assessing,0.013,market,0.019,hemisphere,0.017
355,associated,0.013,mathematical,0.019,history,0.017
356,asymmetric,0.013,meet,0.019,illustrate,0.017
357,baillargeat,0.013,micrometre,0.019,imparting,0.017
358,behave,0.013,mixture,0.019,implantable,0.017
359,benchmarked,0.013,modelling,0.019,improving,0.017
360,beneficial,0.013,modern,0.019,incorporation,0.017
361,berkelbach,0.013,modification,0.019,initiate,0.017
362,bicontinuous,0.013,moreover,0.019,inorganic,0.017
363,binary,0.013,morozov,0.019,input,0.017
364,binding,0.013,motion,0.019,inside,0.017
365,bipt,0.013,murali,0.019,inspired,0.017
366,black,0.013,nanoelectrodes,0.019,instance,0.017
367,body,0.013,nanoelectrolytes,0.019,intelligent,0.017
368,bonde,0.013,nanofiller,0.019,inter,0.017
369,bonding,0.013,nazar,0.019,interconnection,0.017
370,brezesinski,0.013,need,0.019,interlocked,0.017
371,brus,0.013,nevertheless,0.019,interlocking,0.017
372,butler,0.013,notable,0.019,intimate,0.017
373,cannot,0.013,novoselov,0.019,invasive,0.017
374,cao,0.013,occurring,0.019,jbh,0.017
375,careful,0.013,option,0.019,jet,0.017
376,carle,0.013,others,0.019,kaplan,0.017
377,catalytically,0.013,overcome,0.019,knowledge,0.017
378,cathodic,0.013,overcoming,0.019,lasting,0.017
379,ccr,0.013,overview,0.019,leu,0.017
380,centrosymmetric,0.013,owing,0.019,liang,0.017
381,challenging,0.013,oxidation,0.019,liquid,0.017
382,changing,0.013,partially,0.019,litt,0.017
383,characterizing,0.013,passerini,0.019,loading,0.017
384,charging,0.013,path,0.019,locally,0.017
385,chenet,0.013,peltier,0.019,lost,0.017
386,chhowalla,0.013,performing,0.019,machine,0.017
387,chorkendorff,0.013,perspective,0.019,maeda,0.017
388,clay,0.013,plethora,0.019,maintaining,0.017
389,cmos,0.013,polysulphides,0.019,maneuver,0.017
390,combinational,0.013,population,0.019,manner,0.017
391,combine,0.013,porosity,0.019,manufacturability,0.017
392,comparing,0.013,positive,0.019,manufactured,0.017
393,competing,0.013,potts,0.019,mapping,0.017
394,completely,0.013,precisely,0.019,medical,0.017
395,compromising,0.013,preparation,0.019,mesh,0.017
396,confirms,0.013,preparing,0.019,methane,0.017
397,connected,0.013,primarily,0.019,micron,0.017
398,considerable,0.013,probe,0.019,milling,0.017
399,constant,0.013,production,0.019,mimic,0.017
400,constructing,0.013,publication,0.019,minimal,0.017
401,contiguous,0.013,raccichini,0.019,monitor,0.017
402,controlling,0.013,rational,0.019,monolithically,0.017
403,correlate,0.013,reach,0.019,motivated,0.017
404,coulombic,0.013,reactivity,0.019,mounting,0.017
405,coupled,0.013,really,0.019,movable,0.017
406,covalent,0.013,received,0.019,much,0.017
407,create,0.013,requires,0.019,multiple,0.017
408,created,0.013,resolved,0.019,must,0.017
409,crystallinity,0.013,resource,0.019,nakajima,0.017
410,dcb,0.013,resurrected,0.019,nanocomposites,0.017
411,decreasing,0.013,retard,0.019,nanostructures,0.017
412,delamination,0.013,reviewed,0.019,nanotechnology,0.017
413,deliver,0.013,revolution,0.019,nanowire,0.017
414,denote,0.013,rigid,0.019,nanowires,0.017
415,dependence,0.013,schalkwijk,0.019,near,0.017
416,depends,0.013,schedin,0.019,neural,0.017
417,detail,0.013,scientist,0.019,never,0.017
418,detailed,0.013,scrutiny,0.019,normally,0.017
419,determining,0.013,seo,0.019,obtained,0.017
420,develop,0.013,simon,0.019,omenetto,0.017
421,dichalcogenide,0.013,simulation,0.019,operates,0.017
422,difference,0.013,sinitskii,0.019,optimization,0.017
423,digital,0.013,slesarev,0.019,organ,0.017
424,direction,0.013,smaller,0.019,output,0.017
425,discharge,0.013,snyder,0.019,pang,0.017
426,discovered,0.013,society,0.019,panilaitis,0.017
427,distinguished,0.013,solvated,0.019,paperlike,0.017
428,domain,0.013,sorption,0.019,park,0.017
429,drain,0.013,sought,0.019,past,0.017
430,dunn,0.013,speculate,0.019,pathway,0.017
431,durability,0.013,sphere,0.019,pei,0.017
432,early,0.013,store,0.019,platform,0.017
433,eda,0.013,stored,0.019,polydimethylsiloxane,0.017
434,edwin,0.013,subnanometre,0.019,polymeric,0.017
435,electrolysis,0.013,subsequent,0.019,poor,0.017
436,electromagnetic,0.013,succeed,0.019,powering,0.017
437,elongated,0.013,suk,0.019,precious,0.017
438,elucidate,0.013,suspension,0.019,previous,0.017
439,elucidates,0.013,tailored,0.019,printed,0.017
440,emerged,0.013,thermopower,0.019,prior,0.017
441,emphasize,0.013,though,0.019,produce,0.017
442,enhancing,0.013,thousand,0.019,profile,0.017
443,epitaxially,0.013,timely,0.019,prosthetics,0.017
444,epitaxy,0.013,toberer,0.019,quantifies,0.017
445,essence,0.013,tomorrow,0.019,quantify,0.017
446,estimated,0.013,topic,0.019,radius,0.017
447,etching,0.013,tour,0.019,randomly,0.017
448,evidence,0.013,toxic,0.019,readable,0.017
449,examined,0.013,trait,0.019,readout,0.017
450,exciting,0.013,transformative,0.019,realized,0.017
451,excitonic,0.013,trapping,0.019,red,0.017
452,exemplifies,0.013,travel,0.019,regier,0.017
453,exhibited,0.013,tunability,0.019,relay,0.017
454,expensive,0.013,ultimate,0.019,reliability,0.017
455,experimentally,0.013,upon,0.019,relies,0.017
456,explained,0.013,uptake,0.019,remains,0.017
457,exploring,0.013,usage,0.019,ren,0.017
458,extra,0.013,usually,0.019,renewable,0.017
459,faceted,0.013,variety,0.019,repeatable,0.017
460,faradaic,0.013,varzi,0.019,represents,0.017
461,fascinating,0.013,vital,0.019,reproducible,0.017
462,favour,0.013,warming,0.019,resorb,0.017
463,finding,0.013,waste,0.019,respect,0.017
464,finished,0.013,whether,0.019,resultant,0.017
465,flake,0.013,widespread,0.019,robot,0.017
466,followed,0.013,worldwide,0.019,robotics,0.017
467,following,0.013,yushin,0.019,robustness,0.017
468,former,0.013,abundant,0.014,rogers,0.017
469,fujita,0.013,advantage,0.014,safely,0.017
470,furthermore,0.013,animal,0.014,scaffold,0.017
471,gate,0.013,applied,0.014,scientifi,0.017
472,geometry,0.013,atom,0.014,scope,0.017
473,goldberger,0.013,avenue,0.014,sekitani,0.017
474,gong,0.013,become,0.014,shear,0.017
475,gram,0.013,bulk,0.014,sheng,0.017
476,greeley,0.013,called,0.014,shu,0.017
477,group,0.013,candidate,0.014,smart,0.017
478,grow,0.013,capacitance,0.014,soft,0.017
479,guide,0.013,capacitive,0.014,someya,0.017
480,gupta,0.013,carrier,0.014,specialized,0.017
481,gutierrez,0.013,clean,0.014,splitting,0.017
482,gyroid,0.013,clear,0.014,spontaneous,0.017
483,halperin,0.013,complement,0.014,spread,0.017
484,hand,0.013,component,0.014,stress,0.017
485,helicity,0.013,composed,0.014,stretched,0.017
486,heon,0.013,composite,0.014,suffer,0.017
487,hersam,0.013,concentration,0.014,suh,0.017
488,heterogeneous,0.013,construction,0.014,superb,0.017
489,heteromaterials,0.013,continued,0.014,superhydrophobic,0.017
490,highlight,0.013,contrast,0.014,surgical,0.017
491,hollen,0.013,controlled,0.014,surprisingly,0.017
492,hong,0.013,crystal,0.014,swnt,0.017
493,host,0.013,cui,0.014,swnts,0.017
494,hydrofluoric,0.013,defect,0.014,synergetic,0.017
495,hydroxyl,0.013,delivery,0.014,synergistic,0.017
496,identification,0.013,describes,0.014,tactile,0.017
497,identified,0.013,despite,0.014,takahashi,0.017
498,identify,0.013,discus,0.014,tao,0.017
499,idrobo,0.013,earth,0.014,tee,0.017
500,illuminated,0.013,easily,0.014,template,0.017
501,imaging,0.013,either,0.014,ten,0.017
502,immersing,0.013,element,0.014,testament,0.017
503,immersion,0.013,emerging,0.014,thermally,0.017
504,incident,0.013,engineering,0.014,tok,0.017
505,increase,0.013,essential,0.014,tolerance,0.017
506,independently,0.013,exceeding,0.014,torsion,0.017
507,inert,0.013,factor,0.014,touched,0.017
508,inexpensive,0.013,fast,0.014,transfer,0.017
509,initially,0.013,formation,0.014,treating,0.017
510,initio,0.013,formed,0.014,truly,0.017
511,inserted,0.013,found,0.014,turned,0.017
512,insulator,0.013,fraction,0.014,typical,0.017
513,interesting,0.013,generated,0.014,unexpected,0.017
514,interfacing,0.013,gogotsi,0.014,uniformly,0.017
515,introduce,0.013,great,0.014,unusual,0.017
516,introduces,0.013,growth,0.014,versatile,0.017
517,inverter,0.013,hold,0.014,view,0.017
518,involving,0.013,human,0.014,vigeland,0.017
519,ismach,0.013,hurdle,0.014,visual,0.017
520,isolated,0.013,hydrophilic,0.014,visualization,0.017
521,jariwala,0.013,identifying,0.014,viventi,0.017
522,jiang,0.013,improves,0.014,vivo,0.017
523,johnston,0.013,intercalation,0.014,walled,0.017
524,jtw,0.013,intrinsic,0.014,wallpaper,0.017
525,kibsgaard,0.013,investigated,0.014,wear,0.017
526,kinetics,0.013,irregular,0.014,weight,0.017
527,known,0.013,kim,0.014,wiring,0.017
528,kuno,0.013,level,0.014,wrap,0.017
529,kurtoglu,0.013,like,0.014,wrapping,0.017
530,labeling,0.013,limiting,0.014,xiao,0.017
531,landscape,0.013,long,0.014,zakin,0.017
532,laser,0.013,making,0.014,zeng,0.017
533,latter,0.013,measured,0.014,already,0.013
534,lauhon,0.013,mechanical,0.014,animal,0.013
535,length,0.013,mechanism,0.014,anniversary,0.013
536,loss,0.013,mesoporous,0.014,arises,0.013
537,lowered,0.013,micro,0.014,call,0.013
538,luo,0.013,nanotube,0.014,capability,0.013
539,machinable,0.013,nature,0.014,capacitance,0.013
540,mak,0.013,negative,0.014,carrier,0.013
541,manipulating,0.013,nitride,0.014,characteristic,0.013
542,mark,0.013,obstacle,0.014,class,0.013
543,mashtalir,0.013,occurs,0.014,consisting,0.013
544,mean,0.013,opened,0.014,construction,0.013
545,meanwhile,0.013,outline,0.014,continued,0.013
546,measurement,0.013,outstanding,0.014,control,0.013
547,membered,0.013,pace,0.014,convenient,0.013
548,merge,0.013,physic,0.014,cost,0.013
549,merit,0.013,physical,0.014,counterpart,0.013
550,mesostructure,0.013,possibility,0.014,coupling,0.013
551,metallically,0.013,possible,0.014,crystalline,0.013
552,mev,0.013,prepared,0.014,curvature,0.013
553,microstructure,0.013,producing,0.014,delivery,0.013
554,mid,0.013,ranging,0.014,describe,0.013
555,mochalin,0.013,rapid,0.014,describes,0.013
556,monolayered,0.013,reason,0.014,despite,0.013
557,monotonously,0.013,reduced,0.014,detection,0.013
558,morphological,0.013,related,0.014,direct,0.013
559,muller,0.013,removal,0.014,directly,0.013
560,multifunctional,0.013,require,0.014,effort,0.013
561,mxene,0.013,requirement,0.014,electrocatalyst,0.013
562,najmaei,0.013,result,0.014,electrocatalytic,0.013
563,nanocrystalline,0.013,robust,0.014,environment,0.013
564,nanoelectronics,0.013,ruoff,0.014,especially,0.013
565,nanoparticles,0.013,series,0.014,established,0.013
566,nanoscaled,0.013,signal,0.014,excellent,0.013
567,nanosheet,0.013,significant,0.014,expected,0.013
568,neal,0.013,size,0.014,experimental,0.013
569,next,0.013,specific,0.014,fabricated,0.013
570,niu,0.013,success,0.014,factor,0.013
571,nmos,0.013,sun,0.014,fast,0.013
572,norskov,0.013,temperature,0.014,finally,0.013
573,occur,0.013,term,0.014,force,0.013
574,octahedral,0.013,theoretical,0.014,functional,0.013
575,ofws,0.013,thus,0.014,higher,0.013
576,olivier,0.013,time,0.014,huang,0.013
577,onset,0.013,transmission,0.014,hurdle,0.013
578,open,0.013,van,0.014,impact,0.013
579,opposite,0.013,vary,0.014,including,0.013
580,optically,0.013,yet,0.014,individual,0.013
581,optoelectronics,0.013,zhu,0.014,information,0.013
582,orientation,0.013,active,0.011,inherent,0.013
583,outlining,0.013,additional,0.011,intensity,0.013
584,outlook,0.013,area,0.011,ionic,0.013
585,overpotential,0.013,article,0.011,irregular,0.013
586,overtone,0.013,better,0.011,junction,0.013
587,pantelides,0.013,chemically,0.011,little,0.013
588,parameter,0.013,conductive,0.011,made,0.013
589,paramount,0.013,contact,0.011,micro,0.013
590,paving,0.013,creating,0.011,mode,0.013
591,phonon,0.013,critically,0.011,nanomaterials,0.013
592,phosphorus,0.013,effective,0.011,nanotube,0.013
593,photoswitching,0.013,electron,0.011,number,0.013
594,phototransistors,0.013,electronic,0.011,obstacle,0.013
595,plashnitsa,0.013,enhanced,0.011,operating,0.013
596,pmos,0.013,even,0.011,operation,0.013
597,polarized,0.013,example,0.011,oriented,0.013
598,polycrystalline,0.013,exhibit,0.011,outstanding,0.013
599,portion,0.013,find,0.011,particularly,0.013
600,posse,0.013,first,0.011,platinum,0.013
601,precision,0.013,flexible,0.011,porous,0.013
602,predicted,0.013,future,0.011,prepared,0.013
603,prediction,0.013,however,0.011,presence,0.013
604,prepare,0.013,larger,0.011,presented,0.013
605,pressed,0.013,lee,0.011,producing,0.013
606,primary,0.013,light,0.011,promise,0.013
607,prismatic,0.013,liu,0.011,provide,0.013
608,progressboth,0.013,metal,0.011,provides,0.013
609,promote,0.013,non,0.011,quality,0.013
610,prompt,0.013,opportunity,0.011,ranging,0.013
611,propose,0.013,present,0.011,rapid,0.013
612,pseudocapacitive,0.013,resistance,0.011,ratio,0.013
613,pseudocapacitors,0.013,sensitive,0.011,reduced,0.013
614,quenching,0.013,show,0.011,related,0.013
615,refined,0.013,small,0.011,remarkable,0.013
616,reflects,0.013,solution,0.011,reported,0.013
617,regarded,0.013,step,0.011,represent,0.013
618,regime,0.013,strain,0.011,requirement,0.013
619,reichman,0.013,strategy,0.011,robust,0.013
620,reinecke,0.013,transport,0.011,role,0.013
621,reliable,0.013,unique,0.011,route,0.013
622,rendering,0.013,unlike,0.011,scheme,0.013
623,replacement,0.013,voltage,0.011,semiconductor,0.013
624,reveals,0.013,,,sensitivity,0.013
625,roadmap,0.013,,,series,0.013
626,robinson,0.013,,,shi,0.013
627,ryu,0.013,,,signal,0.013
628,salahuddin,0.013,,,significantly,0.013
629,sangwan,0.013,,,strong,0.013
630,scaled,0.013,,,structural,0.013
631,scattering,0.013,,,study,0.013
632,seamless,0.013,,,supercapacitors,0.013
633,select,0.013,,,switching,0.013
634,selective,0.013,,,synthesized,0.013
635,shape,0.013,,,term,0.013
636,shenoy,0.013,,,theoretical,0.013
637,shift,0.013,,,thickness,0.013
638,short,0.013,,,type,0.013
639,shortcoming,0.013,,,used,0.013
640,showed,0.013,,,vapor,0.013
641,signify,0.013,,,whereas,0.013
642,silva,0.013,,,yet,0.013
643,similarity,0.013,,,zhou,0.013
644,sio,0.013,,,achieved,0.01
645,slope,0.013,,,additional,0.01
646,sonication,0.013,,,art,0.01
647,spectroscopic,0.013,,,better,0.01
648,spectrum,0.013,,,beyond,0.01
649,spencer,0.013,,,change,0.01
650,stitched,0.013,,,channel,0.01
651,studied,0.013,,,charge,0.01
652,suggests,0.013,,,conventional,0.01
653,suitability,0.013,,,creating,0.01
654,synthesizing,0.013,,,critically,0.01
655,synthetic,0.013,,,different,0.01
656,tafel,0.013,,,due,0.01
657,technological,0.013,,,effective,0.01
658,technologically,0.013,,,electron,0.01
659,terminated,0.013,,,enhanced,0.01
660,ternary,0.013,,,example,0.01
661,test,0.013,,,field,0.01
662,tested,0.013,,,find,0.01
663,theoretically,0.013,,,fundamental,0.01
664,theoreticalon,0.013,,,interest,0.01
665,thereby,0.013,,,key,0.01
666,thermodynamics,0.013,,,larger,0.01
667,thermoelectrics,0.013,,,layer,0.01
668,tht,0.013,,,lee,0.01
669,timescale,0.013,,,many,0.01
670,together,0.013,,,method,0.01
671,tolbert,0.013,,,offer,0.01
672,tomanek,0.013,,,opportunity,0.01
673,top,0.013,,,potential,0.01
674,topological,0.013,,,promising,0.01
675,toward,0.013,,,providing,0.01
676,triangular,0.013,,,range,0.01
677,trigonal,0.013,,,recent,0.01
678,tronics,0.013,,,recently,0.01
679,tuning,0.013,,,simple,0.01
680,ultraviolet,0.013,,,small,0.01
681,uniformity,0.013,,,solution,0.01
682,useful,0.013,,,stable,0.01
683,vajtai,0.013,,,state,0.01
684,valleytronic,0.013,,,synthesis,0.01
685,value,0.013,,,transport,0.01
686,vertical,0.013,,,unique,0.01
687,vibration,0.013,,,unlike,0.01
688,voiry,0.013,,,within,0.01
689,wafer,0.013,,,,
690,wall,0.013,,,,
691,weaker,0.013,,,,
692,width,0.013,,,,
693,windl,0.013,,,,
694,yamaguchi,0.013,,,,
695,yan,0.013,,,,
696,yap,0.013,,,,
697,yield,0.013,,,,
698,yin,0.013,,,,
699,zande,0.013,,,,
700,ability,0.01,,,,
701,abundant,0.01,,,,
702,advance,0.01,,,,
703,advantage,0.01,,,,
704,already,0.01,,,,
705,anniversary,0.01,,,,
706,approach,0.01,,,,
707,architecture,0.01,,,,
708,arises,0.01,,,,
709,artificial,0.01,,,,
710,atom,0.01,,,,
711,avenue,0.01,,,,
712,battery,0.01,,,,
713,become,0.01,,,,
714,call,0.01,,,,
715,called,0.01,,,,
716,candidate,0.01,,,,
717,capacity,0.01,,,,
718,characteristic,0.01,,,,
719,clear,0.01,,,,
720,complement,0.01,,,,
721,composed,0.01,,,,
722,contrast,0.01,,,,
723,convenient,0.01,,,,
724,counterpart,0.01,,,,
725,cui,0.01,,,,
726,curvature,0.01,,,,
727,demonstrated,0.01,,,,
728,describe,0.01,,,,
729,developing,0.01,,,,
730,directly,0.01,,,,
731,discovery,0.01,,,,
732,display,0.01,,,,
733,double,0.01,,,,
734,earth,0.01,,,,
735,easily,0.01,,,,
736,either,0.01,,,,
737,electric,0.01,,,,
738,enable,0.01,,,,
739,enabling,0.01,,,,
740,engineering,0.01,,,,
741,environment,0.01,,,,
742,especially,0.01,,,,
743,established,0.01,,,,
744,exceeding,0.01,,,,
745,expected,0.01,,,,
746,fabricated,0.01,,,,
747,finally,0.01,,,,
748,force,0.01,,,,
749,form,0.01,,,,
750,formed,0.01,,,,
751,fraction,0.01,,,,
752,generate,0.01,,,,
753,generated,0.01,,,,
754,global,0.01,,,,
755,grown,0.01,,,,
756,hold,0.01,,,,
757,identifying,0.01,,,,
758,impact,0.01,,,,
759,improves,0.01,,,,
760,information,0.01,,,,
761,inherent,0.01,,,,
762,integrated,0.01,,,,
763,integration,0.01,,,,
764,intensity,0.01,,,,
765,interconnected,0.01,,,,
766,intrinsic,0.01,,,,
767,ion,0.01,,,,
768,ionic,0.01,,,,
769,junction,0.01,,,,
770,limitation,0.01,,,,
771,limiting,0.01,,,,
772,lithium,0.01,,,,
773,little,0.01,,,,
774,local,0.01,,,,
775,measured,0.01,,,,
776,nanocrystals,0.01,,,,
777,nanoscale,0.01,,,,
778,nature,0.01,,,,
779,negative,0.01,,,,
780,network,0.01,,,,
781,nitride,0.01,,,,
782,occurs,0.01,,,,
783,opened,0.01,,,,
784,operating,0.01,,,,
785,outline,0.01,,,,
786,oxygen,0.01,,,,
787,pace,0.01,,,,
788,physic,0.01,,,,
789,platinum,0.01,,,,
790,pore,0.01,,,,
791,porous,0.01,,,,
792,presence,0.01,,,,
793,presented,0.01,,,,
794,promise,0.01,,,,
795,provide,0.01,,,,
796,reason,0.01,,,,
797,remarkable,0.01,,,,
798,removal,0.01,,,,
799,represent,0.01,,,,
800,require,0.01,,,,
801,research,0.01,,,,
802,ruoff,0.01,,,,
803,scheme,0.01,,,,
804,several,0.01,,,,
805,sheet,0.01,,,,
806,solid,0.01,,,,
807,success,0.01,,,,
808,switching,0.01,,,,
809,thus,0.01,,,,
810,transmission,0.01,,,,
811,tremendous,0.01,,,,
812,vapor,0.01,,,,
813,water,0.01,,,,
814,without,0.01,,,,
815,zhu,0.01,,,,
816,among,0.008,,,,
817,art,0.008,,,,
818,assembly,0.008,,,,
819,change,0.008,,,,
820,channel,0.008,,,,
821,conventional,0.008,,,,
822,could,0.008,,,,
823,creating,0.008,,,,
824,critically,0.008,,,,
825,different,0.008,,,,
826,due,0.008,,,,
827,effective,0.008,,,,
828,example,0.008,,,,
829,first,0.008,,,,
830,flexible,0.008,,,,
831,important,0.008,,,,
832,interest,0.008,,,,
833,offer,0.008,,,,
834,one,0.008,,,,
835,order,0.008,,,,
836,providing,0.008,,,,
837,range,0.008,,,,
838,recent,0.008,,,,
839,resistance,0.008,,,,
840,sensitive,0.008,,,,
841,similar,0.008,,,,
842,small,0.008,,,,
843,solution,0.008,,,,
844,step,0.008,,,,
845,strain,0.008,,,,
846,transport,0.008,,,,
847,understanding,0.008,,,,
848,unique,0.008,,,,
849,unlike,0.008,,,,
850,voltage,0.008,,,,
851,within,0.008,,,,
