,12,12,3,3,7,7,10,10,1,1,4,4,8,8,5,5,9,9,2,2,6,6,11,11
,Term,Tfidf,Term,Tfidf,Term,Tfidf,Term,Tfidf,Term,Tfidf,Term,Tfidf,Term,Tfidf,Term,Tfidf,Term,Tfidf,Term,Tfidf,Term,Tfidf,Term,Tfidf
0,class,0.454,power,0.245,constitutional,0.455,property,0.443,siegel,0.24,statutory,0.453,criminal,0.276,sherry,0.574,sunstein,0.375,benefit,0.44,neutral,0.529,sexual,0.444
1,tort,0.303,agency,0.235,law,0.31,rule,0.328,wife,0.24,court,0.361,modern,0.276,unwritten,0.574,social,0.34,cost,0.324,restriction,0.529,harassment,0.4
2,action,0.26,doctrine,0.221,age,0.3,anticommons,0.203,status,0.234,interpretation,0.343,law,0.263,constitution,0.435,anderson,0.275,analysis,0.263,stone,0.529,work,0.229
3,attorney,0.151,legislative,0.169,aleinikoff,0.3,land,0.153,right,0.213,decision,0.315,amendment,0.214,founder,0.391,pildes,0.236,project,0.256,content,0.401,environment,0.222
4,bankruptcy,0.151,administration,0.154,balancing,0.3,default,0.152,law,0.195,congress,0.231,constitutional,0.203,,,theory,0.155,preference,0.194,,,hostile,0.222
5,coffee,0.151,court,0.154,fallon,0.3,tragedy,0.152,modernization,0.171,override,0.188,incorporation,0.187,,,analogical,0.138,adler,0.171,,,schultz,0.222
6,corporate,0.151,separation,0.147,meltzer,0.3,right,0.144,woman,0.147,supreme,0.18,international,0.187,,,arrow,0.138,unrestricted,0.171,,,supervisor,0.133
7,derivative,0.151,judicial,0.143,non,0.3,bargaining,0.131,state,0.14,congressional,0.143,position,0.184,,,berger,0.138,agency,0.147,,,workplace,0.133
8,dilemma,0.151,administrative,0.137,retroactivity,0.3,contracting,0.127,marital,0.137,article,0.14,article,0.165,,,beyond,0.138,evaluation,0.147,,,sex,0.114
9,hansmann,0.151,nondelegation,0.137,remedy,0.258,efficient,0.127,nineteenth,0.137,player,0.13,amar,0.16,,,cover,0.138,health,0.147,,,woman,0.114
10,kraakman,0.151,executive,0.132,,,strategic,0.127,prerogative,0.137,president,0.114,bill,0.134,,,interference,0.138,posner,0.147,,,professor,0.1
11,lopucki,0.151,article,0.127,,,many,0.125,century,0.13,game,0.113,defendant,0.134,,,kahan,0.138,welfare,0.147,,,account,0.091
12,macey,0.151,chevron,0.12,,,cost,0.115,civil,0.13,study,0.097,federal,0.127,,,pluralism,0.138,defense,0.129,,,based,0.091
13,mass,0.151,experimentalism,0.12,,,liability,0.115,claim,0.13,theoretical,0.097,right,0.111,,,restatement,0.138,aggregate,0.085,,,male,0.089
14,miller,0.151,constitutional,0.117,,,resource,0.109,feminist,0.118,dynamic,0.086,state,0.109,,,rubenfeld,0.138,appealing,0.085,,,masculine,0.089
15,plaintiff,0.151,professor,0.116,,,contract,0.101,joint,0.118,preference,0.086,bradley,0.107,,,slinging,0.138,array,0.085,,,narrow,0.089
16,publicly,0.151,president,0.104,,,entitlement,0.101,privacy,0.118,statute,0.086,customary,0.107,,,sullivan,0.138,constrained,0.085,,,paradigm,0.089
17,recommendation,0.151,branch,0.103,,,inefficiency,0.101,reform,0.118,data,0.075,goldsmith,0.107,,,unconstitutional,0.138,constrains,0.085,,,title,0.089
18,reorganization,0.151,history,0.103,,,owner,0.101,regime,0.118,effort,0.075,procedure,0.107,,,word,0.138,disagree,0.085,,,vii,0.089
19,shareholder,0.151,manning,0.103,,,private,0.096,political,0.117,empirical,0.075,push,0.107,,,choice,0.118,economist,0.085,,,advance,0.076
20,whitford,0.151,presidential,0.103,,,article,0.094,politics,0.117,eskridge,0.075,court,0.106,,,condition,0.118,evaluate,0.085,,,conduct,0.076
21,bargaining,0.13,regulatory,0.103,,,law,0.092,system,0.106,interaction,0.075,common,0.101,,,design,0.118,exploit,0.085,,,gender,0.076
22,company,0.13,democratic,0.091,,,trade,0.087,equality,0.103,overriding,0.075,constitution,0.101,,,expressive,0.118,improperly,0.085,,,racial,0.076
23,equity,0.13,balance,0.086,,,economic,0.086,family,0.103,pluralist,0.075,american,0.081,,,general,0.118,irrelevant,0.085,,,legal,0.075
24,held,0.13,judge,0.086,,,common,0.077,household,0.103,committee,0.065,agreement,0.08,,,lessig,0.118,maximize,0.085,,,one,0.075
25,large,0.13,precedent,0.086,,,even,0.077,labor,0.103,debate,0.065,clause,0.08,,,privacy,0.118,maximizes,0.085,,,according,0.067
26,litigation,0.13,textualist,0.086,,,information,0.077,men,0.103,responsive,0.065,counsel,0.08,,,reasoning,0.118,maximizing,0.085,,,civil,0.067
27,reform,0.13,congress,0.082,,,party,0.077,legal,0.097,civil,0.057,fourteenth,0.08,,,revival,0.118,morally,0.085,,,form,0.067
28,share,0.13,law,0.08,,,ave,0.076,federalism,0.093,recent,0.057,challenge,0.069,,,sanction,0.118,normative,0.085,,,need,0.067
29,toward,0.13,form,0.078,,,ayres,0.076,gender,0.088,federal,0.051,principle,0.069,,,violence,0.118,overall,0.085,,,status,0.067
30,unlimited,0.13,interpretation,0.078,,,ellickson,0.076,social,0.085,model,0.051,defense,0.061,,,democracy,0.104,perspective,0.085,,,argues,0.06
31,liability,0.115,statute,0.078,,,empty,0.076,property,0.078,policy,0.051,president,0.061,,,democratic,0.104,philosopher,0.085,,,also,0.055
32,war,0.115,government,0.074,,,merchant,0.076,professor,0.077,practice,0.051,section,0.061,,,mcconnell,0.104,philosophical,0.085,,,court,0.05
33,economic,0.103,actor,0.073,,,storefront,0.076,rule,0.07,process,0.051,professor,0.06,,,meaning,0.104,plausible,0.085,,,law,0.046
34,analysis,0.093,argues,0.07,,,upon,0.076,aggressive,0.069,analysis,0.047,model,0.055,,,norm,0.104,reconstructed,0.085,,,right,0.046
35,role,0.085,state,0.07,,,group,0.069,agitation,0.069,system,0.047,process,0.055,,,preference,0.104,satisfaction,0.085,,,abuse,0.044
36,,,accountability,0.068,,,complex,0.065,beating,0.069,understanding,0.047,antebellum,0.053,,,private,0.104,specialization,0.085,,,abusive,0.044
37,,,application,0.068,,,example,0.065,began,0.069,role,0.043,appointed,0.053,,,value,0.104,suitably,0.085,,,academia,0.044
38,,,core,0.068,,,market,0.065,equal,0.069,theory,0.043,approved,0.053,,,alternative,0.094,tradeoff,0.085,,,accompanies,0.044
39,,,deference,0.068,,,ownership,0.065,grant,0.069,right,0.039,argument,0.053,,,federalism,0.094,traditional,0.085,,,allowing,0.044
40,,,early,0.068,,,privilege,0.065,husband,0.069,applies,0.038,care,0.053,,,founder,0.094,undistorted,0.085,,,area,0.044
41,,,experimentation,0.068,,,absolute,0.051,immunity,0.069,attend,0.038,conclusion,0.053,,,mean,0.094,unweighted,0.085,,,bansal,0.044
42,,,governmental,0.068,,,around,0.051,preserve,0.069,average,0.038,consent,0.053,,,politics,0.094,abandoned,0.073,,,bartlett,0.044
43,,,interpretive,0.068,,,bundle,0.051,punishment,0.069,awareness,0.038,disproportionately,0.053,,,republican,0.094,broad,0.073,,,become,0.044
44,,,kagan,0.068,,,canonical,0.051,refused,0.069,carefully,0.038,foreign,0.053,,,regulation,0.085,commitment,0.073,,,bell,0.044
45,,,textualism,0.068,,,close,0.051,rhetoric,0.069,catalogue,0.038,funding,0.053,,,legal,0.078,conclude,0.073,,,benign,0.044
46,,,american,0.065,,,coasean,0.051,safeguard,0.069,central,0.038,governed,0.053,,,role,0.078,consistent,0.073,,,bringing,0.044
47,,,intent,0.065,,,custom,0.051,trope,0.069,closely,0.038,house,0.053,,,law,0.071,critic,0.073,,,card,0.044
48,,,right,0.062,,,dividing,0.051,unnecessary,0.069,conservative,0.038,innocent,0.053,,,right,0.071,follow,0.073,,,center,0.044
49,,,approach,0.059,,,encourage,0.051,wechsler,0.069,construction,0.038,majority,0.053,,,,,persuasive,0.073,,,centered,0.044
50,,,authority,0.059,,,endowed,0.051,continuing,0.059,contributing,0.038,nafta,0.053,,,,,produce,0.073,,,changing,0.044
51,,,canon,0.059,,,exclude,0.051,domestic,0.059,contribution,0.038,procedural,0.053,,,,,reasonable,0.073,,,composition,0.044
52,,,equity,0.059,,,externality,0.051,evolved,0.059,criticism,0.038,prosecutor,0.053,,,,,rethinking,0.073,,,comprehend,0.044
53,,,modern,0.059,,,fundamental,0.051,home,0.059,deepens,0.038,representative,0.053,,,,,superior,0.073,,,comprise,0.044
54,,,public,0.059,,,gertner,0.051,justified,0.059,descriptively,0.038,roosevelt,0.053,,,,,view,0.073,,,conditioning,0.044
55,,,constitution,0.052,,,harm,0.051,legislature,0.059,distributed,0.038,senate,0.053,,,,,analyzes,0.065,,,continues,0.044
56,,,decision,0.052,,,heller,0.051,market,0.059,divided,0.038,story,0.053,,,,,argue,0.065,,,cooperation,0.044
57,,,method,0.052,,,induce,0.051,official,0.059,enacting,0.038,stuntz,0.053,,,,,author,0.065,,,coworkers,0.044
58,,,variety,0.052,,,inefficient,0.051,privilege,0.059,exists,0.038,substitute,0.053,,,,,contrary,0.065,,,creating,0.044
59,,,agent,0.051,,,kiosk,0.051,racial,0.059,expectation,0.038,suppose,0.053,,,,,end,0.065,,,debilitating,0.044
60,,,bicameralism,0.051,,,knit,0.051,violence,0.059,fails,0.038,treaty,0.053,,,,,function,0.065,,,delgado,0.044
61,,,circumstance,0.051,,,moscow,0.051,would,0.059,favoring,0.038,virtue,0.053,,,,,method,0.065,,,desire,0.044
62,,,constitutionally,0.051,,,pay,0.051,yet,0.059,find,0.038,also,0.05,,,,,might,0.065,,,disadvantage,0.044
63,,,contend,0.051,,,pollution,0.051,court,0.058,generated,0.038,ackerman,0.046,,,,,otherwise,0.065,,,discrimination,0.044
64,,,declaration,0.051,,,suggest,0.051,body,0.052,give,0.038,consensus,0.046,,,,,alternative,0.058,,,dominance,0.044
65,,,dorf,0.051,,,thesis,0.051,demonstrates,0.052,impose,0.038,difficulty,0.046,,,,,economic,0.058,,,emphasizes,0.044
66,,,energy,0.051,,,underuse,0.051,national,0.052,longstanding,0.038,executive,0.046,,,,,mean,0.058,,,emphasizing,0.044
67,,,english,0.051,,,variable,0.051,protection,0.052,monitor,0.038,history,0.046,,,,,sunstein,0.058,,,employer,0.044
68,,,faithful,0.051,,,also,0.047,way,0.052,normatively,0.038,inconsistent,0.046,,,,,government,0.053,,,employment,0.044
69,,,formalist,0.051,,,analysis,0.047,congress,0.047,operation,0.038,justice,0.046,,,,,many,0.053,,,equally,0.044
70,,,institutional,0.051,,,activity,0.044,federal,0.047,overridden,0.038,last,0.046,,,,,social,0.053,,,evolve,0.044
71,,,merrill,0.051,,,commonly,0.044,founder,0.047,overrode,0.038,outside,0.046,,,,,however,0.048,,,expression,0.044
72,,,permit,0.051,,,division,0.044,group,0.047,particularly,0.038,part,0.046,,,,,legal,0.048,,,failure,0.044
73,,,presentment,0.051,,,economy,0.044,power,0.047,reject,0.038,plain,0.046,,,,,professor,0.048,,,favor,0.044
74,,,provide,0.051,,,efficiency,0.044,supreme,0.047,rejecting,0.038,popular,0.046,,,,,,,,,favored,0.044
75,,,reflects,0.051,,,employed,0.044,however,0.039,responsiveness,0.038,republic,0.046,,,,,,,,,female,0.044
76,,,sabel,0.051,,,explain,0.044,accounted,0.034,rethink,0.038,requires,0.046,,,,,,,,,focus,0.044
77,,,self,0.051,,,facilitate,0.044,accused,0.034,revisit,0.038,rise,0.046,,,,,,,,,harass,0.044
78,,,source,0.051,,,full,0.044,addict,0.034,sequential,0.038,scope,0.046,,,,,,,,,harris,0.044
79,,,sponsor,0.051,,,hold,0.044,america,0.034,several,0.038,take,0.046,,,,,,,,,identification,0.044
80,,,theory,0.048,,,human,0.044,analyze,0.034,sufficient,0.038,trade,0.046,,,,,,,,,imperial,0.044
81,,,mean,0.047,,,including,0.044,antagonism,0.034,synthesize,0.038,world,0.046,,,,,,,,,inequality,0.044
82,,,practice,0.047,,,individual,0.044,anticipated,0.034,ten,0.038,one,0.045,,,,,,,,,involves,0.044
83,,,set,0.047,,,multiple,0.044,antidiscrimination,0.034,theme,0.038,congressional,0.041,,,,,,,,,line,0.044
84,,,sunstein,0.047,,,often,0.044,asset,0.034,thorough,0.038,cost,0.041,,,,,,,,,literature,0.044
85,,,supreme,0.047,,,prone,0.044,attempt,0.034,try,0.038,developed,0.041,,,,,,,,,mcadams,0.044
86,,,committee,0.044,,,protected,0.044,baby,0.034,twelve,0.038,first,0.041,,,,,,,,,meet,0.044
87,,,doe,0.044,,,regime,0.044,back,0.034,ultimate,0.038,important,0.041,,,,,,,,,mistreatment,0.044
88,,,flaherty,0.044,,,setting,0.044,believed,0.034,unrepresented,0.038,interpretation,0.041,,,,,,,,,misunderstood,0.044
89,,,general,0.044,,,legal,0.043,black,0.034,attention,0.032,judicial,0.041,,,,,,,,,neglecting,0.044
90,,,given,0.044,,,one,0.043,butler,0.034,canon,0.032,liability,0.041,,,,,,,,,nihilism,0.044
91,,,last,0.044,,,professor,0.043,capacity,0.034,fact,0.032,meaning,0.041,,,,,,,,,nonsexual,0.044
92,,,principle,0.044,,,theory,0.043,capital,0.034,failed,0.032,might,0.041,,,,,,,,,oriented,0.044
93,,,rather,0.044,,,according,0.038,cede,0.034,implication,0.032,present,0.041,,,,,,,,,overly,0.044
94,,,setting,0.044,,,form,0.038,color,0.034,institution,0.032,show,0.041,,,,,,,,,perpetuating,0.044
95,,,would,0.044,,,instead,0.038,concerning,0.034,interpreting,0.032,status,0.041,,,,,,,,,pervasive,0.044
96,,,argue,0.039,,,norm,0.038,contested,0.034,local,0.032,war,0.041,,,,,,,,,preserving,0.044
97,,,author,0.039,,,protect,0.038,controversial,0.034,make,0.032,change,0.036,,,,,,,,,production,0.044
98,,,century,0.039,,,show,0.038,corporal,0.034,opportunity,0.032,original,0.036,,,,,,,,,prohibit,0.044
99,,,contrary,0.039,,,variety,0.038,could,0.034,per,0.032,power,0.036,,,,,,,,,prohibits,0.044
100,,,current,0.039,,,system,0.031,criticizes,0.034,period,0.032,practice,0.036,,,,,,,,,proposes,0.044
101,,,even,0.039,,,absolutely,0.025,culture,0.034,plain,0.032,question,0.036,,,,,,,,,proscribes,0.044
102,,,function,0.039,,,access,0.025,defend,0.034,posit,0.032,scholar,0.036,,,,,,,,,provides,0.044
103,,,information,0.039,,,accident,0.025,defended,0.034,position,0.032,two,0.036,,,,,,,,,quid,0.044
104,,,national,0.039,,,adaptively,0.025,demanded,0.034,prone,0.032,government,0.033,,,,,,,,,quo,0.044
105,,,recent,0.039,,,adjudicating,0.025,demise,0.034,public,0.032,regulation,0.033,,,,,,,,,reach,0.044
106,,,value,0.039,,,agriculture,0.025,develop,0.034,reflect,0.032,system,0.033,,,,,,,,,reconceptualizing,0.044
107,,,model,0.035,,,allocates,0.025,dignitary,0.034,related,0.032,absence,0.027,,,,,,,,,restrict,0.044
108,,,original,0.035,,,another,0.025,discourse,0.034,relevant,0.032,accompanied,0.027,,,,,,,,,resulted,0.044
109,,,others,0.035,,,appear,0.025,discredited,0.034,rely,0.032,accord,0.027,,,,,,,,,satisfy,0.044
110,,,political,0.035,,,appropriate,0.025,discriminatory,0.034,selective,0.032,adapting,0.027,,,,,,,,,segregation,0.044
111,,,process,0.035,,,assertion,0.025,distributes,0.034,subject,0.032,address,0.027,,,,,,,,,severe,0.044
112,,,rule,0.035,,,automobile,0.025,documenting,0.034,survey,0.032,advancing,0.027,,,,,,,,,sexually,0.044
113,,,two,0.035,,,bargain,0.025,draw,0.034,taken,0.032,affair,0.027,,,,,,,,,significance,0.044
114,,,acceptable,0.034,,,bargainer,0.025,drug,0.034,text,0.032,aftermath,0.027,,,,,,,,,singer,0.044
115,,,accurately,0.034,,,bearing,0.025,elite,0.034,third,0.032,alien,0.027,,,,,,,,,subordinate,0.044
116,,,apparent,0.034,,,belief,0.025,enforces,0.034,current,0.029,altered,0.027,,,,,,,,,subscribed,0.044
117,,,came,0.034,,,bernstein,0.025,enhances,0.034,emerges,0.029,amending,0.027,,,,,,,,,typically,0.044
118,,,check,0.034,,,brutal,0.025,eroded,0.034,first,0.029,analytic,0.027,,,,,,,,,unwelcome,0.044
119,,,choose,0.034,,,business,0.025,evolving,0.034,important,0.029,applicable,0.027,,,,,,,,,whiteness,0.044
120,,,citizen,0.034,,,cause,0.025,examining,0.034,information,0.029,arose,0.027,,,,,,,,,worker,0.044
121,,,control,0.034,,,charny,0.025,feminism,0.034,intent,0.029,assembly,0.027,,,,,,,,,workforce,0.044
122,,,conventional,0.034,,,choosing,0.025,final,0.034,issue,0.029,authorization,0.027,,,,,,,,,basis,0.038
123,,,currently,0.034,,,clairty,0.025,foray,0.034,legislative,0.029,baltimore,0.027,,,,,,,,,benefit,0.038
124,,,day,0.034,,,code,0.025,fortune,0.034,meaning,0.029,barron,0.027,,,,,,,,,commentator,0.038
125,,,decade,0.034,,,collecting,0.025,harmony,0.034,present,0.029,begin,0.027,,,,,,,,,company,0.038
126,,,decisionmaking,0.034,,,commentary,0.025,herbert,0.034,second,0.029,believe,0.027,,,,,,,,,competence,0.038
127,,,eighteenth,0.034,,,commercial,0.025,hierarchy,0.034,value,0.029,bind,0.027,,,,,,,,,conception,0.038
128,,,extension,0.034,,,context,0.025,historian,0.034,well,0.029,broaden,0.027,,,,,,,,,conflict,0.038
129,,,external,0.034,,,contractual,0.025,idiom,0.034,act,0.026,bur,0.027,,,,,,,,,design,0.038
130,,,factor,0.034,,,cooter,0.025,immediately,0.034,among,0.026,cautionary,0.027,,,,,,,,,economics,0.038
131,,,far,0.034,,,costlessly,0.025,improve,0.034,argues,0.026,clark,0.027,,,,,,,,,encouraging,0.038
132,,,finally,0.034,,,create,0.025,inflict,0.034,case,0.026,comment,0.027,,,,,,,,,engage,0.038
133,,,forbid,0.034,,,damage,0.025,informal,0.034,change,0.026,commit,0.027,,,,,,,,,evolved,0.038
134,,,founding,0.034,,,define,0.025,interiority,0.034,concludes,0.026,confirmed,0.027,,,,,,,,,feminist,0.038
135,,,goal,0.034,,,definition,0.025,intervention,0.034,interest,0.026,confronts,0.027,,,,,,,,,full,0.038
136,,,hand,0.034,,,demand,0.025,jurisprudence,0.034,original,0.026,consequence,0.027,,,,,,,,,job,0.038
137,,,idea,0.034,,,depend,0.025,jury,0.034,others,0.026,consitutional,0.027,,,,,,,,,kennedy,0.038
138,,,ideal,0.034,,,depleted,0.025,justificatory,0.034,political,0.026,constitutionalism,0.027,,,,,,,,,led,0.038
139,,,implement,0.034,,,derive,0.025,kemp,0.034,question,0.026,critical,0.027,,,,,,,,,order,0.038
140,,,inc,0.034,,,determination,0.025,key,0.034,scholar,0.026,dawn,0.027,,,,,,,,,player,0.038
141,,,knowledge,0.034,,,determining,0.025,kimel,0.034,set,0.026,declared,0.027,,,,,,,,,powerful,0.038
142,,,lawmaking,0.034,,,develops,0.025,kramer,0.034,state,0.026,depart,0.027,,,,,,,,,prevailing,0.038
143,,,long,0.034,,,dramatically,0.025,life,0.034,government,0.023,departing,0.027,,,,,,,,,pro,0.038
144,,,making,0.034,,,drawing,0.025,like,0.034,one,0.021,development,0.027,,,,,,,,,race,0.038
145,,,mandated,0.034,,,dwelling,0.025,linking,0.034,,,discussion,0.027,,,,,,,,,reducing,0.038
146,,,mixed,0.034,,,earth,0.025,love,0.034,,,easy,0.027,,,,,,,,,reflection,0.038
147,,,monitoring,0.034,,,effective,0.025,mackinnon,0.034,,,effect,0.027,,,,,,,,,revival,0.038
148,,,much,0.034,,,ensuring,0.025,manner,0.034,,,emerged,0.027,,,,,,,,,risk,0.038
149,,,mutual,0.034,,,equilibrium,0.025,material,0.034,,,ended,0.027,,,,,,,,,toward,0.038
150,,,objection,0.034,,,error,0.025,mcclesky,0.034,,,endorsed,0.027,,,,,,,,,content,0.034
151,,,objective,0.034,,,establish,0.025,ment,0.034,,,ever,0.027,,,,,,,,,critique,0.034
152,,,offer,0.034,,,evidence,0.025,misguided,0.034,,,expediency,0.027,,,,,,,,,demonstrates,0.034
153,,,origin,0.034,,,evolution,0.025,modernize,0.034,,,expounding,0.027,,,,,,,,,doctrine,0.034
154,,,particular,0.034,,,exacerbate,0.025,morrison,0.034,,,extensive,0.027,,,,,,,,,dynamic,0.034
155,,,past,0.034,,,exclusion,0.025,mounting,0.034,,,extent,0.027,,,,,,,,,method,0.034
156,,,performance,0.034,,,explore,0.025,movement,0.034,,,factual,0.027,,,,,,,,,national,0.034
157,,,periphery,0.034,,,extraordinarily,0.025,nullification,0.034,,,fourth,0.027,,,,,,,,,property,0.034
158,,,pooling,0.034,,,extremely,0.025,occurs,0.034,,,gained,0.027,,,,,,,,,protect,0.034
159,,,problem,0.034,,,familiar,0.025,overlooked,0.034,,,generate,0.027,,,,,,,,,protection,0.034
160,,,report,0.034,,,field,0.025,performed,0.034,,,golove,0.027,,,,,,,,,review,0.034
161,,,require,0.034,,,fierce,0.025,permanent,0.034,,,gunther,0.027,,,,,,,,,statute,0.034
162,,,resolve,0.034,,,filling,0.025,play,0.034,,,hard,0.027,,,,,,,,,working,0.034
163,,,scholarship,0.034,,,fishery,0.025,politician,0.034,,,harmed,0.027,,,,,,,,,act,0.03
164,,,separated,0.034,,,flexible,0.025,postwar,0.034,,,harming,0.027,,,,,,,,,alternative,0.03
165,,,serve,0.034,,,focusing,0.025,preservation,0.034,,,ignored,0.027,,,,,,,,,group,0.03
166,,,solution,0.034,,,forcing,0.025,preserved,0.034,,,iii,0.027,,,,,,,,,politics,0.03
167,,,stalemate,0.034,,,forthright,0.025,prompted,0.034,,,illustrates,0.027,,,,,,,,,republican,0.03
168,,,structure,0.034,,,front,0.025,prosecution,0.034,,,importantly,0.027,,,,,,,,,scholar,0.03
169,,,suggests,0.034,,,gap,0.025,punishing,0.034,,,incorporated,0.027,,,,,,,,,structural,0.03
170,,,textualists,0.034,,,good,0.025,putting,0.034,,,incorporates,0.027,,,,,,,,,article,0.027
171,,,though,0.034,,,ideological,0.025,racially,0.034,,,incorporating,0.027,,,,,,,,,many,0.027
172,,,three,0.034,,,image,0.025,reforming,0.034,,,influence,0.027,,,,,,,,,however,0.025
173,,,today,0.034,,,immanent,0.025,relation,0.034,,,inspired,0.027,,,,,,,,,role,0.025
174,,,treated,0.034,,,incapable,0.025,repudiated,0.034,,,investigation,0.027,,,,,,,,,theory,0.025
175,,,within,0.034,,,incident,0.025,revisionism,0.034,,,keep,0.027,,,,,,,,,,
176,,,understanding,0.032,,,incomplete,0.025,robert,0.034,,,label,0.027,,,,,,,,,,
177,,,action,0.029,,,inducing,0.025,securing,0.034,,,later,0.027,,,,,,,,,,
178,,,activity,0.029,,,infringing,0.025,smith,0.034,,,lawsuit,0.027,,,,,,,,,,
179,,,better,0.029,,,intensive,0.025,stratification,0.034,,,lawyer,0.027,,,,,,,,,,
180,,,complex,0.029,,,introduction,0.025,subordinated,0.034,,,leave,0.027,,,,,,,,,,
181,,,controlling,0.029,,,johnston,0.025,success,0.034,,,lesson,0.027,,,,,,,,,,
182,,,employed,0.029,,,jumble,0.025,suggesting,0.034,,,lid,0.027,,,,,,,,,,
183,,,era,0.029,,,kaplow,0.025,swiftly,0.034,,,limit,0.027,,,,,,,,,,
184,,,example,0.029,,,known,0.025,taming,0.034,,,lite,0.027,,,,,,,,,,
185,,,generally,0.029,,,larger,0.025,thereafter,0.034,,,logic,0.027,,,,,,,,,,
186,,,individual,0.029,,,lawmaker,0.025,thus,0.034,,,major,0.027,,,,,,,,,,
187,,,make,0.029,,,level,0.025,thwarted,0.034,,,marbury,0.027,,,,,,,,,,
188,,,often,0.029,,,likely,0.025,time,0.034,,,matter,0.027,,,,,,,,,,
189,,,picture,0.029,,,live,0.025,transforming,0.034,,,michelman,0.027,,,,,,,,,,
190,,,prevailing,0.029,,,low,0.025,translates,0.034,,,mistaken,0.027,,,,,,,,,,
191,,,reflect,0.029,,,marx,0.025,unfortunately,0.034,,,modem,0.027,,,,,,,,,,
192,,,related,0.029,,,minimizing,0.025,urge,0.034,,,mystifying,0.027,,,,,,,,,,
193,,,requires,0.029,,,mirror,0.025,usurp,0.034,,,nation,0.027,,,,,,,,,,
194,,,rise,0.029,,,mix,0.025,voice,0.034,,,next,0.027,,,,,,,,,,
195,,,subject,0.029,,,monolithic,0.025,wage,0.034,,,nonetheless,0.027,,,,,,,,,,
196,,,type,0.029,,,move,0.025,waned,0.034,,,north,0.027,,,,,,,,,,
197,,,united,0.029,,,multiply,0.025,west,0.034,,,older,0.027,,,,,,,,,,
198,,,body,0.026,,,must,0.025,writing,0.034,,,organization,0.027,,,,,,,,,,
199,,,claim,0.026,,,needed,0.025,appeal,0.029,,,originalist,0.027,,,,,,,,,,
200,,,common,0.026,,,negotiation,0.025,assumed,0.029,,,orthodoxy,0.027,,,,,,,,,,
201,,,defense,0.026,,,nonlegal,0.025,brown,0.029,,,passive,0.027,,,,,,,,,,
202,,,end,0.026,,,notably,0.025,continued,0.029,,,perverse,0.027,,,,,,,,,,
203,,,exercise,0.026,,,number,0.025,council,0.029,,,petition,0.027,,,,,,,,,,
204,,,free,0.026,,,object,0.025,course,0.029,,,philadelphia,0.027,,,,,,,,,,
205,,,historical,0.026,,,open,0.025,criminal,0.029,,,poor,0.027,,,,,,,,,,
206,,,instead,0.026,,,optimal,0.025,doe,0.029,,,poorer,0.027,,,,,,,,,,
207,,,might,0.026,,,overcoming,0.025,economy,0.029,,,populist,0.027,,,,,,,,,,
208,,,otherwise,0.026,,,overgrazed,0.025,employ,0.029,,,potentially,0.027,,,,,,,,,,
209,,,review,0.026,,,overuse,0.025,entitled,0.029,,,preempt,0.027,,,,,,,,,,
210,,,way,0.026,,,parcelized,0.025,examines,0.029,,,press,0.027,,,,,,,,,,
211,,,account,0.023,,,people,0.025,explain,0.029,,,presuppose,0.027,,,,,,,,,,
212,,,act,0.023,,,persist,0.025,explanation,0.029,,,prior,0.027,,,,,,,,,,
213,,,among,0.023,,,physical,0.025,explores,0.029,,,probably,0.027,,,,,,,,,,
214,,,case,0.023,,,policymakers,0.025,inconsistent,0.029,,,prosecute,0.027,,,,,,,,,,
215,,,concludes,0.023,,,possession,0.025,justice,0.029,,,prosecuting,0.027,,,,,,,,,,
216,,,federal,0.023,,,precise,0.025,justify,0.029,,,pushed,0.027,,,,,,,,,,
217,,,founder,0.023,,,precision,0.025,kennedy,0.029,,,radically,0.027,,,,,,,,,,
218,,,interest,0.023,,,primary,0.025,legislation,0.029,,,raise,0.027,,,,,,,,,,
219,,,policy,0.023,,,probabilistic,0.025,legitimacy,0.029,,,raising,0.027,,,,,,,,,,
220,,,many,0.021,,,puzzle,0.025,natural,0.029,,,reduces,0.027,,,,,,,,,,
221,,,regulation,0.021,,,quality,0.025,order,0.029,,,refined,0.027,,,,,,,,,,
222,,,system,0.021,,,rational,0.025,outside,0.029,,,reinterpretation,0.027,,,,,,,,,,
223,,,abandon,0.017,,,reason,0.025,period,0.029,,,revision,0.027,,,,,,,,,,
224,,,absolutist,0.017,,,regulate,0.025,popular,0.029,,,revisited,0.027,,,,,,,,,,
225,,,accordingly,0.017,,,relatively,0.025,post,0.029,,,revolution,0.027,,,,,,,,,,
226,,,achieving,0.017,,,relied,0.025,promote,0.029,,,saw,0.027,,,,,,,,,,
227,,,actual,0.017,,,reluctance,0.025,protected,0.029,,,sentence,0.027,,,,,,,,,,
228,,,addition,0.017,,,requirement,0.025,race,0.029,,,short,0.027,,,,,,,,,,
229,,,addressing,0.017,,,requisite,0.025,reasonable,0.029,,,showing,0.027,,,,,,,,,,
230,,,adequate,0.017,,,responds,0.025,recognize,0.029,,,society,0.027,,,,,,,,,,
231,,,affect,0.017,,,reveal,0.025,recognized,0.029,,,speech,0.027,,,,,,,,,,
232,,,agenda,0.017,,,scarce,0.025,reflection,0.029,,,static,0.027,,,,,,,,,,
233,,,ago,0.017,,,scientist,0.025,render,0.029,,,substantive,0.027,,,,,,,,,,
234,,,agreed,0.017,,,search,0.025,replaced,0.029,,,supersedes,0.027,,,,,,,,,,
235,,,alike,0.017,,,shapeless,0.025,seek,0.029,,,support,0.027,,,,,,,,,,
236,,,ambiguity,0.017,,,shavell,0.025,sex,0.029,,,systemic,0.027,,,,,,,,,,
237,,,ambiguous,0.017,,,side,0.025,since,0.029,,,technique,0.027,,,,,,,,,,
238,,,ancestry,0.017,,,significantly,0.025,strauss,0.029,,,tendency,0.027,,,,,,,,,,
239,,,ancient,0.017,,,site,0.025,study,0.029,,,term,0.027,,,,,,,,,,
240,,,anomaly,0.017,,,slight,0.025,welfare,0.029,,,thought,0.027,,,,,,,,,,
241,,,antiquated,0.017,,,slow,0.025,work,0.029,,,thoughtful,0.027,,,,,,,,,,
242,,,apply,0.017,,,small,0.025,american,0.026,,,total,0.027,,,,,,,,,,
243,,,applying,0.017,,,socialist,0.025,analyzes,0.026,,,transformative,0.027,,,,,,,,,,
244,,,arrangement,0.017,,,solomonic,0.025,contemporary,0.026,,,transformed,0.027,,,,,,,,,,
245,,,asserting,0.017,,,sparked,0.025,current,0.026,,,turn,0.027,,,,,,,,,,
246,,,assigning,0.017,,,still,0.025,decision,0.026,,,twenty,0.027,,,,,,,,,,
247,,,assist,0.017,,,strategy,0.025,doctrine,0.026,,,uneasy,0.027,,,,,,,,,,
248,,,associated,0.017,,,street,0.025,dynamic,0.026,,,untouched,0.027,,,,,,,,,,
249,,,assumption,0.017,,,strong,0.025,exercise,0.026,,,vice,0.027,,,,,,,,,,
250,,,assured,0.017,,,suitable,0.025,formal,0.026,,,warren,0.027,,,,,,,,,,
251,,,atexual,0.017,,,surface,0.025,free,0.026,,,wealthier,0.027,,,,,,,,,,
252,,,attain,0.017,,,systematic,0.025,instead,0.026,,,wealthy,0.027,,,,,,,,,,
253,,,attractive,0.017,,,talley,0.025,intent,0.026,,,without,0.027,,,,,,,,,,
254,,,attributed,0.017,,,tax,0.025,judicial,0.026,,,worried,0.027,,,,,,,,,,
255,,,authoritative,0.017,,,technology,0.025,mcconnell,0.026,,,aim,0.023,,,,,,,,,,
256,,,avoid,0.017,,,temporal,0.025,party,0.026,,,arguing,0.023,,,,,,,,,,
257,,,awkwardly,0.017,,,tend,0.025,protect,0.026,,,arise,0.023,,,,,,,,,,
258,,,bear,0.017,,,transaction,0.025,section,0.026,,,authority,0.023,,,,,,,,,,
259,,,beneficial,0.017,,,transition,0.025,transformation,0.026,,,basic,0.023,,,,,,,,,,
260,,,best,0.017,,,truthful,0.025,variety,0.026,,,better,0.023,,,,,,,,,,
261,,,binding,0.017,,,unauthored,0.025,war,0.026,,,branch,0.023,,,,,,,,,,
262,,,broader,0.017,,,uncertain,0.025,working,0.026,,,commonly,0.023,,,,,,,,,,
263,,,broadly,0.017,,,undivided,0.025,account,0.023,,,conclude,0.023,,,,,,,,,,
264,,,building,0.017,,,unqualified,0.025,act,0.023,,,conduct,0.023,,,,,,,,,,
265,,,burden,0.017,,,usable,0.025,among,0.023,,,conflict,0.023,,,,,,,,,,
266,,,bureaucratic,0.017,,,various,0.025,based,0.023,,,continued,0.023,,,,,,,,,,
267,,,bypass,0.017,,,versus,0.025,case,0.023,,,deal,0.023,,,,,,,,,,
268,,,calabresi,0.017,,,virtually,0.025,change,0.023,,,domestic,0.023,,,,,,,,,,
269,,,capable,0.017,,,weakly,0.025,economic,0.023,,,dominant,0.023,,,,,,,,,,
270,,,celebrate,0.017,,,whenever,0.025,interest,0.023,,,engage,0.023,,,,,,,,,,
271,,,certain,0.017,,,whereas,0.025,mean,0.023,,,era,0.023,,,,,,,,,,
272,,,challenging,0.017,,,actor,0.022,original,0.023,,,firm,0.023,,,,,,,,,,
273,,,characteristic,0.017,,,approach,0.022,practice,0.023,,,flaherty,0.023,,,,,,,,,,
274,,,checked,0.017,,,argued,0.022,question,0.023,,,help,0.023,,,,,,,,,,
275,,,child,0.017,,,arise,0.022,republican,0.023,,,human,0.023,,,,,,,,,,
276,,,clearer,0.017,,,attention,0.022,two,0.023,,,incentive,0.023,,,,,,,,,,
277,,,clinton,0.017,,,attribute,0.022,also,0.021,,,including,0.023,,,,,,,,,,
278,,,collective,0.017,,,basic,0.022,regulation,0.021,,,increasingly,0.023,,,,,,,,,,
279,,,combination,0.017,,,choice,0.022,understanding,0.021,,,job,0.023,,,,,,,,,,
280,,,community,0.017,,,clear,0.022,one,0.019,,,jurisdiction,0.023,,,,,,,,,,
281,,,comparative,0.017,,,condition,0.022,role,0.019,,,large,0.023,,,,,,,,,,
282,,,comparison,0.017,,,controlling,0.022,,,,,led,0.023,,,,,,,,,,
283,,,compliance,0.017,,,course,0.022,,,,,legislation,0.023,,,,,,,,,,
284,,,comports,0.017,,,decentralized,0.022,,,,,legislature,0.023,,,,,,,,,,
285,,,concern,0.017,,,difficulty,0.022,,,,,litigation,0.023,,,,,,,,,,
286,,,concurrent,0.017,,,diverse,0.022,,,,,little,0.023,,,,,,,,,,
287,,,conflation,0.017,,,done,0.022,,,,,old,0.023,,,,,,,,,,
288,,,confront,0.017,,,economics,0.022,,,,,per,0.023,,,,,,,,,,
289,,,consideration,0.017,,,employ,0.022,,,,,persuasive,0.023,,,,,,,,,,
290,,,considering,0.017,,,explores,0.022,,,,,picture,0.023,,,,,,,,,,
291,,,consistently,0.017,,,expressive,0.022,,,,,primarily,0.023,,,,,,,,,,
292,,,consists,0.017,,,foundation,0.022,,,,,purpose,0.023,,,,,,,,,,
293,,,constitutionalist,0.017,,,generally,0.022,,,,,reasoning,0.023,,,,,,,,,,
294,,,contained,0.017,,,given,0.022,,,,,reviving,0.023,,,,,,,,,,
295,,,contains,0.017,,,harmful,0.022,,,,,scrutiny,0.023,,,,,,,,,,
296,,,contended,0.017,,,held,0.022,,,,,selective,0.023,,,,,,,,,,
297,,,contends,0.017,,,help,0.022,,,,,separation,0.023,,,,,,,,,,
298,,,contextual,0.017,,,institution,0.022,,,,,sovereignty,0.023,,,,,,,,,,
299,,,continue,0.017,,,justified,0.022,,,,,strauss,0.023,,,,,,,,,,
300,,,contrast,0.017,,,limited,0.022,,,,,subtle,0.023,,,,,,,,,,
301,,,convention,0.017,,,posner,0.022,,,,,supremacy,0.023,,,,,,,,,,
302,,,coordinating,0.017,,,post,0.022,,,,,thereby,0.023,,,,,,,,,,
303,,,coordination,0.017,,,potential,0.022,,,,,third,0.023,,,,,,,,,,
304,,,correctness,0.017,,,produce,0.022,,,,,twentieth,0.023,,,,,,,,,,
305,,,creates,0.017,,,rather,0.022,,,,,united,0.023,,,,,,,,,,
306,,,creation,0.017,,,result,0.022,,,,,using,0.023,,,,,,,,,,
307,,,critically,0.017,,,rethinking,0.022,,,,,validity,0.023,,,,,,,,,,
308,,,dangerous,0.017,,,risk,0.022,,,,,whether,0.023,,,,,,,,,,
309,,,death,0.017,,,sanction,0.022,,,,,yet,0.023,,,,,,,,,,
310,,,decentralization,0.017,,,subtle,0.022,,,,,argue,0.02,,,,,,,,,,
311,,,deepened,0.017,,,superior,0.022,,,,,cannot,0.02,,,,,,,,,,
312,,,delegate,0.017,,,taken,0.022,,,,,century,0.02,,,,,,,,,,
313,,,delegated,0.017,,,thereby,0.022,,,,,contemporary,0.02,,,,,,,,,,
314,,,delegation,0.017,,,type,0.022,,,,,contrary,0.02,,,,,,,,,,
315,,,democratize,0.017,,,understood,0.022,,,,,critique,0.02,,,,,,,,,,
316,,,demonstrating,0.017,,,using,0.022,,,,,democracy,0.02,,,,,,,,,,
317,,,depending,0.017,,,world,0.022,,,,,democratic,0.02,,,,,,,,,,
318,,,described,0.017,,,author,0.019,,,,,end,0.02,,,,,,,,,,
319,,,detail,0.017,,,body,0.019,,,,,even,0.02,,,,,,,,,,
320,,,determine,0.017,,,cannot,0.019,,,,,exercise,0.02,,,,,,,,,,
321,,,different,0.017,,,claim,0.019,,,,,formal,0.02,,,,,,,,,,
322,,,differentiated,0.017,,,content,0.019,,,,,free,0.02,,,,,,,,,,
323,,,direct,0.017,,,demonstrates,0.019,,,,,historical,0.02,,,,,,,,,,
324,,,directive,0.017,,,developed,0.019,,,,,issue,0.02,,,,,,,,,,
325,,,disagreement,0.017,,,emerges,0.019,,,,,legislative,0.02,,,,,,,,,,
326,,,discretion,0.017,,,function,0.019,,,,,need,0.02,,,,,,,,,,
327,,,discussing,0.017,,,historical,0.019,,,,,otherwise,0.02,,,,,,,,,,
328,,,disruptive,0.017,,,important,0.019,,,,,protection,0.02,,,,,,,,,,
329,,,distance,0.017,,,issue,0.019,,,,,recent,0.02,,,,,,,,,,
330,,,distinct,0.017,,,present,0.019,,,,,relationship,0.02,,,,,,,,,,
331,,,distinction,0.017,,,relationship,0.019,,,,,review,0.02,,,,,,,,,,
332,,,divergence,0.017,,,simple,0.019,,,,,second,0.02,,,,,,,,,,
333,,,dramatic,0.017,,,underlying,0.019,,,,,simple,0.02,,,,,,,,,,
334,,,effectively,0.017,,,change,0.017,,,,,transformation,0.02,,,,,,,,,,
335,,,effectiveness,0.017,,,concludes,0.017,,,,,underlying,0.02,,,,,,,,,,
336,,,electoral,0.017,,,model,0.017,,,,,way,0.02,,,,,,,,,,
337,,,elhauge,0.017,,,others,0.017,,,,,well,0.02,,,,,,,,,,
338,,,embraced,0.017,,,policy,0.017,,,,,account,0.018,,,,,,,,,,
339,,,emerge,0.017,,,power,0.017,,,,,among,0.018,,,,,,,,,,
340,,,emerging,0.017,,,process,0.017,,,,,argues,0.018,,,,,,,,,,
341,,,enable,0.017,,,question,0.017,,,,,based,0.018,,,,,,,,,,
342,,,enhanced,0.017,,,scholar,0.017,,,,,case,0.018,,,,,,,,,,
343,,,ensure,0.017,,,set,0.017,,,,,concludes,0.018,,,,,,,,,,
344,,,entity,0.017,,,structural,0.017,,,,,congress,0.018,,,,,,,,,,
345,,,entrenched,0.017,,,sunstein,0.017,,,,,federalism,0.018,,,,,,,,,,
346,,,environmental,0.017,,,two,0.017,,,,,interest,0.018,,,,,,,,,,
347,,,established,0.017,,,government,0.016,,,,,others,0.018,,,,,,,,,,
348,,,etc,0.017,,,regulation,0.016,,,,,policy,0.018,,,,,,,,,,
349,,,every,0.017,,,social,0.016,,,,,political,0.018,,,,,,,,,,
350,,,exaggerated,0.017,,,understanding,0.016,,,,,rule,0.018,,,,,,,,,,
351,,,exchange,0.017,,,court,0.014,,,,,set,0.018,,,,,,,,,,
352,,,execute,0.017,,,however,0.014,,,,,structural,0.018,,,,,,,,,,
353,,,exercised,0.017,,,,,,,,,supreme,0.018,,,,,,,,,,
354,,,exercising,0.017,,,,,,,,,many,0.017,,,,,,,,,,
355,,,existing,0.017,,,,,,,,,understanding,0.017,,,,,,,,,,
356,,,expected,0.017,,,,,,,,,however,0.015,,,,,,,,,,
357,,,experiment,0.017,,,,,,,,,theory,0.015,,,,,,,,,,
358,,,experimented,0.017,,,,,,,,,,,,,,,,,,,,
359,,,expert,0.017,,,,,,,,,,,,,,,,,,,,
360,,,extraterritorial,0.017,,,,,,,,,,,,,,,,,,,,
361,,,extrinsic,0.017,,,,,,,,,,,,,,,,,,,,
362,,,facing,0.017,,,,,,,,,,,,,,,,,,,,
363,,,failing,0.017,,,,,,,,,,,,,,,,,,,,
364,,,farina,0.017,,,,,,,,,,,,,,,,,,,,
365,,,feature,0.017,,,,,,,,,,,,,,,,,,,,
366,,,fit,0.017,,,,,,,,,,,,,,,,,,,,
367,,,fitful,0.017,,,,,,,,,,,,,,,,,,,,
368,,,fold,0.017,,,,,,,,,,,,,,,,,,,,
369,,,formally,0.017,,,,,,,,,,,,,,,,,,,,
370,,,forth,0.017,,,,,,,,,,,,,,,,,,,,
371,,,foster,0.017,,,,,,,,,,,,,,,,,,,,
372,,,framer,0.017,,,,,,,,,,,,,,,,,,,,
373,,,framework,0.017,,,,,,,,,,,,,,,,,,,,
374,,,freedom,0.017,,,,,,,,,,,,,,,,,,,,
375,,,furthermore,0.017,,,,,,,,,,,,,,,,,,,,
376,,,futility,0.017,,,,,,,,,,,,,,,,,,,,
377,,,generalize,0.017,,,,,,,,,,,,,,,,,,,,
378,,,generation,0.017,,,,,,,,,,,,,,,,,,,,
379,,,genuine,0.017,,,,,,,,,,,,,,,,,,,,
380,,,greatly,0.017,,,,,,,,,,,,,,,,,,,,
381,,,greene,0.017,,,,,,,,,,,,,,,,,,,,
382,,,growth,0.017,,,,,,,,,,,,,,,,,,,,
383,,,guidance,0.017,,,,,,,,,,,,,,,,,,,,
384,,,hardware,0.017,,,,,,,,,,,,,,,,,,,,
385,,,heading,0.017,,,,,,,,,,,,,,,,,,,,
386,,,heightens,0.017,,,,,,,,,,,,,,,,,,,,
387,,,high,0.017,,,,,,,,,,,,,,,,,,,,
388,,,idealized,0.017,,,,,,,,,,,,,,,,,,,,
389,,,identify,0.017,,,,,,,,,,,,,,,,,,,,
390,,,imposes,0.017,,,,,,,,,,,,,,,,,,,,
391,,,impute,0.017,,,,,,,,,,,,,,,,,,,,
392,,,increase,0.017,,,,,,,,,,,,,,,,,,,,
393,,,indeed,0.017,,,,,,,,,,,,,,,,,,,,
394,,,indicate,0.017,,,,,,,,,,,,,,,,,,,,
395,,,informed,0.017,,,,,,,,,,,,,,,,,,,,
396,,,infringe,0.017,,,,,,,,,,,,,,,,,,,,
397,,,inherent,0.017,,,,,,,,,,,,,,,,,,,,
398,,,injecting,0.017,,,,,,,,,,,,,,,,,,,,
399,,,innovation,0.017,,,,,,,,,,,,,,,,,,,,
400,,,inquiry,0.017,,,,,,,,,,,,,,,,,,,,
401,,,intention,0.017,,,,,,,,,,,,,,,,,,,,
402,,,interpret,0.017,,,,,,,,,,,,,,,,,,,,
403,,,interpreted,0.017,,,,,,,,,,,,,,,,,,,,
404,,,intervene,0.017,,,,,,,,,,,,,,,,,,,,
405,,,intrinsic,0.017,,,,,,,,,,,,,,,,,,,,
406,,,intruding,0.017,,,,,,,,,,,,,,,,,,,,
407,,,intrusion,0.017,,,,,,,,,,,,,,,,,,,,
408,,,intrusive,0.017,,,,,,,,,,,,,,,,,,,,
409,,,iris,0.017,,,,,,,,,,,,,,,,,,,,
410,,,judiciary,0.017,,,,,,,,,,,,,,,,,,,,
411,,,kind,0.017,,,,,,,,,,,,,,,,,,,,
412,,,laid,0.017,,,,,,,,,,,,,,,,,,,,
413,,,late,0.017,,,,,,,,,,,,,,,,,,,,
414,,,lawson,0.017,,,,,,,,,,,,,,,,,,,,
415,,,lead,0.017,,,,,,,,,,,,,,,,,,,,
416,,,learning,0.017,,,,,,,,,,,,,,,,,,,,
417,,,left,0.017,,,,,,,,,,,,,,,,,,,,
418,,,legally,0.017,,,,,,,,,,,,,,,,,,,,
419,,,lessen,0.017,,,,,,,,,,,,,,,,,,,,
420,,,liberty,0.017,,,,,,,,,,,,,,,,,,,,
421,,,limiting,0.017,,,,,,,,,,,,,,,,,,,,
422,,,literal,0.017,,,,,,,,,,,,,,,,,,,,
423,,,made,0.017,,,,,,,,,,,,,,,,,,,,
424,,,madisonian,0.017,,,,,,,,,,,,,,,,,,,,
425,,,mandate,0.017,,,,,,,,,,,,,,,,,,,,
426,,,mechanism,0.017,,,,,,,,,,,,,,,,,,,,
427,,,member,0.017,,,,,,,,,,,,,,,,,,,,
428,,,merely,0.017,,,,,,,,,,,,,,,,,,,,
429,,,met,0.017,,,,,,,,,,,,,,,,,,,,
430,,,military,0.017,,,,,,,,,,,,,,,,,,,,
431,,,mixing,0.017,,,,,,,,,,,,,,,,,,,,
432,,,modification,0.017,,,,,,,,,,,,,,,,,,,,
433,,,multi,0.017,,,,,,,,,,,,,,,,,,,,
434,,,native,0.017,,,,,,,,,,,,,,,,,,,,
435,,,neatly,0.017,,,,,,,,,,,,,,,,,,,,
436,,,notable,0.017,,,,,,,,,,,,,,,,,,,,
437,,,note,0.017,,,,,,,,,,,,,,,,,,,,
438,,,novel,0.017,,,,,,,,,,,,,,,,,,,,
439,,,nuclear,0.017,,,,,,,,,,,,,,,,,,,,
440,,,obligation,0.017,,,,,,,,,,,,,,,,,,,,
441,,,obliging,0.017,,,,,,,,,,,,,,,,,,,,
442,,,observes,0.017,,,,,,,,,,,,,,,,,,,,
443,,,odds,0.017,,,,,,,,,,,,,,,,,,,,
444,,,operate,0.017,,,,,,,,,,,,,,,,,,,,
445,,,opinion,0.017,,,,,,,,,,,,,,,,,,,,
446,,,ordered,0.017,,,,,,,,,,,,,,,,,,,,
447,,,originally,0.017,,,,,,,,,,,,,,,,,,,,
448,,,paralyzing,0.017,,,,,,,,,,,,,,,,,,,,
449,,,participation,0.017,,,,,,,,,,,,,,,,,,,,
450,,,personal,0.017,,,,,,,,,,,,,,,,,,,,
451,,,plant,0.017,,,,,,,,,,,,,,,,,,,,
452,,,point,0.017,,,,,,,,,,,,,,,,,,,,
453,,,policing,0.017,,,,,,,,,,,,,,,,,,,,
454,,,posse,0.017,,,,,,,,,,,,,,,,,,,,
455,,,pragmatism,0.017,,,,,,,,,,,,,,,,,,,,
456,,,prakash,0.017,,,,,,,,,,,,,,,,,,,,
457,,,pre,0.017,,,,,,,,,,,,,,,,,,,,
458,,,precept,0.017,,,,,,,,,,,,,,,,,,,,
459,,,prefer,0.017,,,,,,,,,,,,,,,,,,,,
460,,,preferable,0.017,,,,,,,,,,,,,,,,,,,,
461,,,presumption,0.017,,,,,,,,,,,,,,,,,,,,
462,,,principally,0.017,,,,,,,,,,,,,,,,,,,,
463,,,principled,0.017,,,,,,,,,,,,,,,,,,,,
464,,,proceeding,0.017,,,,,,,,,,,,,,,,,,,,
465,,,procurement,0.017,,,,,,,,,,,,,,,,,,,,
466,,,promise,0.017,,,,,,,,,,,,,,,,,,,,
467,,,prophylactic,0.017,,,,,,,,,,,,,,,,,,,,
468,,,proponent,0.017,,,,,,,,,,,,,,,,,,,,
469,,,proposal,0.017,,,,,,,,,,,,,,,,,,,,
470,,,propose,0.017,,,,,,,,,,,,,,,,,,,,
471,,,propriety,0.017,,,,,,,,,,,,,,,,,,,,
472,,,protective,0.017,,,,,,,,,,,,,,,,,,,,
473,,,protects,0.017,,,,,,,,,,,,,,,,,,,,
474,,,purposive,0.017,,,,,,,,,,,,,,,,,,,,
475,,,questioned,0.017,,,,,,,,,,,,,,,,,,,,
476,,,quite,0.017,,,,,,,,,,,,,,,,,,,,
477,,,radical,0.017,,,,,,,,,,,,,,,,,,,,
478,,,ratification,0.017,,,,,,,,,,,,,,,,,,,,
479,,,reached,0.017,,,,,,,,,,,,,,,,,,,,
480,,,reaction,0.017,,,,,,,,,,,,,,,,,,,,
481,,,reagan,0.017,,,,,,,,,,,,,,,,,,,,
482,,,reality,0.017,,,,,,,,,,,,,,,,,,,,
483,,,realized,0.017,,,,,,,,,,,,,,,,,,,,
484,,,recognition,0.017,,,,,,,,,,,,,,,,,,,,
485,,,reconceptualizes,0.017,,,,,,,,,,,,,,,,,,,,
486,,,record,0.017,,,,,,,,,,,,,,,,,,,,
487,,,redefines,0.017,,,,,,,,,,,,,,,,,,,,
488,,,regard,0.017,,,,,,,,,,,,,,,,,,,,
489,,,regional,0.017,,,,,,,,,,,,,,,,,,,,
490,,,regulated,0.017,,,,,,,,,,,,,,,,,,,,
491,,,reinventing,0.017,,,,,,,,,,,,,,,,,,,,
492,,,rejection,0.017,,,,,,,,,,,,,,,,,,,,
493,,,relatedly,0.017,,,,,,,,,,,,,,,,,,,,
494,,,reliance,0.017,,,,,,,,,,,,,,,,,,,,
495,,,religion,0.017,,,,,,,,,,,,,,,,,,,,
496,,,relocated,0.017,,,,,,,,,,,,,,,,,,,,
497,,,relying,0.017,,,,,,,,,,,,,,,,,,,,
498,,,remain,0.017,,,,,,,,,,,,,,,,,,,,
499,,,remained,0.017,,,,,,,,,,,,,,,,,,,,
500,,,renamed,0.017,,,,,,,,,,,,,,,,,,,,
501,,,rerationalizes,0.017,,,,,,,,,,,,,,,,,,,,
502,,,resemblance,0.017,,,,,,,,,,,,,,,,,,,,
503,,,resembles,0.017,,,,,,,,,,,,,,,,,,,,
504,,,resolved,0.017,,,,,,,,,,,,,,,,,,,,
505,,,resulting,0.017,,,,,,,,,,,,,,,,,,,,
506,,,return,0.017,,,,,,,,,,,,,,,,,,,,
507,,,revolutionary,0.017,,,,,,,,,,,,,,,,,,,,
508,,,rich,0.017,,,,,,,,,,,,,,,,,,,,
509,,,rigid,0.017,,,,,,,,,,,,,,,,,,,,
510,,,rigorous,0.017,,,,,,,,,,,,,,,,,,,,
511,,,routinely,0.017,,,,,,,,,,,,,,,,,,,,
512,,,safety,0.017,,,,,,,,,,,,,,,,,,,,
513,,,scrutinizing,0.017,,,,,,,,,,,,,,,,,,,,
514,,,seeking,0.017,,,,,,,,,,,,,,,,,,,,
515,,,separately,0.017,,,,,,,,,,,,,,,,,,,,
516,,,service,0.017,,,,,,,,,,,,,,,,,,,,
517,,,shared,0.017,,,,,,,,,,,,,,,,,,,,
518,,,shift,0.017,,,,,,,,,,,,,,,,,,,,
519,,,similar,0.017,,,,,,,,,,,,,,,,,,,,
520,,,somewhat,0.017,,,,,,,,,,,,,,,,,,,,
521,,,sophisticated,0.017,,,,,,,,,,,,,,,,,,,,
522,,,sought,0.017,,,,,,,,,,,,,,,,,,,,
523,,,special,0.017,,,,,,,,,,,,,,,,,,,,
524,,,specification,0.017,,,,,,,,,,,,,,,,,,,,
525,,,sphere,0.017,,,,,,,,,,,,,,,,,,,,
526,,,staff,0.017,,,,,,,,,,,,,,,,,,,,
527,,,standard,0.017,,,,,,,,,,,,,,,,,,,,
528,,,stare,0.017,,,,,,,,,,,,,,,,,,,,
529,,,statement,0.017,,,,,,,,,,,,,,,,,,,,
530,,,subnational,0.017,,,,,,,,,,,,,,,,,,,,
531,,,substantial,0.017,,,,,,,,,,,,,,,,,,,,
532,,,superficial,0.017,,,,,,,,,,,,,,,,,,,,
533,,,superintends,0.017,,,,,,,,,,,,,,,,,,,,
534,,,survive,0.017,,,,,,,,,,,,,,,,,,,,
535,,,suspect,0.017,,,,,,,,,,,,,,,,,,,,
536,,,synthesis,0.017,,,,,,,,,,,,,,,,,,,,
537,,,tension,0.017,,,,,,,,,,,,,,,,,,,,
538,,,therefore,0.017,,,,,,,,,,,,,,,,,,,,
539,,,think,0.017,,,,,,,,,,,,,,,,,,,,
540,,,threaten,0.017,,,,,,,,,,,,,,,,,,,,
541,,,threatens,0.017,,,,,,,,,,,,,,,,,,,,
542,,,threshold,0.017,,,,,,,,,,,,,,,,,,,,
543,,,towards,0.017,,,,,,,,,,,,,,,,,,,,
544,,,translating,0.017,,,,,,,,,,,,,,,,,,,,
545,,,transparent,0.017,,,,,,,,,,,,,,,,,,,,
546,,,treat,0.017,,,,,,,,,,,,,,,,,,,,
547,,,treatise,0.017,,,,,,,,,,,,,,,,,,,,
548,,,ultimately,0.017,,,,,,,,,,,,,,,,,,,,
549,,,underdeveloped,0.017,,,,,,,,,,,,,,,,,,,,
550,,,unease,0.017,,,,,,,,,,,,,,,,,,,,
551,,,unit,0.017,,,,,,,,,,,,,,,,,,,,
552,,,unsettle,0.017,,,,,,,,,,,,,,,,,,,,
553,,,utilize,0.017,,,,,,,,,,,,,,,,,,,,
554,,,vantage,0.017,,,,,,,,,,,,,,,,,,,,
555,,,viewed,0.017,,,,,,,,,,,,,,,,,,,,
556,,,violated,0.017,,,,,,,,,,,,,,,,,,,,
557,,,violation,0.017,,,,,,,,,,,,,,,,,,,,
558,,,whig,0.017,,,,,,,,,,,,,,,,,,,,
559,,,whole,0.017,,,,,,,,,,,,,,,,,,,,
560,,,widely,0.017,,,,,,,,,,,,,,,,,,,,
561,,,wing,0.017,,,,,,,,,,,,,,,,,,,,
562,,,wisdom,0.017,,,,,,,,,,,,,,,,,,,,
563,,,abandoned,0.015,,,,,,,,,,,,,,,,,,,,
564,,,ackerman,0.015,,,,,,,,,,,,,,,,,,,,
565,,,advance,0.015,,,,,,,,,,,,,,,,,,,,
566,,,aim,0.015,,,,,,,,,,,,,,,,,,,,
567,,,appeal,0.015,,,,,,,,,,,,,,,,,,,,
568,,,argued,0.015,,,,,,,,,,,,,,,,,,,,
569,,,arguing,0.015,,,,,,,,,,,,,,,,,,,,
570,,,assumed,0.015,,,,,,,,,,,,,,,,,,,,
571,,,attribute,0.015,,,,,,,,,,,,,,,,,,,,
572,,,basis,0.015,,,,,,,,,,,,,,,,,,,,
573,,,broad,0.015,,,,,,,,,,,,,,,,,,,,
574,,,brown,0.015,,,,,,,,,,,,,,,,,,,,
575,,,challenge,0.015,,,,,,,,,,,,,,,,,,,,
576,,,clear,0.015,,,,,,,,,,,,,,,,,,,,
577,,,commentator,0.015,,,,,,,,,,,,,,,,,,,,
578,,,commitment,0.015,,,,,,,,,,,,,,,,,,,,
579,,,competence,0.015,,,,,,,,,,,,,,,,,,,,
580,,,conception,0.015,,,,,,,,,,,,,,,,,,,,
581,,,consensus,0.015,,,,,,,,,,,,,,,,,,,,
582,,,consistent,0.015,,,,,,,,,,,,,,,,,,,,
583,,,continuing,0.015,,,,,,,,,,,,,,,,,,,,
584,,,council,0.015,,,,,,,,,,,,,,,,,,,,
585,,,critic,0.015,,,,,,,,,,,,,,,,,,,,
586,,,deal,0.015,,,,,,,,,,,,,,,,,,,,
587,,,debate,0.015,,,,,,,,,,,,,,,,,,,,
588,,,decentralized,0.015,,,,,,,,,,,,,,,,,,,,
589,,,diverse,0.015,,,,,,,,,,,,,,,,,,,,
590,,,division,0.015,,,,,,,,,,,,,,,,,,,,
591,,,dominant,0.015,,,,,,,,,,,,,,,,,,,,
592,,,done,0.015,,,,,,,,,,,,,,,,,,,,
593,,,efficiency,0.015,,,,,,,,,,,,,,,,,,,,
594,,,encouraging,0.015,,,,,,,,,,,,,,,,,,,,
595,,,entitled,0.015,,,,,,,,,,,,,,,,,,,,
596,,,evaluation,0.015,,,,,,,,,,,,,,,,,,,,
597,,,examines,0.015,,,,,,,,,,,,,,,,,,,,
598,,,explanation,0.015,,,,,,,,,,,,,,,,,,,,
599,,,facilitate,0.015,,,,,,,,,,,,,,,,,,,,
600,,,fact,0.015,,,,,,,,,,,,,,,,,,,,
601,,,failed,0.015,,,,,,,,,,,,,,,,,,,,
602,,,firm,0.015,,,,,,,,,,,,,,,,,,,,
603,,,follow,0.015,,,,,,,,,,,,,,,,,,,,
604,,,foundation,0.015,,,,,,,,,,,,,,,,,,,,
605,,,harmful,0.015,,,,,,,,,,,,,,,,,,,,
606,,,health,0.015,,,,,,,,,,,,,,,,,,,,
607,,,hold,0.015,,,,,,,,,,,,,,,,,,,,
608,,,home,0.015,,,,,,,,,,,,,,,,,,,,
609,,,implication,0.015,,,,,,,,,,,,,,,,,,,,
610,,,incentive,0.015,,,,,,,,,,,,,,,,,,,,
611,,,increasingly,0.015,,,,,,,,,,,,,,,,,,,,
612,,,interpreting,0.015,,,,,,,,,,,,,,,,,,,,
613,,,joint,0.015,,,,,,,,,,,,,,,,,,,,
614,,,jurisdiction,0.015,,,,,,,,,,,,,,,,,,,,
615,,,justify,0.015,,,,,,,,,,,,,,,,,,,,
616,,,land,0.015,,,,,,,,,,,,,,,,,,,,
617,,,legitimacy,0.015,,,,,,,,,,,,,,,,,,,,
618,,,lessig,0.015,,,,,,,,,,,,,,,,,,,,
619,,,limited,0.015,,,,,,,,,,,,,,,,,,,,
620,,,little,0.015,,,,,,,,,,,,,,,,,,,,
621,,,local,0.015,,,,,,,,,,,,,,,,,,,,
622,,,multiple,0.015,,,,,,,,,,,,,,,,,,,,
623,,,natural,0.015,,,,,,,,,,,,,,,,,,,,
624,,,official,0.015,,,,,,,,,,,,,,,,,,,,
625,,,old,0.015,,,,,,,,,,,,,,,,,,,,
626,,,opportunity,0.015,,,,,,,,,,,,,,,,,,,,
627,,,ownership,0.015,,,,,,,,,,,,,,,,,,,,
628,,,part,0.015,,,,,,,,,,,,,,,,,,,,
629,,,pildes,0.015,,,,,,,,,,,,,,,,,,,,
630,,,posit,0.015,,,,,,,,,,,,,,,,,,,,
631,,,potential,0.015,,,,,,,,,,,,,,,,,,,,
632,,,powerful,0.015,,,,,,,,,,,,,,,,,,,,
633,,,primarily,0.015,,,,,,,,,,,,,,,,,,,,
634,,,pro,0.015,,,,,,,,,,,,,,,,,,,,
635,,,promote,0.015,,,,,,,,,,,,,,,,,,,,
636,,,purpose,0.015,,,,,,,,,,,,,,,,,,,,
637,,,recognize,0.015,,,,,,,,,,,,,,,,,,,,
638,,,recognized,0.015,,,,,,,,,,,,,,,,,,,,
639,,,reducing,0.015,,,,,,,,,,,,,,,,,,,,
640,,,relevant,0.015,,,,,,,,,,,,,,,,,,,,
641,,,rely,0.015,,,,,,,,,,,,,,,,,,,,
642,,,remedy,0.015,,,,,,,,,,,,,,,,,,,,
643,,,render,0.015,,,,,,,,,,,,,,,,,,,,
644,,,replaced,0.015,,,,,,,,,,,,,,,,,,,,
645,,,republic,0.015,,,,,,,,,,,,,,,,,,,,
646,,,resource,0.015,,,,,,,,,,,,,,,,,,,,
647,,,responsive,0.015,,,,,,,,,,,,,,,,,,,,
648,,,result,0.015,,,,,,,,,,,,,,,,,,,,
649,,,reviving,0.015,,,,,,,,,,,,,,,,,,,,
650,,,scope,0.015,,,,,,,,,,,,,,,,,,,,
651,,,scrutiny,0.015,,,,,,,,,,,,,,,,,,,,
652,,,seek,0.015,,,,,,,,,,,,,,,,,,,,
653,,,share,0.015,,,,,,,,,,,,,,,,,,,,
654,,,since,0.015,,,,,,,,,,,,,,,,,,,,
655,,,sovereignty,0.015,,,,,,,,,,,,,,,,,,,,
656,,,statutory,0.015,,,,,,,,,,,,,,,,,,,,
657,,,supremacy,0.015,,,,,,,,,,,,,,,,,,,,
658,,,survey,0.015,,,,,,,,,,,,,,,,,,,,
659,,,take,0.015,,,,,,,,,,,,,,,,,,,,
660,,,text,0.015,,,,,,,,,,,,,,,,,,,,
661,,,theoretical,0.015,,,,,,,,,,,,,,,,,,,,
662,,,twentieth,0.015,,,,,,,,,,,,,,,,,,,,
663,,,understood,0.015,,,,,,,,,,,,,,,,,,,,
664,,,unlimited,0.015,,,,,,,,,,,,,,,,,,,,
665,,,validity,0.015,,,,,,,,,,,,,,,,,,,,
666,,,view,0.015,,,,,,,,,,,,,,,,,,,,
667,,,whether,0.015,,,,,,,,,,,,,,,,,,,,
668,,,according,0.013,,,,,,,,,,,,,,,,,,,,
669,,,analyzes,0.013,,,,,,,,,,,,,,,,,,,,
670,,,cannot,0.013,,,,,,,,,,,,,,,,,,,,
671,,,congressional,0.013,,,,,,,,,,,,,,,,,,,,
672,,,contemporary,0.013,,,,,,,,,,,,,,,,,,,,
673,,,critique,0.013,,,,,,,,,,,,,,,,,,,,
674,,,democracy,0.013,,,,,,,,,,,,,,,,,,,,
675,,,developed,0.013,,,,,,,,,,,,,,,,,,,,
676,,,emerges,0.013,,,,,,,,,,,,,,,,,,,,
677,,,first,0.013,,,,,,,,,,,,,,,,,,,,
678,,,formal,0.013,,,,,,,,,,,,,,,,,,,,
679,,,mcconnell,0.013,,,,,,,,,,,,,,,,,,,,
680,,,need,0.013,,,,,,,,,,,,,,,,,,,,
681,,,norm,0.013,,,,,,,,,,,,,,,,,,,,
682,,,party,0.013,,,,,,,,,,,,,,,,,,,,
683,,,private,0.013,,,,,,,,,,,,,,,,,,,,
684,,,relationship,0.013,,,,,,,,,,,,,,,,,,,,
685,,,second,0.013,,,,,,,,,,,,,,,,,,,,
686,,,section,0.013,,,,,,,,,,,,,,,,,,,,
687,,,show,0.013,,,,,,,,,,,,,,,,,,,,
688,,,simple,0.013,,,,,,,,,,,,,,,,,,,,
689,,,transformation,0.013,,,,,,,,,,,,,,,,,,,,
690,,,underlying,0.013,,,,,,,,,,,,,,,,,,,,
691,,,well,0.013,,,,,,,,,,,,,,,,,,,,
692,,,working,0.013,,,,,,,,,,,,,,,,,,,,
693,,,alternative,0.012,,,,,,,,,,,,,,,,,,,,
694,,,based,0.012,,,,,,,,,,,,,,,,,,,,
695,,,federalism,0.012,,,,,,,,,,,,,,,,,,,,
696,,,group,0.012,,,,,,,,,,,,,,,,,,,,
697,,,politics,0.012,,,,,,,,,,,,,,,,,,,,
698,,,republican,0.012,,,,,,,,,,,,,,,,,,,,
699,,,structural,0.012,,,,,,,,,,,,,,,,,,,,
700,,,also,0.011,,,,,,,,,,,,,,,,,,,,
701,,,analysis,0.011,,,,,,,,,,,,,,,,,,,,
702,,,social,0.011,,,,,,,,,,,,,,,,,,,,
703,,,however,0.01,,,,,,,,,,,,,,,,,,,,
704,,,legal,0.01,,,,,,,,,,,,,,,,,,,,
705,,,one,0.01,,,,,,,,,,,,,,,,,,,,
706,,,role,0.01,,,,,,,,,,,,,,,,,,,,
