,1,1,9,9,7,7,11,11,8,8,5,5,10,10,2,2,4,4,6,6,3,3
,Term,Tfidf,Term,Tfidf,Term,Tfidf,Term,Tfidf,Term,Tfidf,Term,Tfidf,Term,Tfidf,Term,Tfidf,Term,Tfidf,Term,Tfidf,Term,Tfidf
0,alliance,0.568,stakeholder,0.604,top,0.39,sid,0.44,sensemaking,0.493,damanpour,0.471,performance,0.327,knowledge,0.415,framework,0.291,team,0.694,institutional,0.387
1,market,0.179,theory,0.38,team,0.368,group,0.331,action,0.236,metaanalysis,0.471,practice,0.247,firm,0.358,opportunity,0.291,safety,0.326,economy,0.226
2,network,0.179,salience,0.194,strategic,0.288,identity,0.331,system,0.181,moderator,0.471,financial,0.244,capability,0.31,conceptual,0.277,psychological,0.278,emerging,0.226
3,firm,0.177,three,0.183,alliance,0.27,formation,0.188,change,0.163,determinant,0.354,human,0.244,transfer,0.188,field,0.239,trust,0.204,liability,0.189
4,embeddedness,0.155,aspect,0.17,firm,0.216,perception,0.188,interpretation,0.153,effect,0.285,resource,0.197,organizational,0.143,entrepreneurship,0.216,learning,0.182,venture,0.17
5,learning,0.141,implication,0.137,formation,0.195,traditionally,0.188,concept,0.136,innovation,0.285,impact,0.183,organization,0.137,shane,0.216,model,0.182,organization,0.166
6,governance,0.14,attribute,0.129,decision,0.172,lead,0.165,central,0.135,organizational,0.217,configurational,0.163,dynamic,0.133,business,0.163,efficacy,0.109,joint,0.161
7,structure,0.116,management,0.125,management,0.162,associated,0.111,heedful,0.134,,,shrm,0.163,learning,0.126,create,0.163,risk,0.109,strategy,0.146
8,interorganizational,0.108,evidence,0.114,explanation,0.147,social,0.111,initiation,0.134,,,theorizing,0.163,network,0.124,phenomenon,0.163,behavior,0.099,organizational,0.139
9,relational,0.108,identification,0.114,velocity,0.13,ashforth,0.11,mind,0.134,,,universalistic,0.163,capacity,0.115,prior,0.145,work,0.099,legitimacy,0.129
10,success,0.108,power,0.114,eisenhardt,0.112,bettis,0.11,sensegiving,0.134,,,contingency,0.139,resource,0.114,set,0.145,belief,0.093,firm,0.125
11,cost,0.103,literature,0.101,industry,0.11,congruent,0.11,weick,0.134,,,productivity,0.139,tie,0.114,innovation,0.131,considered,0.093,enterprise,0.113
12,relationship,0.102,normative,0.101,change,0.099,distinctiveness,0.11,organization,0.124,,,turnover,0.139,new,0.11,research,0.109,integrative,0.093,foreignness,0.113
13,social,0.099,different,0.092,social,0.099,dukerich,0.11,organizational,0.124,,,firm,0.134,exploration,0.109,accomplishment,0.108,antecedent,0.082,isomorphic,0.113
14,contract,0.096,article,0.083,higher,0.098,dutton,0.11,strategic,0.124,,,management,0.134,market,0.109,already,0.108,construct,0.082,myth,0.113
15,interfirm,0.096,accuracy,0.076,std,0.098,embody,0.11,collective,0.115,,,strategic,0.134,search,0.109,apparent,0.108,discipline,0.082,structure,0.104
16,economic,0.095,agle,0.076,tenure,0.098,eye,0.11,mode,0.101,,,theoretical,0.123,product,0.105,austrian,0.108,shared,0.082,industry,0.101
17,exchange,0.095,attained,0.076,organizational,0.09,image,0.11,understanding,0.101,,,link,0.122,technological,0.098,date,0.108,outcome,0.075,country,0.097
18,trust,0.095,combining,0.076,strategy,0.09,intergroup,0.11,comprehension,0.09,,,mode,0.122,boundary,0.093,discovery,0.108,presented,0.073,rule,0.097
19,cooperation,0.084,corporation,0.076,characteristic,0.088,keeping,0.11,drawn,0.09,,,prediction,0.122,innovation,0.092,education,0.108,effect,0.066,change,0.092
20,partner,0.084,count,0.076,high,0.088,mael,0.11,error,0.09,,,significant,0.122,absorptive,0.085,explained,0.108,result,0.06,resource,0.092
21,process,0.077,describing,0.076,semiconductor,0.084,mirror,0.11,flight,0.09,,,used,0.122,analysis,0.083,feat,0.108,support,0.06,perspective,0.087
22,strategic,0.077,donaldson,0.076,corporate,0.079,oneness,0.11,interrelating,0.09,,,perspective,0.112,social,0.082,knowledgeable,0.108,performance,0.055,formal,0.085
23,transaction,0.075,full,0.076,form,0.074,outgroups,0.11,model,0.09,,,argument,0.109,advantage,0.077,lacked,0.108,research,0.055,response,0.085
24,function,0.074,heuristic,0.076,environment,0.072,prahalad,0.11,subordination,0.09,,,high,0.109,competitive,0.077,note,0.108,cause,0.054,special,0.085
25,two,0.074,instrumental,0.076,level,0.066,prestige,0.11,viewing,0.09,,,corporate,0.099,process,0.077,observer,0.108,coaching,0.054,strategic,0.083
26,choice,0.072,involve,0.076,making,0.066,reinforces,0.11,environmental,0.077,,,work,0.099,information,0.073,portrays,0.108,davis,0.054,theory,0.076
27,dimension,0.072,justified,0.076,manager,0.066,socialization,0.11,organizing,0.077,,,result,0.09,research,0.073,promise,0.108,differentiate,0.054,conformity,0.075
28,stock,0.072,mitchell,0.076,performance,0.066,stereotypical,0.11,oriented,0.077,,,strategy,0.09,time,0.068,readily,0.108,edmondson,0.054,copying,0.075
29,action,0.063,mutually,0.076,view,0.066,organizational,0.101,representation,0.077,,,comprehensively,0.081,theory,0.067,thought,0.108,leader,0.054,engine,0.075
30,source,0.063,popular,0.076,bantel,0.065,argued,0.094,construct,0.067,,,correspondence,0.081,model,0.065,unequivocal,0.108,mayer,0.054,forum,0.075
31,organization,0.062,possessing,0.076,demography,0.065,categorization,0.094,four,0.067,,,delery,0.081,within,0.065,usually,0.108,multimethod,0.054,private,0.075
32,analysis,0.06,preston,0.076,diversification,0.065,diversity,0.094,future,0.067,,,document,0.081,development,0.064,venkataraman,0.108,safe,0.054,resistance,0.075
33,competition,0.06,quite,0.076,echelon,0.065,linkage,0.094,identity,0.067,,,doty,0.081,change,0.063,conditioned,0.092,scholar,0.054,competitive,0.069
34,greater,0.06,really,0.076,educational,0.065,person,0.094,primary,0.067,,,economically,0.081,individual,0.063,conducted,0.092,schoorman,0.054,face,0.065
35,institutional,0.06,supportive,0.076,fast,0.065,salience,0.094,situation,0.067,,,fit,0.081,capital,0.057,depth,0.092,studying,0.054,pressure,0.065
36,problem,0.06,urgency,0.076,hambrick,0.065,stem,0.094,take,0.067,,,huselid,0.081,core,0.055,entrepreneur,0.092,trustee,0.054,environment,0.062
37,structural,0.06,validity,0.076,interview,0.065,adaptation,0.083,contribution,0.06,,,intermediate,0.081,based,0.052,existence,0.092,truster,0.054,process,0.062
38,effect,0.059,wood,0.076,maker,0.065,antecedent,0.083,important,0.06,,,lacking,0.081,problem,0.052,previous,0.092,variable,0.054,context,0.057
39,organizational,0.058,advanced,0.065,schoonhoven,0.065,applied,0.083,implication,0.054,,,national,0.081,effect,0.051,recognition,0.092,organizational,0.05,coordination,0.057
40,data,0.056,aim,0.065,upper,0.065,dominant,0.083,environment,0.049,,,seven,0.081,alliance,0.05,science,0.092,study,0.05,economic,0.057
41,level,0.056,base,0.065,study,0.06,identification,0.083,process,0.049,,,solid,0.081,industry,0.049,single,0.092,controlling,0.046,exchange,0.057
42,research,0.056,contribute,0.065,factor,0.059,institution,0.083,acting,0.045,,,statistically,0.081,level,0.049,technological,0.092,definition,0.046,finally,0.057
43,view,0.056,critique,0.065,size,0.056,relation,0.083,aircraft,0.045,,,thousand,0.081,literature,0.049,applied,0.081,held,0.046,insight,0.057
44,status,0.053,defining,0.065,among,0.049,self,0.083,assumed,0.045,,,venkatraman,0.081,strength,0.049,demonstrate,0.081,including,0.046,prediction,0.057
45,implication,0.051,descriptive,0.065,find,0.049,activity,0.074,awry,0.045,,,verbal,0.081,sustained,0.049,discipline,0.081,interpersonal,0.046,primary,0.057
46,resource,0.051,includes,0.065,finding,0.049,conflict,0.074,beginning,0.045,,,contingent,0.069,view,0.049,draw,0.081,introduces,0.046,public,0.057
47,performance,0.049,interrelated,0.065,managerial,0.049,others,0.074,behaviorally,0.045,,,contrary,0.069,weak,0.049,drawing,0.081,measuring,0.046,research,0.057
48,concern,0.048,legitimacy,0.065,state,0.049,also,0.067,belies,0.045,,,criticism,0.069,lack,0.047,experience,0.081,taking,0.046,stability,0.057
49,cooperative,0.048,principle,0.065,used,0.049,factor,0.067,boldly,0.045,,,criticized,0.069,span,0.047,knowledge,0.081,together,0.046,state,0.057
50,initial,0.048,right,0.065,alternative,0.044,individual,0.067,carrier,0.045,,,employee,0.069,strategic,0.047,predict,0.081,context,0.041,successful,0.057
51,positive,0.048,although,0.057,entrepreneurial,0.044,logic,0.067,ceo,0.045,,,evaluated,0.069,structural,0.047,predicted,0.081,integrate,0.041,technical,0.057
52,project,0.048,basis,0.057,growth,0.044,new,0.067,changed,0.045,,,identified,0.069,value,0.047,upon,0.081,manufacturing,0.041,theoretical,0.057
53,economics,0.047,concerning,0.057,position,0.044,organization,0.061,character,0.045,,,indicate,0.069,create,0.046,whose,0.081,mediates,0.041,cost,0.051
54,empirical,0.047,conclude,0.057,suggest,0.044,support,0.061,chittipeddi,0.045,,,interrelationship,0.069,internal,0.046,arise,0.073,member,0.041,empirical,0.051
55,support,0.046,distinct,0.057,transaction,0.044,performance,0.055,circumstance,0.045,,,limited,0.069,implication,0.044,case,0.073,nature,0.041,growth,0.051
56,also,0.042,fundamental,0.057,using,0.044,role,0.055,comprehended,0.045,,,nearly,0.069,environment,0.043,distinctive,0.073,predicted,0.041,proposed,0.051
57,among,0.042,generate,0.057,well,0.044,theory,0.055,daft,0.045,,,short,0.069,role,0.043,economics,0.073,present,0.041,set,0.051
58,apparel,0.042,integrate,0.057,cognitive,0.04,outcome,0.051,deck,0.045,,,statistical,0.069,architectural,0.042,empirical,0.073,shape,0.041,similar,0.051
59,capability,0.042,modern,0.057,resource,0.04,perspective,0.051,determined,0.045,,,variation,0.069,communication,0.042,entrepreneurial,0.073,various,0.041,transaction,0.051
60,contractual,0.042,property,0.057,process,0.036,,,discovering,0.045,,,consistent,0.061,subsequent,0.042,cognitive,0.066,approach,0.036,different,0.046
61,dedicated,0.042,related,0.057,absolute,0.033,,,duncan,0.045,,,demonstrate,0.061,competence,0.041,different,0.066,characteristic,0.036,make,0.046
62,form,0.042,status,0.057,advice,0.033,,,elsewhere,0.045,,,dominant,0.061,creation,0.041,explain,0.066,company,0.036,new,0.046
63,formal,0.042,type,0.057,answer,0.033,,,emotion,0.045,,,draw,0.061,dimension,0.041,multiple,0.066,prior,0.036,practice,0.046
64,generic,0.042,argument,0.051,attempting,0.033,,,enacting,0.045,,,foundation,0.061,environmental,0.041,article,0.06,several,0.036,three,0.046
65,highly,0.042,contribution,0.051,banking,0.033,,,energizing,0.045,,,long,0.061,evolution,0.041,social,0.054,show,0.036,article,0.042
66,knowledge,0.042,examine,0.051,based,0.033,,,enhancement,0.045,,,part,0.061,identity,0.041,outcome,0.05,similar,0.036,field,0.042
67,law,0.042,important,0.051,bourgeois,0.033,,,enthusiasm,0.045,,,key,0.055,impact,0.041,study,0.05,test,0.036,active,0.038
68,locus,0.042,manager,0.051,capture,0.033,,,envisioning,0.045,,,level,0.055,project,0.041,,,multiple,0.033,addressed,0.038
69,long,0.042,typology,0.051,center,0.033,,,equivocality,0.045,,,literature,0.055,two,0.041,,,proposition,0.033,administrative,0.038
70,producer,0.042,year,0.051,chief,0.033,,,exemplify,0.045,,,measure,0.055,structure,0.04,,,field,0.03,africa,0.038
71,relation,0.042,concept,0.046,compared,0.033,,,explicated,0.045,,,system,0.055,also,0.037,,,process,0.03,aldrich,0.038
72,repeated,0.042,one,0.046,composition,0.033,,,explicitly,0.045,,,term,0.055,cost,0.037,,,structure,0.03,always,0.038
73,report,0.042,proposition,0.046,configuration,0.033,,,fill,0.045,,,test,0.055,show,0.037,,,associated,0.027,america,0.038
74,singh,0.042,relationship,0.046,creates,0.033,,,gap,0.045,,,competitive,0.049,across,0.036,,,based,0.027,applies,0.038
75,understanding,0.042,toward,0.046,demographic,0.033,,,gioia,0.045,,,concept,0.049,building,0.036,,,role,0.027,asia,0.038
76,way,0.042,environment,0.042,discretion,0.033,,,gone,0.045,,,develop,0.049,codification,0.036,,,perspective,0.025,briefly,0.038
77,study,0.039,firm,0.042,emotional,0.033,,,heed,0.045,,,explain,0.049,community,0.036,,,,,bureaucratization,0.038
78,focus,0.038,based,0.038,entropy,0.033,,,incidence,0.045,,,one,0.049,competition,0.036,,,,,cage,0.038
79,framework,0.038,research,0.038,executive,0.033,,,inform,0.045,,,sample,0.049,complex,0.036,,,,,centralization,0.038
80,hypothesis,0.038,theoretical,0.038,extending,0.033,,,infused,0.045,,,three,0.049,condition,0.036,,,,,ceremony,0.038
81,industry,0.038,,,finkelstein,0.033,,,instigating,0.045,,,toward,0.049,coordination,0.036,,,,,china,0.038
82,key,0.038,,,fortune,0.033,,,interpretive,0.045,,,article,0.045,current,0.036,,,,,coercive,0.038
83,model,0.038,,,fragmented,0.033,,,interrelate,0.045,,,field,0.045,imitation,0.036,,,,,collectively,0.038
84,position,0.038,,,impoverished,0.033,,,interrelation,0.045,,,structure,0.045,member,0.036,,,,,compare,0.038
85,set,0.038,,,jackson,0.033,,,intrusiveness,0.045,,,support,0.045,study,0.036,,,,,confidence,0.038
86,term,0.038,,,led,0.033,,,labeled,0.045,,,based,0.041,technology,0.036,,,,,constraint,0.038
87,test,0.038,,,mason,0.033,,,materialize,0.045,,,research,0.041,tendency,0.036,,,,,contend,0.038
88,using,0.038,,,microcomputer,0.033,,,meshed,0.045,,,outcome,0.037,way,0.036,,,,,convergent,0.038
89,within,0.038,,,midrange,0.033,,,mindful,0.045,,,study,0.037,critical,0.032,,,,,decoupled,0.038
90,ability,0.036,,,moderating,0.033,,,missing,0.045,,,,,decision,0.032,,,,,dependence,0.038
91,achieve,0.036,,,obtained,0.033,,,neglected,0.045,,,,,form,0.032,,,,,dependency,0.038
92,argue,0.036,,,officer,0.033,,,obstfeld,0.045,,,,,future,0.032,,,,,describe,0.038
93,biotechnology,0.036,,,pace,0.033,,,operation,0.045,,,,,group,0.032,,,,,dimaggio,0.038
94,capital,0.036,,,palepu,0.033,,,persuasion,0.045,,,,,related,0.032,,,,,east,0.038
95,collaboration,0.036,,,partially,0.033,,,phase,0.045,,,,,used,0.032,,,,,eden,0.038
96,complex,0.036,,,pioneering,0.033,,,pinpointing,0.045,,,,,ability,0.031,,,,,employed,0.038
97,condition,0.036,,,plan,0.033,,,reduction,0.045,,,,,argue,0.031,,,,,enhanced,0.038
98,embedded,0.036,,,politics,0.033,,,reliability,0.045,,,,,component,0.031,,,,,evaluation,0.038
99,evolution,0.036,,,previously,0.033,,,requiring,0.045,,,,,investment,0.031,,,,,explaining,0.038
100,gain,0.036,,,profit,0.033,,,restate,0.045,,,,,partner,0.031,,,,,faith,0.038
101,game,0.036,,,propel,0.033,,,robert,0.045,,,,,potential,0.031,,,,,fall,0.038
102,hierarchy,0.036,,,propensity,0.033,,,role,0.045,,,,,speed,0.031,,,,,fiol,0.038
103,identify,0.036,,,questionnaire,0.033,,,scanning,0.045,,,,,acquisition,0.03,,,,,fombrun,0.038
104,managing,0.036,,,reflected,0.033,,,sedentary,0.045,,,,,benefit,0.03,,,,,fool,0.038
105,measured,0.036,,,relevant,0.033,,,serf,0.045,,,,,discontinuity,0.03,,,,,foreign,0.038
106,skill,0.036,,,resolution,0.033,,,signaling,0.045,,,,,discussion,0.03,,,,,formative,0.038
107,supported,0.036,,,secondary,0.033,,,site,0.045,,,,,easily,0.03,,,,,former,0.038
108,task,0.036,,,semistructured,0.033,,,springboard,0.045,,,,,learned,0.03,,,,,founder,0.038
109,tie,0.036,,,serial,0.033,,,stage,0.045,,,,,result,0.03,,,,,gaining,0.038
110,based,0.035,,,shorter,0.033,,,strengthen,0.045,,,,,activity,0.029,,,,,globally,0.038
111,theory,0.035,,,slow,0.033,,,sutcliffe,0.045,,,,,case,0.029,,,,,heritage,0.038
112,competitive,0.034,,,static,0.033,,,theory,0.045,,,,,company,0.029,,,,,home,0.038
113,develop,0.034,,,suggestion,0.033,,,tied,0.045,,,,,concept,0.029,,,,,hoskisson,0.038
114,innovation,0.034,,,synthesize,0.033,,,tracking,0.045,,,,,data,0.029,,,,,importing,0.038
115,one,0.034,,,tactical,0.033,,,transient,0.045,,,,,examine,0.029,,,,,income,0.038
116,account,0.032,,,theorist,0.033,,,turning,0.045,,,,,practice,0.029,,,,,incorporate,0.038
117,advantage,0.032,,,theory,0.033,,,understood,0.045,,,,,using,0.029,,,,,inspection,0.038
118,although,0.032,,,tiered,0.033,,,undirected,0.045,,,,,business,0.027,,,,,institutionalized,0.038
119,control,0.032,,,training,0.033,,,unfolding,0.045,,,,,experience,0.027,,,,,instrument,0.038
120,coordination,0.032,,,undergo,0.033,,,university,0.045,,,,,find,0.027,,,,,iron,0.038
121,development,0.032,,,united,0.033,,,visible,0.045,,,,,finding,0.027,,,,,isomorphism,0.038
122,discus,0.032,,,wiersema,0.033,,,visioning,0.045,,,,,influence,0.027,,,,,japanese,0.038
123,find,0.032,,,outcome,0.03,,,word,0.045,,,,,management,0.027,,,,,latin,0.038
124,finding,0.032,,,perspective,0.03,,,study,0.041,,,,,upon,0.027,,,,,lau,0.038
125,however,0.032,,,academic,0.028,,,along,0.038,,,,,continuous,0.026,,,,,liberalization,0.038
126,likely,0.032,,,age,0.028,,,backward,0.038,,,,,distribution,0.026,,,,,manipulation,0.038
127,related,0.032,,,around,0.028,,,belief,0.038,,,,,interfirm,0.026,,,,,marketplace,0.038
128,response,0.032,,,average,0.028,,,best,0.038,,,,,linking,0.026,,,,,meyer,0.038
129,self,0.032,,,background,0.028,,,closely,0.038,,,,,looking,0.026,,,,,middle,0.038
130,unique,0.032,,,changing,0.028,,,comparative,0.038,,,,,major,0.026,,,,,mimetic,0.038
131,article,0.031,,,characterized,0.028,,,conceptualized,0.038,,,,,mechanism,0.026,,,,,name,0.038
132,abnormal,0.028,,,choice,0.028,,,conditioned,0.038,,,,,principle,0.026,,,,,newness,0.038
133,activity,0.028,,,closure,0.028,,,connected,0.038,,,,,rent,0.026,,,,,occurrence,0.038
134,alternative,0.028,,,competing,0.028,,,consists,0.038,,,,,task,0.026,,,,,overcome,0.038
135,announcement,0.028,,,completed,0.028,,,constrain,0.038,,,,,ambidexterity,0.024,,,,,overcoming,0.038
136,assessment,0.028,,,connected,0.028,,,continuous,0.038,,,,,approach,0.024,,,,,paired,0.038
137,bring,0.028,,,controlling,0.028,,,describes,0.038,,,,,described,0.024,,,,,passive,0.038
138,collaborative,0.028,,,design,0.028,,,determination,0.038,,,,,dilemma,0.024,,,,,proactive,0.038
139,complementarity,0.028,,,efficiency,0.028,,,domain,0.038,,,,,direct,0.024,,,,,profession,0.038
140,coordinating,0.028,,,emerge,0.028,,,effort,0.038,,,,,disk,0.024,,,,,professionalization,0.038
141,developmental,0.028,,,emergent,0.028,,,emergent,0.038,,,,,empirical,0.024,,,,,pursue,0.038
142,dyer,0.028,,,examining,0.028,,,ethnographic,0.038,,,,,established,0.024,,,,,pursuit,0.038
143,efficient,0.028,,,experienced,0.028,,,event,0.038,,,,,exploitation,0.024,,,,,rapidity,0.038
144,explicate,0.028,,,explored,0.028,,,explicit,0.038,,,,,high,0.024,,,,,rationality,0.038
145,fully,0.028,,,failure,0.028,,,hypothesized,0.038,,,,,hole,0.024,,,,,rationalization,0.038
146,gulati,0.028,,,founding,0.028,,,increase,0.038,,,,,idea,0.024,,,,,rationalized,0.038
147,hierarchical,0.028,,,heterogeneity,0.028,,,interrelated,0.038,,,,,indirect,0.024,,,,,regional,0.038
148,high,0.028,,,include,0.028,,,involves,0.038,,,,,ipo,0.024,,,,,reshaping,0.038
149,important,0.028,,,included,0.028,,,issue,0.038,,,,,norm,0.024,,,,,revisited,0.038
150,inter,0.028,,,integration,0.028,,,joint,0.038,,,,,optical,0.024,,,,,room,0.038
151,interdependence,0.028,,,linked,0.028,,,looking,0.038,,,,,population,0.024,,,,,rowan,0.038
152,iors,0.028,,,linking,0.028,,,macro,0.038,,,,,prominent,0.024,,,,,rush,0.038
153,jointly,0.028,,,measured,0.028,,,meaning,0.038,,,,,replication,0.024,,,,,sectoral,0.038
154,longevity,0.028,,,methodological,0.028,,,might,0.038,,,,,selection,0.024,,,,,severe,0.038
155,magnitude,0.028,,,overall,0.028,,,nearly,0.038,,,,,spanning,0.024,,,,,shanley,0.038
156,manifestation,0.028,,,political,0.028,,,operational,0.038,,,,,understand,0.024,,,,,sociopolitical,0.038
157,method,0.028,,,predicting,0.028,,,people,0.038,,,,,well,0.024,,,,,soviet,0.038
158,opportunity,0.028,,,rapid,0.028,,,perceived,0.038,,,,,action,0.023,,,,,specify,0.038
159,organized,0.028,,,rapidly,0.028,,,purpose,0.038,,,,,attempt,0.023,,,,,structuration,0.038
160,oversocialized,0.028,,,reflection,0.028,,,seemingly,0.038,,,,,complexity,0.023,,,,,summarize,0.038
161,parameter,0.028,,,resulting,0.028,,,sense,0.038,,,,,construct,0.023,,,,,ten,0.038
162,percent,0.028,,,science,0.028,,,stock,0.038,,,,,examines,0.023,,,,,tokyo,0.038
163,prescription,0.028,,,specialization,0.028,,,variation,0.038,,,,,feature,0.023,,,,,trading,0.038
164,provide,0.028,,,speed,0.028,,,build,0.034,,,,,first,0.023,,,,,try,0.038
165,specific,0.028,,,traditional,0.028,,,decision,0.034,,,,,need,0.023,,,,,union,0.038
166,substitute,0.028,,,underlying,0.028,,,decrease,0.034,,,,,relation,0.023,,,,,western,0.038
167,theoretic,0.028,,,yet,0.028,,,defined,0.034,,,,,successful,0.023,,,,,whats,0.038
168,threshold,0.028,,,attempt,0.025,,,develops,0.034,,,,,one,0.022,,,,,wright,0.038
169,uzzi,0.028,,,central,0.025,,,feature,0.034,,,,,relationship,0.022,,,,,study,0.035
170,outcome,0.026,,,combine,0.025,,,first,0.034,,,,,work,0.022,,,,,ambiguity,0.032
171,behavior,0.025,,,conclude,0.025,,,formal,0.034,,,,,area,0.021,,,,,arises,0.032
172,different,0.025,,,consistent,0.025,,,foundation,0.034,,,,,become,0.021,,,,,bank,0.032
173,explain,0.025,,,critical,0.025,,,human,0.034,,,,,best,0.021,,,,,become,0.032
174,factor,0.025,,,development,0.025,,,influence,0.034,,,,,changing,0.021,,,,,broad,0.032
175,proposition,0.025,,,doe,0.025,,,made,0.034,,,,,common,0.021,,,,,broader,0.032
176,three,0.025,,,either,0.025,,,nature,0.034,,,,,complement,0.021,,,,,building,0.032
177,across,0.024,,,especially,0.025,,,ongoing,0.034,,,,,degree,0.021,,,,,collective,0.032
178,advance,0.024,,,found,0.025,,,pattern,0.034,,,,,difficult,0.021,,,,,contrast,0.032
179,another,0.024,,,general,0.025,,,public,0.034,,,,,effort,0.021,,,,,cope,0.032
180,appropriation,0.024,,,highly,0.025,,,report,0.034,,,,,examination,0.021,,,,,degree,0.032
181,asymmetry,0.024,,,however,0.025,,,significance,0.034,,,,,exploring,0.021,,,,,demand,0.032
182,average,0.024,,,information,0.025,,,time,0.034,,,,,including,0.021,,,,,difficulty,0.032
183,behavioral,0.024,,,likely,0.025,,,upon,0.034,,,,,inertia,0.021,,,,,distribution,0.032
184,beyond,0.024,,,longitudinal,0.025,,,way,0.034,,,,,integration,0.021,,,,,elaboration,0.032
185,boundary,0.024,,,lower,0.025,,,whether,0.034,,,,,interaction,0.021,,,,,emerges,0.032
186,comparative,0.024,,,member,0.025,,,actor,0.03,,,,,interorganizational,0.021,,,,,entrepreneur,0.032
187,complement,0.024,,,need,0.025,,,approach,0.03,,,,,local,0.021,,,,,evolve,0.032
188,component,0.024,,,phenomenon,0.025,,,characteristic,0.03,,,,,much,0.021,,,,,existence,0.032
189,copyright,0.024,,,predicted,0.025,,,difference,0.03,,,,,rather,0.021,,,,,expansion,0.032
190,derive,0.024,,,product,0.025,,,discussed,0.03,,,,,representation,0.021,,,,,facing,0.032
191,economy,0.024,,,report,0.025,,,distinctive,0.03,,,,,rule,0.021,,,,,formulation,0.032
192,effective,0.024,,,routine,0.025,,,framework,0.03,,,,,sharing,0.021,,,,,highlight,0.032
193,equity,0.024,,,situation,0.025,,,key,0.03,,,,,skill,0.021,,,,,hypothesized,0.032
194,event,0.024,,,source,0.025,,,large,0.03,,,,,underlying,0.021,,,,,implementation,0.032
195,evolutionary,0.024,,,strong,0.025,,,making,0.03,,,,,unit,0.021,,,,,included,0.032
196,examination,0.024,,,technical,0.025,,,others,0.03,,,,,without,0.021,,,,,increased,0.032
197,exploring,0.024,,,thus,0.025,,,position,0.03,,,,,argument,0.02,,,,,increasingly,0.032
198,improvement,0.024,,,various,0.025,,,presented,0.03,,,,,article,0.02,,,,,innovative,0.032
199,increasingly,0.024,,,venture,0.025,,,proposed,0.03,,,,,focus,0.02,,,,,integrated,0.032
200,inertial,0.024,,,vulnerable,0.025,,,provide,0.03,,,,,hypothesis,0.02,,,,,introduction,0.032
201,international,0.024,,,case,0.022,,,suggests,0.03,,,,,perspective,0.02,,,,,kogut,0.032
202,interpersonal,0.024,,,company,0.022,,,term,0.03,,,,,strategy,0.02,,,,,lack,0.032
203,investment,0.024,,,conflict,0.022,,,uncertainty,0.03,,,,,support,0.02,,,,,leading,0.032
204,john,0.024,,,cost,0.022,,,within,0.03,,,,,test,0.02,,,,,light,0.032
205,ltd,0.024,,,data,0.022,,,year,0.03,,,,,application,0.018,,,,,local,0.032
206,mechanism,0.024,,,difference,0.022,,,behavior,0.027,,,,,aspect,0.018,,,,,low,0.032
207,offered,0.024,,,discussed,0.022,,,developed,0.027,,,,,assumption,0.018,,,,,maintain,0.032
208,party,0.024,,,examined,0.022,,,explain,0.027,,,,,basis,0.018,,,,,major,0.032
209,potential,0.024,,,focus,0.022,,,individual,0.027,,,,,build,0.018,,,,,methodological,0.032
210,providing,0.024,,,hypothesis,0.022,,,make,0.027,,,,,causal,0.018,,,,,motivation,0.032
211,quality,0.024,,,large,0.022,,,new,0.027,,,,,central,0.018,,,,,moved,0.032
212,rate,0.024,,,literature,0.022,,,practice,0.027,,,,,cognitive,0.018,,,,,multinational,0.032
213,rent,0.024,,,many,0.022,,,relationship,0.027,,,,,coherence,0.018,,,,,oliver,0.032
214,scheme,0.024,,,measure,0.022,,,toward,0.027,,,,,cohesion,0.018,,,,,political,0.032
215,son,0.024,,,opportunity,0.022,,,management,0.025,,,,,competency,0.018,,,,,powell,0.032
216,structuring,0.024,,,prior,0.022,,,strategy,0.025,,,,,competitor,0.018,,,,,primarily,0.032
217,systematic,0.024,,,suggests,0.022,,,associated,0.023,,,,,considers,0.018,,,,,production,0.032
218,unit,0.024,,,within,0.022,,,performance,0.023,,,,,context,0.018,,,,,prospect,0.032
219,value,0.024,,,also,0.02,,,social,0.023,,,,,contextual,0.018,,,,,providing,0.032
220,widely,0.024,,,competitive,0.02,,,theoretical,0.023,,,,,cumulative,0.018,,,,,rapid,0.032
221,wiley,0.024,,,develop,0.02,,,perspective,0.021,,,,,defined,0.018,,,,,rational,0.032
222,without,0.024,,,developed,0.02,,,,,,,,,deliberate,0.018,,,,,reflection,0.032
223,environment,0.023,,,effect,0.02,,,,,,,,,develop,0.018,,,,,reputation,0.032
224,result,0.023,,,innovation,0.02,,,,,,,,,different,0.018,,,,,scope,0.032
225,adaptation,0.021,,,logic,0.02,,,,,,,,,diffusion,0.018,,,,,setting,0.032
226,attempt,0.021,,,make,0.02,,,,,,,,,distant,0.018,,,,,society,0.032
227,determinant,0.021,,,multiple,0.02,,,,,,,,,doe,0.018,,,,,structured,0.032
228,doe,0.021,,,proposition,0.02,,,,,,,,,driven,0.018,,,,,subunit,0.032
229,examines,0.021,,,relationship,0.02,,,,,,,,,ecology,0.018,,,,,transition,0.032
230,experience,0.021,,,sample,0.02,,,,,,,,,element,0.018,,,,,useful,0.032
231,extent,0.021,,,toward,0.02,,,,,,,,,enhance,0.018,,,,,york,0.032
232,four,0.021,,,field,0.018,,,,,,,,,example,0.018,,,,,zaheer,0.032
233,future,0.021,,,organization,0.018,,,,,,,,,existing,0.018,,,,,account,0.028
234,information,0.021,,,result,0.018,,,,,,,,,explain,0.018,,,,,addition,0.028
235,insight,0.021,,,structure,0.018,,,,,,,,,factor,0.018,,,,,advantage,0.028
236,institution,0.021,,,associated,0.016,,,,,,,,,four,0.018,,,,,capability,0.028
237,longitudinal,0.021,,,role,0.016,,,,,,,,,homogeneity,0.018,,,,,challenge,0.028
238,managerial,0.021,,,theoretical,0.016,,,,,,,,,imitate,0.018,,,,,complexity,0.028
239,offer,0.021,,,,,,,,,,,,,imperfection,0.018,,,,,control,0.028
240,ongoing,0.021,,,,,,,,,,,,,interest,0.018,,,,,creation,0.028
241,product,0.021,,,,,,,,,,,,,interesting,0.018,,,,,decrease,0.028
242,property,0.021,,,,,,,,,,,,,justice,0.018,,,,,developing,0.028
243,question,0.021,,,,,,,,,,,,,know,0.018,,,,,discus,0.028
244,relative,0.021,,,,,,,,,,,,,levinthal,0.018,,,,,either,0.028
245,role,0.021,,,,,,,,,,,,,limit,0.018,,,,,especially,0.028
246,routine,0.021,,,,,,,,,,,,,manufacturing,0.018,,,,,examines,0.028
247,special,0.021,,,,,,,,,,,,,nature,0.018,,,,,existing,0.028
248,stability,0.021,,,,,,,,,,,,,neither,0.018,,,,,extent,0.028
249,successful,0.021,,,,,,,,,,,,,notion,0.018,,,,,function,0.028
250,suggesting,0.021,,,,,,,,,,,,,often,0.018,,,,,goal,0.028
251,time,0.021,,,,,,,,,,,,,order,0.018,,,,,good,0.028
252,type,0.021,,,,,,,,,,,,,orientation,0.018,,,,,group,0.028
253,vary,0.021,,,,,,,,,,,,,paced,0.018,,,,,help,0.028
254,approach,0.019,,,,,,,,,,,,,particularly,0.018,,,,,impact,0.028
255,argument,0.019,,,,,,,,,,,,,pattern,0.018,,,,,internal,0.028
256,arise,0.019,,,,,,,,,,,,,performance,0.018,,,,,modern,0.028
257,case,0.019,,,,,,,,,,,,,pharmaceutical,0.018,,,,,offer,0.028
258,company,0.019,,,,,,,,,,,,,primary,0.018,,,,,ongoing,0.028
259,examine,0.019,,,,,,,,,,,,,propose,0.018,,,,,order,0.028
260,examined,0.019,,,,,,,,,,,,,range,0.018,,,,,paradox,0.028
261,large,0.019,,,,,,,,,,,,,school,0.018,,,,,part,0.028
262,several,0.019,,,,,,,,,,,,,second,0.018,,,,,place,0.028
263,show,0.019,,,,,,,,,,,,,self,0.018,,,,,predict,0.028
264,suggest,0.019,,,,,,,,,,,,,source,0.018,,,,,question,0.028
265,suggests,0.019,,,,,,,,,,,,,specialized,0.018,,,,,relative,0.028
266,uncertainty,0.019,,,,,,,,,,,,,stickiness,0.018,,,,,suggesting,0.028
267,year,0.019,,,,,,,,,,,,,sustainable,0.018,,,,,survival,0.028
268,change,0.017,,,,,,,,,,,,,tacit,0.018,,,,,tested,0.028
269,cognitive,0.017,,,,,,,,,,,,,tends,0.018,,,,,two,0.028
270,concept,0.017,,,,,,,,,,,,,testable,0.018,,,,,unique,0.028
271,logic,0.017,,,,,,,,,,,,,third,0.018,,,,,vary,0.028
272,make,0.017,,,,,,,,,,,,,turbulence,0.018,,,,,vulnerable,0.028
273,sample,0.017,,,,,,,,,,,,,understanding,0.018,,,,,whether,0.028
274,strategy,0.015,,,,,,,,,,,,,venture,0.018,,,,,whose,0.028
275,access,0.014,,,,,,,,,,,,,virtue,0.018,,,,,activity,0.025
276,adapt,0.014,,,,,,,,,,,,,young,0.018,,,,,actor,0.025
277,adept,0.014,,,,,,,,,,,,,zander,0.018,,,,,alternative,0.025
278,adjustment,0.014,,,,,,,,,,,,,affect,0.016,,,,,arise,0.025
279,affected,0.014,,,,,,,,,,,,,ambiguity,0.016,,,,,contribution,0.025
280,agency,0.014,,,,,,,,,,,,,argued,0.016,,,,,data,0.025
281,agreement,0.014,,,,,,,,,,,,,arises,0.016,,,,,economics,0.025
282,allocative,0.014,,,,,,,,,,,,,attention,0.016,,,,,examine,0.025
283,alter,0.014,,,,,,,,,,,,,beyond,0.016,,,,,examined,0.025
284,alternate,0.014,,,,,,,,,,,,,consequence,0.016,,,,,focus,0.025
285,anticipated,0.014,,,,,,,,,,,,,contrast,0.016,,,,,hypothesis,0.025
286,arm,0.014,,,,,,,,,,,,,copyright,0.016,,,,,learning,0.025
287,artifactual,0.014,,,,,,,,,,,,,design,0.016,,,,,many,0.025
288,assessing,0.014,,,,,,,,,,,,,discussed,0.016,,,,,normative,0.025
289,associated,0.014,,,,,,,,,,,,,diversity,0.016,,,,,presented,0.025
290,atomized,0.014,,,,,,,,,,,,,effective,0.016,,,,,provide,0.025
291,augments,0.014,,,,,,,,,,,,,emerging,0.016,,,,,several,0.025
292,back,0.014,,,,,,,,,,,,,evolutionary,0.016,,,,,show,0.025
293,bargaining,0.014,,,,,,,,,,,,,examined,0.016,,,,,suggest,0.025
294,believe,0.014,,,,,,,,,,,,,expertise,0.016,,,,,typology,0.025
295,breed,0.014,,,,,,,,,,,,,explicit,0.016,,,,,uncertainty,0.025
296,bureaucracy,0.014,,,,,,,,,,,,,face,0.016,,,,,using,0.025
297,capturing,0.014,,,,,,,,,,,,,framework,0.016,,,,,view,0.025
298,chance,0.014,,,,,,,,,,,,,game,0.016,,,,,well,0.025
299,cheat,0.014,,,,,,,,,,,,,held,0.016,,,,,year,0.025
300,choose,0.014,,,,,,,,,,,,,heterogeneity,0.016,,,,,also,0.023
301,circumscribes,0.014,,,,,,,,,,,,,hierarchy,0.016,,,,,behavior,0.023
302,cited,0.014,,,,,,,,,,,,,identified,0.016,,,,,cognitive,0.023
303,claim,0.014,,,,,,,,,,,,,illustrated,0.016,,,,,corporate,0.023
304,clan,0.014,,,,,,,,,,,,,importance,0.016,,,,,develop,0.023
305,commit,0.014,,,,,,,,,,,,,important,0.016,,,,,developed,0.023
306,commonly,0.014,,,,,,,,,,,,,include,0.016,,,,,factor,0.023
307,complementary,0.014,,,,,,,,,,,,,increase,0.016,,,,,implication,0.023
308,consider,0.014,,,,,,,,,,,,,inertial,0.016,,,,,individual,0.023
309,contradict,0.014,,,,,,,,,,,,,innovative,0.016,,,,,logic,0.023
310,controlled,0.014,,,,,,,,,,,,,interpretation,0.016,,,,,one,0.023
311,conversely,0.014,,,,,,,,,,,,,john,0.016,,,,,sample,0.023
312,correlate,0.014,,,,,,,,,,,,,kogut,0.016,,,,,work,0.023
313,correlated,0.014,,,,,,,,,,,,,linkage,0.016,,,,,result,0.021
314,couple,0.014,,,,,,,,,,,,,ltd,0.016,,,,,support,0.021
315,customized,0.014,,,,,,,,,,,,,managing,0.016,,,,,associated,0.019
316,cycle,0.014,,,,,,,,,,,,,operational,0.016,,,,,based,0.019
317,dealing,0.014,,,,,,,,,,,,,opportunism,0.016,,,,,role,0.019
318,demarcates,0.014,,,,,,,,,,,,,organizing,0.016,,,,,social,0.019
319,demonstrating,0.014,,,,,,,,,,,,,original,0.016,,,,,outcome,0.017
320,dennis,0.014,,,,,,,,,,,,,particular,0.016,,,,,,
321,depending,0.014,,,,,,,,,,,,,point,0.016,,,,,,
322,depiction,0.014,,,,,,,,,,,,,pressure,0.016,,,,,,
323,derail,0.014,,,,,,,,,,,,,procedural,0.016,,,,,,
324,designed,0.014,,,,,,,,,,,,,production,0.016,,,,,,
325,desirability,0.014,,,,,,,,,,,,,program,0.016,,,,,,
326,detail,0.014,,,,,,,,,,,,,provides,0.016,,,,,,
327,detailed,0.014,,,,,,,,,,,,,quality,0.016,,,,,,
328,determining,0.014,,,,,,,,,,,,,rational,0.016,,,,,,
329,device,0.014,,,,,,,,,,,,,resulting,0.016,,,,,,
330,differentiates,0.014,,,,,,,,,,,,,several,0.016,,,,,,
331,discourage,0.014,,,,,,,,,,,,,son,0.016,,,,,,
332,discrete,0.014,,,,,,,,,,,,,specialization,0.016,,,,,,
333,disjunct,0.014,,,,,,,,,,,,,subunit,0.016,,,,,,
334,dispersed,0.014,,,,,,,,,,,,,suggest,0.016,,,,,,
335,disseminating,0.014,,,,,,,,,,,,,system,0.016,,,,,,
336,dissolve,0.014,,,,,,,,,,,,,wiley,0.016,,,,,,
337,distinguished,0.014,,,,,,,,,,,,,make,0.015,,,,,,
338,disturbance,0.014,,,,,,,,,,,,,three,0.015,,,,,,
339,doz,0.014,,,,,,,,,,,,,adaptation,0.014,,,,,,
340,dress,0.014,,,,,,,,,,,,,among,0.014,,,,,,
341,economist,0.014,,,,,,,,,,,,,challenge,0.014,,,,,,
342,elaborated,0.014,,,,,,,,,,,,,discus,0.014,,,,,,
343,emerged,0.014,,,,,,,,,,,,,distinct,0.014,,,,,,
344,encompass,0.014,,,,,,,,,,,,,economic,0.014,,,,,,
345,encourage,0.014,,,,,,,,,,,,,extent,0.014,,,,,,
346,endowment,0.014,,,,,,,,,,,,,general,0.014,,,,,,
347,enjoy,0.014,,,,,,,,,,,,,help,0.014,,,,,,
348,enriching,0.014,,,,,,,,,,,,,higher,0.014,,,,,,
349,entail,0.014,,,,,,,,,,,,,highly,0.014,,,,,,
350,equally,0.014,,,,,,,,,,,,,however,0.014,,,,,,
351,equitable,0.014,,,,,,,,,,,,,lead,0.014,,,,,,
352,erroneously,0.014,,,,,,,,,,,,,link,0.014,,,,,,
353,ethnography,0.014,,,,,,,,,,,,,longitudinal,0.014,,,,,,
354,execute,0.014,,,,,,,,,,,,,made,0.014,,,,,,
355,execution,0.014,,,,,,,,,,,,,managerial,0.014,,,,,,
356,exists,0.014,,,,,,,,,,,,,paradox,0.014,,,,,,
357,exogenous,0.014,,,,,,,,,,,,,present,0.014,,,,,,
358,expanding,0.014,,,,,,,,,,,,,question,0.014,,,,,,
359,expected,0.014,,,,,,,,,,,,,shared,0.014,,,,,,
360,explains,0.014,,,,,,,,,,,,,significant,0.014,,,,,,
361,extended,0.014,,,,,,,,,,,,,strong,0.014,,,,,,
362,failing,0.014,,,,,,,,,,,,,technical,0.014,,,,,,
363,familiarity,0.014,,,,,,,,,,,,,type,0.014,,,,,,
364,fieldwork,0.014,,,,,,,,,,,,,accumulation,0.012,,,,,,
365,figure,0.014,,,,,,,,,,,,,act,0.012,,,,,,
366,fine,0.014,,,,,,,,,,,,,affiliate,0.012,,,,,,
367,fixed,0.014,,,,,,,,,,,,,ahuja,0.012,,,,,,
368,following,0.014,,,,,,,,,,,,,alignment,0.012,,,,,,
369,frustrated,0.014,,,,,,,,,,,,,apply,0.012,,,,,,
370,generative,0.014,,,,,,,,,,,,,appropriate,0.012,,,,,,
371,ghoshal,0.014,,,,,,,,,,,,,available,0.012,,,,,,
372,grained,0.014,,,,,,,,,,,,,barrier,0.012,,,,,,
373,grounded,0.014,,,,,,,,,,,,,basic,0.012,,,,,,
374,growing,0.014,,,,,,,,,,,,,birth,0.012,,,,,,
375,hamel,0.014,,,,,,,,,,,,,bottom,0.012,,,,,,
376,hitherto,0.014,,,,,,,,,,,,,breakthrough,0.012,,,,,,
377,hybrid,0.014,,,,,,,,,,,,,cease,0.012,,,,,,
378,identifies,0.014,,,,,,,,,,,,,certain,0.012,,,,,,
379,ignores,0.014,,,,,,,,,,,,,codifying,0.012,,,,,,
380,importantly,0.014,,,,,,,,,,,,,cognition,0.012,,,,,,
381,imprinting,0.014,,,,,,,,,,,,,combination,0.012,,,,,,
382,inappropriate,0.014,,,,,,,,,,,,,communicated,0.012,,,,,,
383,independent,0.014,,,,,,,,,,,,,computer,0.012,,,,,,
384,individually,0.014,,,,,,,,,,,,,consequently,0.012,,,,,,
385,inferfirm,0.014,,,,,,,,,,,,,consisting,0.012,,,,,,
386,influenced,0.014,,,,,,,,,,,,,cooperate,0.012,,,,,,
387,inherently,0.014,,,,,,,,,,,,,coordinated,0.012,,,,,,
388,insulating,0.014,,,,,,,,,,,,,could,0.012,,,,,,
389,intent,0.014,,,,,,,,,,,,,created,0.012,,,,,,
390,interactive,0.014,,,,,,,,,,,,,creating,0.012,,,,,,
391,internalize,0.014,,,,,,,,,,,,,customer,0.012,,,,,,
392,interpartner,0.014,,,,,,,,,,,,,define,0.012,,,,,,
393,isolating,0.014,,,,,,,,,,,,,depends,0.012,,,,,,
394,journey,0.014,,,,,,,,,,,,,destroy,0.012,,,,,,
395,kale,0.014,,,,,,,,,,,,,dialogue,0.012,,,,,,
396,koput,0.014,,,,,,,,,,,,,differs,0.012,,,,,,
397,legal,0.014,,,,,,,,,,,,,dimensional,0.012,,,,,,
398,maintaining,0.014,,,,,,,,,,,,,direction,0.012,,,,,,
399,marker,0.014,,,,,,,,,,,,,discretionary,0.012,,,,,,
400,matter,0.014,,,,,,,,,,,,,division,0.012,,,,,,
401,merged,0.014,,,,,,,,,,,,,dyadic,0.012,,,,,,
402,metric,0.014,,,,,,,,,,,,,dynamism,0.012,,,,,,
403,moreover,0.014,,,,,,,,,,,,,early,0.012,,,,,,
404,motif,0.014,,,,,,,,,,,,,ease,0.012,,,,,,
405,multiindustry,0.014,,,,,,,,,,,,,effectively,0.012,,,,,,
406,neglect,0.014,,,,,,,,,,,,,effectiveness,0.012,,,,,,
407,negotiate,0.014,,,,,,,,,,,,,empirically,0.012,,,,,,
408,neoclasical,0.014,,,,,,,,,,,,,enhancing,0.012,,,,,,
409,nine,0.014,,,,,,,,,,,,,equilibrium,0.012,,,,,,
410,opportunistic,0.014,,,,,,,,,,,,,essence,0.012,,,,,,
411,organ,0.014,,,,,,,,,,,,,exist,0.012,,,,,,
412,origin,0.014,,,,,,,,,,,,,experiential,0.012,,,,,,
413,ouchi,0.014,,,,,,,,,,,,,explore,0.012,,,,,,
414,paradoxically,0.014,,,,,,,,,,,,,extend,0.012,,,,,,
415,pareto,0.014,,,,,,,,,,,,,external,0.012,,,,,,
416,parkhe,0.014,,,,,,,,,,,,,facilitating,0.012,,,,,,
417,partnership,0.014,,,,,,,,,,,,,family,0.012,,,,,,
418,perrone,0.014,,,,,,,,,,,,,five,0.012,,,,,,
419,pervasive,0.014,,,,,,,,,,,,,force,0.012,,,,,,
420,plausibility,0.014,,,,,,,,,,,,,forward,0.012,,,,,,
421,podolny,0.014,,,,,,,,,,,,,freeman,0.012,,,,,,
422,podsakoff,0.014,,,,,,,,,,,,,frequency,0.012,,,,,,
423,pooled,0.014,,,,,,,,,,,,,functional,0.012,,,,,,
424,poor,0.014,,,,,,,,,,,,,grafting,0.012,,,,,,
425,poppo,0.014,,,,,,,,,,,,,grant,0.012,,,,,,
426,pose,0.014,,,,,,,,,,,,,great,0.012,,,,,,
427,positively,0.014,,,,,,,,,,,,,grow,0.012,,,,,,
428,practical,0.014,,,,,,,,,,,,,hannan,0.012,,,,,,
429,preserve,0.014,,,,,,,,,,,,,henderson,0.012,,,,,,
430,pricing,0.014,,,,,,,,,,,,,heterogeneous,0.012,,,,,,
431,profile,0.014,,,,,,,,,,,,,illustrate,0.012,,,,,,
432,programmatic,0.014,,,,,,,,,,,,,imperfect,0.012,,,,,,
433,prominently,0.014,,,,,,,,,,,,,implies,0.012,,,,,,
434,promotes,0.014,,,,,,,,,,,,,increasing,0.012,,,,,,
435,rarely,0.014,,,,,,,,,,,,,incremental,0.012,,,,,,
436,reach,0.014,,,,,,,,,,,,,inductive,0.012,,,,,,
437,readjustment,0.014,,,,,,,,,,,,,initiated,0.012,,,,,,
438,realize,0.014,,,,,,,,,,,,,internally,0.012,,,,,,
439,recommendation,0.014,,,,,,,,,,,,,investigates,0.012,,,,,,
440,reevaluation,0.014,,,,,,,,,,,,,involving,0.012,,,,,,
441,reflects,0.014,,,,,,,,,,,,,key,0.012,,,,,,
442,reformist,0.014,,,,,,,,,,,,,least,0.012,,,,,,
443,refutable,0.014,,,,,,,,,,,,,lifecycle,0.012,,,,,,
444,remedy,0.014,,,,,,,,,,,,,limitation,0.012,,,,,,
445,replicated,0.014,,,,,,,,,,,,,line,0.012,,,,,,
446,reproducing,0.014,,,,,,,,,,,,,logical,0.012,,,,,,
447,respondent,0.014,,,,,,,,,,,,,manager,0.012,,,,,,
448,reveal,0.014,,,,,,,,,,,,,march,0.012,,,,,,
449,revenue,0.014,,,,,,,,,,,,,mature,0.012,,,,,,
450,revers,0.014,,,,,,,,,,,,,measure,0.012,,,,,,
451,ring,0.014,,,,,,,,,,,,,memory,0.012,,,,,,
452,rise,0.014,,,,,,,,,,,,,mobility,0.012,,,,,,
453,robust,0.014,,,,,,,,,,,,,modeled,0.012,,,,,,
454,security,0.014,,,,,,,,,,,,,moral,0.012,,,,,,
455,sequence,0.014,,,,,,,,,,,,,munificence,0.012,,,,,,
456,series,0.014,,,,,,,,,,,,,myopia,0.012,,,,,,
457,service,0.014,,,,,,,,,,,,,negative,0.012,,,,,,
458,shock,0.014,,,,,,,,,,,,,number,0.012,,,,,,
459,singular,0.014,,,,,,,,,,,,,occurs,0.012,,,,,,
460,smithdoerr,0.014,,,,,,,,,,,,,offset,0.012,,,,,,
461,solution,0.014,,,,,,,,,,,,,old,0.012,,,,,,
462,sophisticated,0.014,,,,,,,,,,,,,opposed,0.012,,,,,,
463,specifically,0.014,,,,,,,,,,,,,ordinary,0.012,,,,,,
464,specified,0.014,,,,,,,,,,,,,output,0.012,,,,,,
465,specifies,0.014,,,,,,,,,,,,,overlap,0.012,,,,,,
466,statement,0.014,,,,,,,,,,,,,paradigm,0.012,,,,,,
467,theoretical,0.014,,,,,,,,,,,,,path,0.012,,,,,,
468,thereby,0.014,,,,,,,,,,,,,patterning,0.012,,,,,,
469,transcend,0.014,,,,,,,,,,,,,peteraf,0.012,,,,,,
470,treating,0.014,,,,,,,,,,,,,play,0.012,,,,,,
471,tsai,0.014,,,,,,,,,,,,,posse,0.012,,,,,,
472,underlies,0.014,,,,,,,,,,,,,possibility,0.012,,,,,,
473,undermine,0.014,,,,,,,,,,,,,potentially,0.012,,,,,,
474,undersocialized,0.014,,,,,,,,,,,,,prior,0.012,,,,,,
475,underwriting,0.014,,,,,,,,,,,,,prisoner,0.012,,,,,,
476,unifies,0.014,,,,,,,,,,,,,procedure,0.012,,,,,,
477,usual,0.014,,,,,,,,,,,,,progress,0.012,,,,,,
478,vandeven,0.014,,,,,,,,,,,,,promote,0.012,,,,,,
479,versa,0.014,,,,,,,,,,,,,proposed,0.012,,,,,,
480,vice,0.014,,,,,,,,,,,,,punctuated,0.012,,,,,,
481,voluntary,0.014,,,,,,,,,,,,,radical,0.012,,,,,,
482,went,0.014,,,,,,,,,,,,,reaching,0.012,,,,,,
483,whereas,0.014,,,,,,,,,,,,,realized,0.012,,,,,,
484,williamson,0.014,,,,,,,,,,,,,recipient,0.012,,,,,,
485,williamsons,0.014,,,,,,,,,,,,,recognize,0.012,,,,,,
486,worldwide,0.014,,,,,,,,,,,,,recombination,0.012,,,,,,
487,wrong,0.014,,,,,,,,,,,,,reconceptualization,0.012,,,,,,
488,yielded,0.014,,,,,,,,,,,,,relatively,0.012,,,,,,
489,zenger,0.014,,,,,,,,,,,,,rely,0.012,,,,,,
490,academic,0.012,,,,,,,,,,,,,require,0.012,,,,,,
491,actually,0.012,,,,,,,,,,,,,requirement,0.012,,,,,,
492,adaptive,0.012,,,,,,,,,,,,,requires,0.012,,,,,,
493,address,0.012,,,,,,,,,,,,,return,0.012,,,,,,
494,affect,0.012,,,,,,,,,,,,,review,0.012,,,,,,
495,aim,0.012,,,,,,,,,,,,,rich,0.012,,,,,,
496,along,0.012,,,,,,,,,,,,,rigidity,0.012,,,,,,
497,analyze,0.012,,,,,,,,,,,,,run,0.012,,,,,,
498,analyzing,0.012,,,,,,,,,,,,,selected,0.012,,,,,,
499,appear,0.012,,,,,,,,,,,,,shifting,0.012,,,,,,
500,architecture,0.012,,,,,,,,,,,,,side,0.012,,,,,,
501,area,0.012,,,,,,,,,,,,,similarly,0.012,,,,,,
502,arrangement,0.012,,,,,,,,,,,,,since,0.012,,,,,,
503,art,0.012,,,,,,,,,,,,,small,0.012,,,,,,
504,ass,0.012,,,,,,,,,,,,,solving,0.012,,,,,,
505,asset,0.012,,,,,,,,,,,,,something,0.012,,,,,,
506,attention,0.012,,,,,,,,,,,,,space,0.012,,,,,,
507,attribute,0.012,,,,,,,,,,,,,stress,0.012,,,,,,
508,bank,0.012,,,,,,,,,,,,,subject,0.012,,,,,,
509,base,0.012,,,,,,,,,,,,,superior,0.012,,,,,,
510,better,0.012,,,,,,,,,,,,,sustain,0.012,,,,,,
511,bias,0.012,,,,,,,,,,,,,term,0.012,,,,,,
512,broad,0.012,,,,,,,,,,,,,transaction,0.012,,,,,,
513,cannot,0.012,,,,,,,,,,,,,uncertainty,0.012,,,,,,
514,category,0.012,,,,,,,,,,,,,unstable,0.012,,,,,,
515,classic,0.012,,,,,,,,,,,,,varies,0.012,,,,,,
516,collected,0.012,,,,,,,,,,,,,winter,0.012,,,,,,
517,common,0.012,,,,,,,,,,,,,wisdom,0.012,,,,,,
518,competence,0.012,,,,,,,,,,,,,behavior,0.011,,,,,,
519,completed,0.012,,,,,,,,,,,,,proposition,0.011,,,,,,
520,comprehensive,0.012,,,,,,,,,,,,,address,0.01,,,,,,
521,conception,0.012,,,,,,,,,,,,,analyze,0.01,,,,,,
522,conducted,0.012,,,,,,,,,,,,,analyzing,0.01,,,,,,
523,consequence,0.012,,,,,,,,,,,,,architecture,0.01,,,,,,
524,consistency,0.012,,,,,,,,,,,,,around,0.01,,,,,,
525,correlation,0.012,,,,,,,,,,,,,asset,0.01,,,,,,
526,criticized,0.012,,,,,,,,,,,,,backward,0.01,,,,,,
527,critique,0.012,,,,,,,,,,,,,behavioral,0.01,,,,,,
528,deal,0.012,,,,,,,,,,,,,better,0.01,,,,,,
529,difficult,0.012,,,,,,,,,,,,,cannot,0.01,,,,,,
530,distinguish,0.012,,,,,,,,,,,,,categorization,0.01,,,,,,
531,divergent,0.012,,,,,,,,,,,,,characterized,0.01,,,,,,
532,efficiency,0.012,,,,,,,,,,,,,closure,0.01,,,,,,
533,electronics,0.012,,,,,,,,,,,,,collaboration,0.01,,,,,,
534,emerge,0.012,,,,,,,,,,,,,comprehensive,0.01,,,,,,
535,emerges,0.012,,,,,,,,,,,,,concern,0.01,,,,,,
536,emphasis,0.012,,,,,,,,,,,,,consistency,0.01,,,,,,
537,ethnographic,0.012,,,,,,,,,,,,,contribute,0.01,,,,,,
538,evaluated,0.012,,,,,,,,,,,,,country,0.01,,,,,,
539,evolve,0.012,,,,,,,,,,,,,definition,0.01,,,,,,
540,expectation,0.012,,,,,,,,,,,,,distinguish,0.01,,,,,,
541,expertise,0.012,,,,,,,,,,,,,domain,0.01,,,,,,
542,explores,0.012,,,,,,,,,,,,,eisenhardt,0.01,,,,,,
543,extension,0.012,,,,,,,,,,,,,embedded,0.01,,,,,,
544,formulation,0.012,,,,,,,,,,,,,equity,0.01,,,,,,
545,generally,0.012,,,,,,,,,,,,,expectation,0.01,,,,,,
546,generating,0.012,,,,,,,,,,,,,explored,0.01,,,,,,
547,given,0.012,,,,,,,,,,,,,failure,0.01,,,,,,
548,global,0.012,,,,,,,,,,,,,given,0.01,,,,,,
549,granovetter,0.012,,,,,,,,,,,,,greater,0.01,,,,,,
550,highlight,0.012,,,,,,,,,,,,,hoc,0.01,,,,,,
551,hoc,0.012,,,,,,,,,,,,,identify,0.01,,,,,,
552,identifying,0.012,,,,,,,,,,,,,ill,0.01,,,,,,
553,ill,0.012,,,,,,,,,,,,,improvement,0.01,,,,,,
554,illustrated,0.012,,,,,,,,,,,,,includes,0.01,,,,,,
555,importance,0.012,,,,,,,,,,,,,increased,0.01,,,,,,
556,improve,0.012,,,,,,,,,,,,,indicate,0.01,,,,,,
557,industrial,0.012,,,,,,,,,,,,,industrial,0.01,,,,,,
558,inertia,0.012,,,,,,,,,,,,,informal,0.01,,,,,,
559,informal,0.012,,,,,,,,,,,,,initial,0.01,,,,,,
560,integrative,0.012,,,,,,,,,,,,,integrated,0.01,,,,,,
561,interaction,0.012,,,,,,,,,,,,,interunit,0.01,,,,,,
562,interunit,0.012,,,,,,,,,,,,,introduced,0.01,,,,,,
563,intrafirm,0.012,,,,,,,,,,,,,issue,0.01,,,,,,
564,introduced,0.012,,,,,,,,,,,,,leading,0.01,,,,,,
565,investigated,0.012,,,,,,,,,,,,,little,0.01,,,,,,
566,length,0.012,,,,,,,,,,,,,low,0.01,,,,,,
567,little,0.012,,,,,,,,,,,,,macro,0.01,,,,,,
568,maintain,0.012,,,,,,,,,,,,,measuring,0.01,,,,,,
569,mcevily,0.012,,,,,,,,,,,,,motivation,0.01,,,,,,
570,much,0.012,,,,,,,,,,,,,must,0.01,,,,,,
571,multinational,0.012,,,,,,,,,,,,,party,0.01,,,,,,
572,must,0.012,,,,,,,,,,,,,people,0.01,,,,,,
573,oliver,0.012,,,,,,,,,,,,,portfolio,0.01,,,,,,
574,opportunism,0.012,,,,,,,,,,,,,positive,0.01,,,,,,
575,original,0.012,,,,,,,,,,,,,previous,0.01,,,,,,
576,particular,0.012,,,,,,,,,,,,,primarily,0.01,,,,,,
577,perceived,0.012,,,,,,,,,,,,,productivity,0.01,,,,,,
578,period,0.012,,,,,,,,,,,,,rapidly,0.01,,,,,,
579,point,0.012,,,,,,,,,,,,,relational,0.01,,,,,,
580,portfolio,0.012,,,,,,,,,,,,,scope,0.01,,,,,,
581,post,0.012,,,,,,,,,,,,,short,0.01,,,,,,
582,powell,0.012,,,,,,,,,,,,,six,0.01,,,,,,
583,predicting,0.012,,,,,,,,,,,,,stem,0.01,,,,,,
584,procedural,0.012,,,,,,,,,,,,,structured,0.01,,,,,,
585,program,0.012,,,,,,,,,,,,,subprocesses,0.01,,,,,,
586,prospect,0.012,,,,,,,,,,,,,systematic,0.01,,,,,,
587,provides,0.012,,,,,,,,,,,,,together,0.01,,,,,,
588,psychological,0.012,,,,,,,,,,,,,traditional,0.01,,,,,,
589,purpose,0.012,,,,,,,,,,,,,traditionally,0.01,,,,,,
590,rather,0.012,,,,,,,,,,,,,turn,0.01,,,,,,
591,received,0.012,,,,,,,,,,,,,addition,0.009,,,,,,
592,recent,0.012,,,,,,,,,,,,,applied,0.009,,,,,,
593,reliance,0.012,,,,,,,,,,,,,associated,0.009,,,,,,
594,reputation,0.012,,,,,,,,,,,,,consistent,0.009,,,,,,
595,right,0.012,,,,,,,,,,,,,demonstrate,0.009,,,,,,
596,scale,0.012,,,,,,,,,,,,,determinant,0.009,,,,,,
597,serve,0.012,,,,,,,,,,,,,developing,0.009,,,,,,
598,sharing,0.012,,,,,,,,,,,,,develops,0.009,,,,,,
599,shift,0.012,,,,,,,,,,,,,discipline,0.009,,,,,,
600,shown,0.012,,,,,,,,,,,,,either,0.009,,,,,,
601,significantly,0.012,,,,,,,,,,,,,exchange,0.009,,,,,,
602,simple,0.012,,,,,,,,,,,,,fundamental,0.009,,,,,,
603,six,0.012,,,,,,,,,,,,,generate,0.009,,,,,,
604,society,0.012,,,,,,,,,,,,,insight,0.009,,,,,,
605,span,0.012,,,,,,,,,,,,,integrate,0.009,,,,,,
606,stable,0.012,,,,,,,,,,,,,likely,0.009,,,,,,
607,statistical,0.012,,,,,,,,,,,,,long,0.009,,,,,,
608,strategically,0.012,,,,,,,,,,,,,lower,0.009,,,,,,
609,subprocesses,0.012,,,,,,,,,,,,,offer,0.009,,,,,,
610,suggested,0.012,,,,,,,,,,,,,prediction,0.009,,,,,,
611,systematically,0.012,,,,,,,,,,,,,relative,0.009,,,,,,
612,treat,0.012,,,,,,,,,,,,,routine,0.009,,,,,,
613,turn,0.012,,,,,,,,,,,,,team,0.009,,,,,,
614,variance,0.012,,,,,,,,,,,,,theoretical,0.009,,,,,,
615,viewed,0.012,,,,,,,,,,,,,thus,0.009,,,,,,
616,york,0.012,,,,,,,,,,,,,alternative,0.008,,,,,,
617,zaheer,0.012,,,,,,,,,,,,,conflict,0.008,,,,,,
618,addition,0.011,,,,,,,,,,,,,distinctive,0.008,,,,,,
619,aspect,0.011,,,,,,,,,,,,,growth,0.008,,,,,,
620,basis,0.011,,,,,,,,,,,,,large,0.008,,,,,,
621,build,0.011,,,,,,,,,,,,,making,0.008,,,,,,
622,business,0.011,,,,,,,,,,,,,others,0.008,,,,,,
623,challenge,0.011,,,,,,,,,,,,,provide,0.008,,,,,,
624,combine,0.011,,,,,,,,,,,,,typology,0.008,,,,,,
625,complexity,0.011,,,,,,,,,,,,,corporate,0.007,,,,,,
626,concerning,0.011,,,,,,,,,,,,,developed,0.007,,,,,,
627,create,0.011,,,,,,,,,,,,,logic,0.007,,,,,,
628,creation,0.011,,,,,,,,,,,,,multiple,0.007,,,,,,
629,critical,0.011,,,,,,,,,,,,,toward,0.007,,,,,,
630,defined,0.011,,,,,,,,,,,,,abandoning,0.006,,,,,,
631,developing,0.011,,,,,,,,,,,,,absence,0.006,,,,,,
632,develops,0.011,,,,,,,,,,,,,accompany,0.006,,,,,,
633,distinct,0.011,,,,,,,,,,,,,accomplish,0.006,,,,,,
634,drawing,0.011,,,,,,,,,,,,,according,0.006,,,,,,
635,evidence,0.011,,,,,,,,,,,,,achieved,0.006,,,,,,
636,existing,0.011,,,,,,,,,,,,,acquire,0.006,,,,,,
637,explanation,0.011,,,,,,,,,,,,,acquired,0.006,,,,,,
638,feature,0.011,,,,,,,,,,,,,acrossfirms,0.006,,,,,,
639,finally,0.011,,,,,,,,,,,,,adaptability,0.006,,,,,,
640,first,0.011,,,,,,,,,,,,,adopt,0.006,,,,,,
641,found,0.011,,,,,,,,,,,,,adoption,0.006,,,,,,
642,fundamental,0.011,,,,,,,,,,,,,advancement,0.006,,,,,,
643,general,0.011,,,,,,,,,,,,,ail,0.006,,,,,,
644,generate,0.011,,,,,,,,,,,,,aimed,0.006,,,,,,
645,goal,0.011,,,,,,,,,,,,,airline,0.006,,,,,,
646,good,0.011,,,,,,,,,,,,,allocating,0.006,,,,,,
647,help,0.011,,,,,,,,,,,,,allocation,0.006,,,,,,
648,higher,0.011,,,,,,,,,,,,,allows,0.006,,,,,,
649,influence,0.011,,,,,,,,,,,,,altered,0.006,,,,,,
650,internal,0.011,,,,,,,,,,,,,ameliorate,0.006,,,,,,
651,lead,0.011,,,,,,,,,,,,,amit,0.006,,,,,,
652,link,0.011,,,,,,,,,,,,,amount,0.006,,,,,,
653,lower,0.011,,,,,,,,,,,,,amplifying,0.006,,,,,,
654,made,0.011,,,,,,,,,,,,,analytic,0.006,,,,,,
655,manufacturing,0.011,,,,,,,,,,,,,analytical,0.006,,,,,,
656,mediates,0.011,,,,,,,,,,,,,analyzed,0.006,,,,,,
657,modern,0.011,,,,,,,,,,,,,analyzes,0.006,,,,,,
658,need,0.011,,,,,,,,,,,,,anderson,0.006,,,,,,
659,order,0.011,,,,,,,,,,,,,ante,0.006,,,,,,
660,paradox,0.011,,,,,,,,,,,,,anticipation,0.006,,,,,,
661,pattern,0.011,,,,,,,,,,,,,appealing,0.006,,,,,,
662,place,0.011,,,,,,,,,,,,,applicability,0.006,,,,,,
663,power,0.011,,,,,,,,,,,,,arc,0.006,,,,,,
664,present,0.011,,,,,,,,,,,,,arduous,0.006,,,,,,
665,shape,0.011,,,,,,,,,,,,,arising,0.006,,,,,,
666,shared,0.011,,,,,,,,,,,,,array,0.006,,,,,,
667,significance,0.011,,,,,,,,,,,,,articuation,0.006,,,,,,
668,significant,0.011,,,,,,,,,,,,,articulated,0.006,,,,,,
669,strong,0.011,,,,,,,,,,,,,articulates,0.006,,,,,,
670,survival,0.011,,,,,,,,,,,,,articulating,0.006,,,,,,
671,take,0.011,,,,,,,,,,,,,articulation,0.006,,,,,,
672,tested,0.011,,,,,,,,,,,,,assemblage,0.006,,,,,,
673,thus,0.011,,,,,,,,,,,,,assessed,0.006,,,,,,
674,vulnerable,0.011,,,,,,,,,,,,,assigned,0.006,,,,,,
675,actor,0.009,,,,,,,,,,,,,assimilate,0.006,,,,,,
676,conflict,0.009,,,,,,,,,,,,,associate,0.006,,,,,,
677,difference,0.009,,,,,,,,,,,,,association,0.006,,,,,,
678,discussed,0.009,,,,,,,,,,,,,attribution,0.006,,,,,,
679,distinctive,0.009,,,,,,,,,,,,,audience,0.006,,,,,,
680,entrepreneurial,0.009,,,,,,,,,,,,,author,0.006,,,,,,
681,growth,0.009,,,,,,,,,,,,,authority,0.006,,,,,,
682,making,0.009,,,,,,,,,,,,,avenue,0.006,,,,,,
683,manager,0.009,,,,,,,,,,,,,backed,0.006,,,,,,
684,many,0.009,,,,,,,,,,,,,balancing,0.006,,,,,,
685,measure,0.009,,,,,,,,,,,,,barney,0.006,,,,,,
686,normative,0.009,,,,,,,,,,,,,beard,0.006,,,,,,
687,others,0.009,,,,,,,,,,,,,becoming,0.006,,,,,,
688,presented,0.009,,,,,,,,,,,,,belong,0.006,,,,,,
689,proposed,0.009,,,,,,,,,,,,,benefitting,0.006,,,,,,
690,similar,0.009,,,,,,,,,,,,,betweenfirm,0.006,,,,,,
691,system,0.009,,,,,,,,,,,,,biotech,0.006,,,,,,
692,typology,0.009,,,,,,,,,,,,,birkinshaw,0.006,,,,,,
693,well,0.009,,,,,,,,,,,,,black,0.006,,,,,,
694,corporate,0.008,,,,,,,,,,,,,blame,0.006,,,,,,
695,developed,0.008,,,,,,,,,,,,,blend,0.006,,,,,,
696,individual,0.008,,,,,,,,,,,,,border,0.006,,,,,,
697,management,0.008,,,,,,,,,,,,,boundedly,0.006,,,,,,
698,multiple,0.008,,,,,,,,,,,,,box,0.006,,,,,,
699,new,0.008,,,,,,,,,,,,,branching,0.006,,,,,,
700,practice,0.008,,,,,,,,,,,,,break,0.006,,,,,,
701,work,0.008,,,,,,,,,,,,,brown,0.006,,,,,,
702,perspective,0.006,,,,,,,,,,,,,bundle,0.006,,,,,,
703,,,,,,,,,,,,,,,bundling,0.006,,,,,,
704,,,,,,,,,,,,,,,burgelman,0.006,,,,,,
705,,,,,,,,,,,,,,,buy,0.006,,,,,,
706,,,,,,,,,,,,,,,byproduct,0.006,,,,,,
707,,,,,,,,,,,,,,,called,0.006,,,,,,
708,,,,,,,,,,,,,,,canonical,0.006,,,,,,
709,,,,,,,,,,,,,,,capitalization,0.006,,,,,,
710,,,,,,,,,,,,,,,carried,0.006,,,,,,
711,,,,,,,,,,,,,,,caused,0.006,,,,,,
712,,,,,,,,,,,,,,,celebrating,0.006,,,,,,
713,,,,,,,,,,,,,,,cement,0.006,,,,,,
714,,,,,,,,,,,,,,,certainty,0.006,,,,,,
715,,,,,,,,,,,,,,,channel,0.006,,,,,,
716,,,,,,,,,,,,,,,chaos,0.006,,,,,,
717,,,,,,,,,,,,,,,characterize,0.006,,,,,,
718,,,,,,,,,,,,,,,check,0.006,,,,,,
719,,,,,,,,,,,,,,,chemical,0.006,,,,,,
720,,,,,,,,,,,,,,,citation,0.006,,,,,,
721,,,,,,,,,,,,,,,clarify,0.006,,,,,,
722,,,,,,,,,,,,,,,clark,0.006,,,,,,
723,,,,,,,,,,,,,,,classification,0.006,,,,,,
724,,,,,,,,,,,,,,,clc,0.006,,,,,,
725,,,,,,,,,,,,,,,cluster,0.006,,,,,,
726,,,,,,,,,,,,,,,cockburn,0.006,,,,,,
727,,,,,,,,,,,,,,,code,0.006,,,,,,
728,,,,,,,,,,,,,,,coding,0.006,,,,,,
729,,,,,,,,,,,,,,,coevolution,0.006,,,,,,
730,,,,,,,,,,,,,,,cohen,0.006,,,,,,
731,,,,,,,,,,,,,,,cohesive,0.006,,,,,,
732,,,,,,,,,,,,,,,coleman,0.006,,,,,,
733,,,,,,,,,,,,,,,combinative,0.006,,,,,,
734,,,,,,,,,,,,,,,commercial,0.006,,,,,,
735,,,,,,,,,,,,,,,commitment,0.006,,,,,,
736,,,,,,,,,,,,,,,communicating,0.006,,,,,,
737,,,,,,,,,,,,,,,comparable,0.006,,,,,,
738,,,,,,,,,,,,,,,comparison,0.006,,,,,,
739,,,,,,,,,,,,,,,compete,0.006,,,,,,
740,,,,,,,,,,,,,,,complicated,0.006,,,,,,
741,,,,,,,,,,,,,,,complication,0.006,,,,,,
742,,,,,,,,,,,,,,,compose,0.006,,,,,,
743,,,,,,,,,,,,,,,concentration,0.006,,,,,,
744,,,,,,,,,,,,,,,concludes,0.006,,,,,,
745,,,,,,,,,,,,,,,concluding,0.006,,,,,,
746,,,,,,,,,,,,,,,confining,0.006,,,,,,
747,,,,,,,,,,,,,,,confusing,0.006,,,,,,
748,,,,,,,,,,,,,,,congenital,0.006,,,,,,
749,,,,,,,,,,,,,,,connection,0.006,,,,,,
750,,,,,,,,,,,,,,,connects,0.006,,,,,,
751,,,,,,,,,,,,,,,conservatism,0.006,,,,,,
752,,,,,,,,,,,,,,,considerable,0.006,,,,,,
753,,,,,,,,,,,,,,,considering,0.006,,,,,,
754,,,,,,,,,,,,,,,consistently,0.006,,,,,,
755,,,,,,,,,,,,,,,constituent,0.006,,,,,,
756,,,,,,,,,,,,,,,constitute,0.006,,,,,,
757,,,,,,,,,,,,,,,constituted,0.006,,,,,,
758,,,,,,,,,,,,,,,continuously,0.006,,,,,,
759,,,,,,,,,,,,,,,contributes,0.006,,,,,,
760,,,,,,,,,,,,,,,contributing,0.006,,,,,,
761,,,,,,,,,,,,,,,conventional,0.006,,,,,,
762,,,,,,,,,,,,,,,convey,0.006,,,,,,
763,,,,,,,,,,,,,,,convincing,0.006,,,,,,
764,,,,,,,,,,,,,,,cooperating,0.006,,,,,,
765,,,,,,,,,,,,,,,cornerstone,0.006,,,,,,
766,,,,,,,,,,,,,,,correct,0.006,,,,,,
767,,,,,,,,,,,,,,,costly,0.006,,,,,,
768,,,,,,,,,,,,,,,counterintuitive,0.006,,,,,,
769,,,,,,,,,,,,,,,coupled,0.006,,,,,,
770,,,,,,,,,,,,,,,creative,0.006,,,,,,
771,,,,,,,,,,,,,,,creativity,0.006,,,,,,
772,,,,,,,,,,,,,,,criterion,0.006,,,,,,
773,,,,,,,,,,,,,,,critiqued,0.006,,,,,,
774,,,,,,,,,,,,,,,crude,0.006,,,,,,
775,,,,,,,,,,,,,,,crystallize,0.006,,,,,,
776,,,,,,,,,,,,,,,currently,0.006,,,,,,
777,,,,,,,,,,,,,,,day,0.006,,,,,,
778,,,,,,,,,,,,,,,decreased,0.006,,,,,,
779,,,,,,,,,,,,,,,decreasing,0.006,,,,,,
780,,,,,,,,,,,,,,,deemed,0.006,,,,,,
781,,,,,,,,,,,,,,,deeply,0.006,,,,,,
782,,,,,,,,,,,,,,,defillippi,0.006,,,,,,
783,,,,,,,,,,,,,,,demarcate,0.006,,,,,,
784,,,,,,,,,,,,,,,demonstrates,0.006,,,,,,
785,,,,,,,,,,,,,,,demonstration,0.006,,,,,,
786,,,,,,,,,,,,,,,depend,0.006,,,,,,
787,,,,,,,,,,,,,,,dependent,0.006,,,,,,
788,,,,,,,,,,,,,,,deploy,0.006,,,,,,
789,,,,,,,,,,,,,,,deployment,0.006,,,,,,
790,,,,,,,,,,,,,,,deprived,0.006,,,,,,
791,,,,,,,,,,,,,,,derived,0.006,,,,,,
792,,,,,,,,,,,,,,,des,0.006,,,,,,
793,,,,,,,,,,,,,,,destroying,0.006,,,,,,
794,,,,,,,,,,,,,,,destruction,0.006,,,,,,
795,,,,,,,,,,,,,,,destructive,0.006,,,,,,
796,,,,,,,,,,,,,,,deter,0.006,,,,,,
797,,,,,,,,,,,,,,,diagnosis,0.006,,,,,,
798,,,,,,,,,,,,,,,dichotomy,0.006,,,,,,
799,,,,,,,,,,,,,,,differ,0.006,,,,,,
800,,,,,,,,,,,,,,,differentially,0.006,,,,,,
801,,,,,,,,,,,,,,,differentiation,0.006,,,,,,
802,,,,,,,,,,,,,,,diffuse,0.006,,,,,,
803,,,,,,,,,,,,,,,directed,0.006,,,,,,
804,,,,,,,,,,,,,,,directly,0.006,,,,,,
805,,,,,,,,,,,,,,,disastrous,0.006,,,,,,
806,,,,,,,,,,,,,,,disconnection,0.006,,,,,,
807,,,,,,,,,,,,,,,dispersion,0.006,,,,,,
808,,,,,,,,,,,,,,,distinguishing,0.006,,,,,,
809,,,,,,,,,,,,,,,distributed,0.006,,,,,,
810,,,,,,,,,,,,,,,diverse,0.006,,,,,,
811,,,,,,,,,,,,,,,diversified,0.006,,,,,,
812,,,,,,,,,,,,,,,done,0.006,,,,,,
813,,,,,,,,,,,,,,,dropout,0.006,,,,,,
814,,,,,,,,,,,,,,,dropping,0.006,,,,,,
815,,,,,,,,,,,,,,,dynamically,0.006,,,,,,
816,,,,,,,,,,,,,,,dysfunctional,0.006,,,,,,
817,,,,,,,,,,,,,,,earlier,0.006,,,,,,
818,,,,,,,,,,,,,,,earn,0.006,,,,,,
819,,,,,,,,,,,,,,,ecological,0.006,,,,,,
820,,,,,,,,,,,,,,,ego,0.006,,,,,,
821,,,,,,,,,,,,,,,eight,0.006,,,,,,
822,,,,,,,,,,,,,,,elaborate,0.006,,,,,,
823,,,,,,,,,,,,,,,elaborates,0.006,,,,,,
824,,,,,,,,,,,,,,,elucidates,0.006,,,,,,
825,,,,,,,,,,,,,,,emphasize,0.006,,,,,,
826,,,,,,,,,,,,,,,emphasized,0.006,,,,,,
827,,,,,,,,,,,,,,,emphasizes,0.006,,,,,,
828,,,,,,,,,,,,,,,encouraged,0.006,,,,,,
829,,,,,,,,,,,,,,,end,0.006,,,,,,
830,,,,,,,,,,,,,,,endorsed,0.006,,,,,,
831,,,,,,,,,,,,,,,endorsement,0.006,,,,,,
832,,,,,,,,,,,,,,,energy,0.006,,,,,,
833,,,,,,,,,,,,,,,engage,0.006,,,,,,
834,,,,,,,,,,,,,,,enhances,0.006,,,,,,
835,,,,,,,,,,,,,,,ensues,0.006,,,,,,
836,,,,,,,,,,,,,,,equipment,0.006,,,,,,
837,,,,,,,,,,,,,,,equivalent,0.006,,,,,,
838,,,,,,,,,,,,,,,establish,0.006,,,,,,
839,,,,,,,,,,,,,,,establishing,0.006,,,,,,
840,,,,,,,,,,,,,,,evaluating,0.006,,,,,,
841,,,,,,,,,,,,,,,evaluative,0.006,,,,,,
842,,,,,,,,,,,,,,,evolves,0.006,,,,,,
843,,,,,,,,,,,,,,,exclusion,0.006,,,,,,
844,,,,,,,,,,,,,,,expand,0.006,,,,,,
845,,,,,,,,,,,,,,,expect,0.006,,,,,,
846,,,,,,,,,,,,,,,experimental,0.006,,,,,,
847,,,,,,,,,,,,,,,expforation,0.006,,,,,,
848,,,,,,,,,,,,,,,explanatory,0.006,,,,,,
849,,,,,,,,,,,,,,,exploiting,0.006,,,,,,
850,,,,,,,,,,,,,,,expressed,0.006,,,,,,
851,,,,,,,,,,,,,,,extensive,0.006,,,,,,
852,,,,,,,,,,,,,,,extreme,0.006,,,,,,
853,,,,,,,,,,,,,,,faced,0.006,,,,,,
854,,,,,,,,,,,,,,,facet,0.006,,,,,,
855,,,,,,,,,,,,,,,faceted,0.006,,,,,,
856,,,,,,,,,,,,,,,facilitated,0.006,,,,,,
857,,,,,,,,,,,,,,,facilitates,0.006,,,,,,
858,,,,,,,,,,,,,,,far,0.006,,,,,,
859,,,,,,,,,,,,,,,faster,0.006,,,,,,
860,,,,,,,,,,,,,,,feasible,0.006,,,,,,
861,,,,,,,,,,,,,,,fimi,0.006,,,,,,
862,,,,,,,,,,,,,,,fitness,0.006,,,,,,
863,,,,,,,,,,,,,,,flexible,0.006,,,,,,
864,,,,,,,,,,,,,,,flip,0.006,,,,,,
865,,,,,,,,,,,,,,,focal,0.006,,,,,,
866,,,,,,,,,,,,,,,focused,0.006,,,,,,
867,,,,,,,,,,,,,,,focusing,0.006,,,,,,
868,,,,,,,,,,,,,,,foreclose,0.006,,,,,,
869,,,,,,,,,,,,,,,formulate,0.006,,,,,,
870,,,,,,,,,,,,,,,fourth,0.006,,,,,,
871,,,,,,,,,,,,,,,fraction,0.006,,,,,,
872,,,,,,,,,,,,,,,framebreaking,0.006,,,,,,
873,,,,,,,,,,,,,,,freedom,0.006,,,,,,
874,,,,,,,,,,,,,,,frequently,0.006,,,,,,
875,,,,,,,,,,,,,,,friendship,0.006,,,,,,
876,,,,,,,,,,,,,,,futurist,0.006,,,,,,
877,,,,,,,,,,,,,,,gavetti,0.006,,,,,,
878,,,,,,,,,,,,,,,generated,0.006,,,,,,
879,,,,,,,,,,,,,,,generates,0.006,,,,,,
880,,,,,,,,,,,,,,,george,0.006,,,,,,
881,,,,,,,,,,,,,,,gibson,0.006,,,,,,
882,,,,,,,,,,,,,,,graduation,0.006,,,,,,
883,,,,,,,,,,,,,,,greatest,0.006,,,,,,
884,,,,,,,,,,,,,,,grounding,0.006,,,,,,
885,,,,,,,,,,,,,,,grows,0.006,,,,,,
886,,,,,,,,,,,,,,,guide,0.006,,,,,,
887,,,,,,,,,,,,,,,hampered,0.006,,,,,,
888,,,,,,,,,,,,,,,hansen,0.006,,,,,,
889,,,,,,,,,,,,,,,hard,0.006,,,,,,
890,,,,,,,,,,,,,,,helfat,0.006,,,,,,
891,,,,,,,,,,,,,,,heterogeneously,0.006,,,,,,
892,,,,,,,,,,,,,,,highest,0.006,,,,,,
893,,,,,,,,,,,,,,,highlighted,0.006,,,,,,
894,,,,,,,,,,,,,,,highlighting,0.006,,,,,,
895,,,,,,,,,,,,,,,hiring,0.006,,,,,,
896,,,,,,,,,,,,,,,history,0.006,,,,,,
897,,,,,,,,,,,,,,,hitt,0.006,,,,,,
898,,,,,,,,,,,,,,,hoang,0.006,,,,,,
899,,,,,,,,,,,,,,,horizontal,0.006,,,,,,
900,,,,,,,,,,,,,,,hrm,0.006,,,,,,
901,,,,,,,,,,,,,,,huber,0.006,,,,,,
902,,,,,,,,,,,,,,,hybels,0.006,,,,,,
903,,,,,,,,,,,,,,,hypercompetitive,0.006,,,,,,
904,,,,,,,,,,,,,,,illustrative,0.006,,,,,,
905,,,,,,,,,,,,,,,imitability,0.006,,,,,,
906,,,,,,,,,,,,,,,imitated,0.006,,,,,,
907,,,,,,,,,,,,,,,impede,0.006,,,,,,
908,,,,,,,,,,,,,,,impediment,0.006,,,,,,
909,,,,,,,,,,,,,,,implicitly,0.006,,,,,,
910,,,,,,,,,,,,,,,imply,0.006,,,,,,
911,,,,,,,,,,,,,,,improving,0.006,,,,,,
912,,,,,,,,,,,,,,,improvisation,0.006,,,,,,
913,,,,,,,,,,,,,,,incentive,0.006,,,,,,
914,,,,,,,,,,,,,,,incomplete,0.006,,,,,,
915,,,,,,,,,,,,,,,inconsistent,0.006,,,,,,
916,,,,,,,,,,,,,,,incorporates,0.006,,,,,,
917,,,,,,,,,,,,,,,incumbent,0.006,,,,,,
918,,,,,,,,,,,,,,,indicates,0.006,,,,,,
919,,,,,,,,,,,,,,,indicator,0.006,,,,,,
920,,,,,,,,,,,,,,,individualistic,0.006,,,,,,
921,,,,,,,,,,,,,,,inducting,0.006,,,,,,
922,,,,,,,,,,,,,,,inherent,0.006,,,,,,
923,,,,,,,,,,,,,,,inhibits,0.006,,,,,,
924,,,,,,,,,,,,,,,initiate,0.006,,,,,,
925,,,,,,,,,,,,,,,input,0.006,,,,,,
926,,,,,,,,,,,,,,,inside,0.006,,,,,,
927,,,,,,,,,,,,,,,instability,0.006,,,,,,
928,,,,,,,,,,,,,,,integrates,0.006,,,,,,
929,,,,,,,,,,,,,,,integrating,0.006,,,,,,
930,,,,,,,,,,,,,,,intensity,0.006,,,,,,
931,,,,,,,,,,,,,,,interacting,0.006,,,,,,
932,,,,,,,,,,,,,,,interested,0.006,,,,,,
933,,,,,,,,,,,,,,,interitem,0.006,,,,,,
934,,,,,,,,,,,,,,,intriguing,0.006,,,,,,
935,,,,,,,,,,,,,,,introducing,0.006,,,,,,
936,,,,,,,,,,,,,,,invest,0.006,,,,,,
937,,,,,,,,,,,,,,,investigate,0.006,,,,,,
938,,,,,,,,,,,,,,,investigation,0.006,,,,,,
939,,,,,,,,,,,,,,,investor,0.006,,,,,,
940,,,,,,,,,,,,,,,ireland,0.006,,,,,,
941,,,,,,,,,,,,,,,iterative,0.006,,,,,,
942,,,,,,,,,,,,,,,judgment,0.006,,,,,,
943,,,,,,,,,,,,,,,katila,0.006,,,,,,
944,,,,,,,,,,,,,,,keep,0.006,,,,,,
945,,,,,,,,,,,,,,,known,0.006,,,,,,
946,,,,,,,,,,,,,,,label,0.006,,,,,,
947,,,,,,,,,,,,,,,labor,0.006,,,,,,
948,,,,,,,,,,,,,,,laid,0.006,,,,,,
949,,,,,,,,,,,,,,,landscape,0.006,,,,,,
950,,,,,,,,,,,,,,,lane,0.006,,,,,,
951,,,,,,,,,,,,,,,largely,0.006,,,,,,
952,,,,,,,,,,,,,,,lawrence,0.006,,,,,,
953,,,,,,,,,,,,,,,leadership,0.006,,,,,,
954,,,,,,,,,,,,,,,learn,0.006,,,,,,
955,,,,,,,,,,,,,,,lends,0.006,,,,,,
956,,,,,,,,,,,,,,,leonardbarton,0.006,,,,,,
957,,,,,,,,,,,,,,,leveraging,0.006,,,,,,
958,,,,,,,,,,,,,,,lie,0.006,,,,,,
959,,,,,,,,,,,,,,,lifecycles,0.006,,,,,,
960,,,,,,,,,,,,,,,likelihood,0.006,,,,,,
961,,,,,,,,,,,,,,,limiting,0.006,,,,,,
962,,,,,,,,,,,,,,,living,0.006,,,,,,
963,,,,,,,,,,,,,,,locality,0.006,,,,,,
964,,,,,,,,,,,,,,,logically,0.006,,,,,,
965,,,,,,,,,,,,,,,longing,0.006,,,,,,
966,,,,,,,,,,,,,,,lorsch,0.006,,,,,,
967,,,,,,,,,,,,,,,loss,0.006,,,,,,
968,,,,,,,,,,,,,,,manner,0.006,,,,,,
969,,,,,,,,,,,,,,,map,0.006,,,,,,
970,,,,,,,,,,,,,,,mastery,0.006,,,,,,
971,,,,,,,,,,,,,,,maturity,0.006,,,,,,
972,,,,,,,,,,,,,,,mean,0.006,,,,,,
973,,,,,,,,,,,,,,,mediating,0.006,,,,,,
974,,,,,,,,,,,,,,,mentally,0.006,,,,,,
975,,,,,,,,,,,,,,,met,0.006,,,,,,
976,,,,,,,,,,,,,,,micro,0.006,,,,,,
977,,,,,,,,,,,,,,,minicomputer,0.006,,,,,,
978,,,,,,,,,,,,,,,minor,0.006,,,,,,
979,,,,,,,,,,,,,,,misleading,0.006,,,,,,
980,,,,,,,,,,,,,,,mix,0.006,,,,,,
981,,,,,,,,,,,,,,,moderated,0.006,,,,,,
982,,,,,,,,,,,,,,,modify,0.006,,,,,,
983,,,,,,,,,,,,,,,monitoring,0.006,,,,,,
984,,,,,,,,,,,,,,,motivational,0.006,,,,,,
985,,,,,,,,,,,,,,,move,0.006,,,,,,
986,,,,,,,,,,,,,,,mowery,0.006,,,,,,
987,,,,,,,,,,,,,,,multi,0.006,,,,,,
988,,,,,,,,,,,,,,,multiunit,0.006,,,,,,
989,,,,,,,,,,,,,,,mutual,0.006,,,,,,
990,,,,,,,,,,,,,,,namely,0.006,,,,,,
991,,,,,,,,,,,,,,,necessarily,0.006,,,,,,
992,,,,,,,,,,,,,,,necessary,0.006,,,,,,
993,,,,,,,,,,,,,,,necessity,0.006,,,,,,
994,,,,,,,,,,,,,,,needed,0.006,,,,,,
995,,,,,,,,,,,,,,,nerkar,0.006,,,,,,
996,,,,,,,,,,,,,,,next,0.006,,,,,,
997,,,,,,,,,,,,,,,nonaka,0.006,,,,,,
998,,,,,,,,,,,,,,,nonoptimal,0.006,,,,,,
999,,,,,,,,,,,,,,,noticing,0.006,,,,,,
1000,,,,,,,,,,,,,,,notional,0.006,,,,,,
1001,,,,,,,,,,,,,,,notionally,0.006,,,,,,
1002,,,,,,,,,,,,,,,novel,0.006,,,,,,
1003,,,,,,,,,,,,,,,objective,0.006,,,,,,
1004,,,,,,,,,,,,,,,obligation,0.006,,,,,,
1005,,,,,,,,,,,,,,,observation,0.006,,,,,,
1006,,,,,,,,,,,,,,,observing,0.006,,,,,,
1007,,,,,,,,,,,,,,,occur,0.006,,,,,,
1008,,,,,,,,,,,,,,,offering,0.006,,,,,,
1009,,,,,,,,,,,,,,,operate,0.006,,,,,,
1010,,,,,,,,,,,,,,,operating,0.006,,,,,,
1011,,,,,,,,,,,,,,,optimal,0.006,,,,,,
1012,,,,,,,,,,,,,,,option,0.006,,,,,,
1013,,,,,,,,,,,,,,,organize,0.006,,,,,,
1014,,,,,,,,,,,,,,,otherwise,0.006,,,,,,
1015,,,,,,,,,,,,,,,outlining,0.006,,,,,,
1016,,,,,,,,,,,,,,,outside,0.006,,,,,,
1017,,,,,,,,,,,,,,,overcomes,0.006,,,,,,
1018,,,,,,,,,,,,,,,overinvest,0.006,,,,,,
1019,,,,,,,,,,,,,,,overlook,0.006,,,,,,
1020,,,,,,,,,,,,,,,overlooked,0.006,,,,,,
1021,,,,,,,,,,,,,,,oversight,0.006,,,,,,
1022,,,,,,,,,,,,,,,owner,0.006,,,,,,
1023,,,,,,,,,,,,,,,ownership,0.006,,,,,,
1024,,,,,,,,,,,,,,,oxley,0.006,,,,,,
1025,,,,,,,,,,,,,,,paid,0.006,,,,,,
1026,,,,,,,,,,,,,,,parsimonious,0.006,,,,,,
1027,,,,,,,,,,,,,,,parsimony,0.006,,,,,,
1028,,,,,,,,,,,,,,,participate,0.006,,,,,,
1029,,,,,,,,,,,,,,,participation,0.006,,,,,,
1030,,,,,,,,,,,,,,,patent,0.006,,,,,,
1031,,,,,,,,,,,,,,,patenting,0.006,,,,,,
1032,,,,,,,,,,,,,,,perform,0.006,,,,,,
1033,,,,,,,,,,,,,,,permissible,0.006,,,,,,
1034,,,,,,,,,,,,,,,permit,0.006,,,,,,
1035,,,,,,,,,,,,,,,photolithographic,0.006,,,,,,
1036,,,,,,,,,,,,,,,physically,0.006,,,,,,
1037,,,,,,,,,,,,,,,pjh,0.006,,,,,,
1038,,,,,,,,,,,,,,,planning,0.006,,,,,,
1039,,,,,,,,,,,,,,,player,0.006,,,,,,
1040,,,,,,,,,,,,,,,pool,0.006,,,,,,
1041,,,,,,,,,,,,,,,portrayed,0.006,,,,,,
1042,,,,,,,,,,,,,,,posit,0.006,,,,,,
1043,,,,,,,,,,,,,,,possessed,0.006,,,,,,
1044,,,,,,,,,,,,,,,possible,0.006,,,,,,
1045,,,,,,,,,,,,,,,powerful,0.006,,,,,,
1046,,,,,,,,,,,,,,,precondition,0.006,,,,,,
1047,,,,,,,,,,,,,,,premise,0.006,,,,,,
1048,,,,,,,,,,,,,,,prevailing,0.006,,,,,,
1049,,,,,,,,,,,,,,,primacy,0.006,,,,,,
1050,,,,,,,,,,,,,,,priority,0.006,,,,,,
1051,,,,,,,,,,,,,,,privately,0.006,,,,,,
1052,,,,,,,,,,,,,,,probe,0.006,,,,,,
1053,,,,,,,,,,,,,,,proceed,0.006,,,,,,
1054,,,,,,,,,,,,,,,processing,0.006,,,,,,
1055,,,,,,,,,,,,,,,prominence,0.006,,,,,,
1056,,,,,,,,,,,,,,,proposes,0.006,,,,,,
1057,,,,,,,,,,,,,,,prospering,0.006,,,,,,
1058,,,,,,,,,,,,,,,quantitative,0.006,,,,,,
1059,,,,,,,,,,,,,,,questioning,0.006,,,,,,
1060,,,,,,,,,,,,,,,quickly,0.006,,,,,,
1061,,,,,,,,,,,,,,,raise,0.006,,,,,,
1062,,,,,,,,,,,,,,,rareness,0.006,,,,,,
1063,,,,,,,,,,,,,,,rbv,0.006,,,,,,
1064,,,,,,,,,,,,,,,reacting,0.006,,,,,,
1065,,,,,,,,,,,,,,,reagan,0.006,,,,,,
1066,,,,,,,,,,,,,,,realization,0.006,,,,,,
1067,,,,,,,,,,,,,,,recombining,0.006,,,,,,
1068,,,,,,,,,,,,,,,reconfiguration,0.006,,,,,,
1069,,,,,,,,,,,,,,,redesign,0.006,,,,,,
1070,,,,,,,,,,,,,,,reduced,0.006,,,,,,
1071,,,,,,,,,,,,,,,reed,0.006,,,,,,
1072,,,,,,,,,,,,,,,refining,0.006,,,,,,
1073,,,,,,,,,,,,,,,regarding,0.006,,,,,,
1074,,,,,,,,,,,,,,,regularity,0.006,,,,,,
1075,,,,,,,,,,,,,,,rejecting,0.006,,,,,,
1076,,,,,,,,,,,,,,,relates,0.006,,,,,,
1077,,,,,,,,,,,,,,,relating,0.006,,,,,,
1078,,,,,,,,,,,,,,,relentlessly,0.006,,,,,,
1079,,,,,,,,,,,,,,,relying,0.006,,,,,,
1080,,,,,,,,,,,,,,,renewed,0.006,,,,,,
1081,,,,,,,,,,,,,,,replicate,0.006,,,,,,
1082,,,,,,,,,,,,,,,represent,0.006,,,,,,
1083,,,,,,,,,,,,,,,required,0.006,,,,,,
1084,,,,,,,,,,,,,,,researcher,0.006,,,,,,
1085,,,,,,,,,,,,,,,reside,0.006,,,,,,
1086,,,,,,,,,,,,,,,resides,0.006,,,,,,
1087,,,,,,,,,,,,,,,residing,0.006,,,,,,
1088,,,,,,,,,,,,,,,resolving,0.006,,,,,,
1089,,,,,,,,,,,,,,,resourcesfor,0.006,,,,,,
1090,,,,,,,,,,,,,,,responsibility,0.006,,,,,,
1091,,,,,,,,,,,,,,,resultant,0.006,,,,,,
1092,,,,,,,,,,,,,,,resulted,0.006,,,,,,
1093,,,,,,,,,,,,,,,returning,0.006,,,,,,
1094,,,,,,,,,,,,,,,reuses,0.006,,,,,,
1095,,,,,,,,,,,,,,,reveals,0.006,,,,,,
1096,,,,,,,,,,,,,,,rhythmic,0.006,,,,,,
1097,,,,,,,,,,,,,,,robotics,0.006,,,,,,
1098,,,,,,,,,,,,,,,rooted,0.006,,,,,,
1099,,,,,,,,,,,,,,,rosenkopf,0.006,,,,,,
1100,,,,,,,,,,,,,,,routinized,0.006,,,,,,
1101,,,,,,,,,,,,,,,scarce,0.006,,,,,,
1102,,,,,,,,,,,,,,,schoemaker,0.006,,,,,,
1103,,,,,,,,,,,,,,,searching,0.006,,,,,,
1104,,,,,,,,,,,,,,,section,0.006,,,,,,
1105,,,,,,,,,,,,,,,segment,0.006,,,,,,
1106,,,,,,,,,,,,,,,semiautomatic,0.006,,,,,,
1107,,,,,,,,,,,,,,,semistructures,0.006,,,,,,
1108,,,,,,,,,,,,,,,sensing,0.006,,,,,,
1109,,,,,,,,,,,,,,,sequenced,0.006,,,,,,
1110,,,,,,,,,,,,,,,sequential,0.006,,,,,,
1111,,,,,,,,,,,,,,,served,0.006,,,,,,
1112,,,,,,,,,,,,,,,severalfirm,0.006,,,,,,
1113,,,,,,,,,,,,,,,shaped,0.006,,,,,,
1114,,,,,,,,,,,,,,,shed,0.006,,,,,,
1115,,,,,,,,,,,,,,,silverman,0.006,,,,,,
1116,,,,,,,,,,,,,,,simplification,0.006,,,,,,
1117,,,,,,,,,,,,,,,simply,0.006,,,,,,
1118,,,,,,,,,,,,,,,simulation,0.006,,,,,,
1119,,,,,,,,,,,,,,,simultaneously,0.006,,,,,,
1120,,,,,,,,,,,,,,,sirmon,0.006,,,,,,
1121,,,,,,,,,,,,,,,situated,0.006,,,,,,
1122,,,,,,,,,,,,,,,slows,0.006,,,,,,
1123,,,,,,,,,,,,,,,sociality,0.006,,,,,,
1124,,,,,,,,,,,,,,,sociological,0.006,,,,,,
1125,,,,,,,,,,,,,,,solve,0.006,,,,,,
1126,,,,,,,,,,,,,,,sometimes,0.006,,,,,,
1127,,,,,,,,,,,,,,,somewhat,0.006,,,,,,
1128,,,,,,,,,,,,,,,sophomore,0.006,,,,,,
1129,,,,,,,,,,,,,,,specialist,0.006,,,,,,
1130,,,,,,,,,,,,,,,specifying,0.006,,,,,,
1131,,,,,,,,,,,,,,,spectrum,0.006,,,,,,
1132,,,,,,,,,,,,,,,starting,0.006,,,,,,
1133,,,,,,,,,,,,,,,step,0.006,,,,,,
1134,,,,,,,,,,,,,,,still,0.006,,,,,,
1135,,,,,,,,,,,,,,,stretch,0.006,,,,,,
1136,,,,,,,,,,,,,,,stuart,0.006,,,,,,
1137,,,,,,,,,,,,,,,studied,0.006,,,,,,
1138,,,,,,,,,,,,,,,subconstructs,0.006,,,,,,
1139,,,,,,,,,,,,,,,subset,0.006,,,,,,
1140,,,,,,,,,,,,,,,substance,0.006,,,,,,
1141,,,,,,,,,,,,,,,substantial,0.006,,,,,,
1142,,,,,,,,,,,,,,,substitutability,0.006,,,,,,
1143,,,,,,,,,,,,,,,subtle,0.006,,,,,,
1144,,,,,,,,,,,,,,,successive,0.006,,,,,,
1145,,,,,,,,,,,,,,,superiority,0.006,,,,,,
1146,,,,,,,,,,,,,,,sustenance,0.006,,,,,,
1147,,,,,,,,,,,,,,,synthesis,0.006,,,,,,
1148,,,,,,,,,,,,,,,szulanski,0.006,,,,,,
1149,,,,,,,,,,,,,,,taught,0.006,,,,,,
1150,,,,,,,,,,,,,,,technically,0.006,,,,,,
1151,,,,,,,,,,,,,,,technique,0.006,,,,,,
1152,,,,,,,,,,,,,,,termed,0.006,,,,,,
1153,,,,,,,,,,,,,,,testing,0.006,,,,,,
1154,,,,,,,,,,,,,,,theme,0.006,,,,,,
1155,,,,,,,,,,,,,,,therefore,0.006,,,,,,
1156,,,,,,,,,,,,,,,thinking,0.006,,,,,,
1157,,,,,,,,,,,,,,,throughs,0.006,,,,,,
1158,,,,,,,,,,,,,,,tightly,0.006,,,,,,
1159,,,,,,,,,,,,,,,tool,0.006,,,,,,
1160,,,,,,,,,,,,,,,topic,0.006,,,,,,
1161,,,,,,,,,,,,,,,total,0.006,,,,,,
1162,,,,,,,,,,,,,,,transferred,0.006,,,,,,
1163,,,,,,,,,,,,,,,treated,0.006,,,,,,
1164,,,,,,,,,,,,,,,treatment,0.006,,,,,,
1165,,,,,,,,,,,,,,,trend,0.006,,,,,,
1166,,,,,,,,,,,,,,,tushman,0.006,,,,,,
1167,,,,,,,,,,,,,,,twenty,0.006,,,,,,
1168,,,,,,,,,,,,,,,typically,0.006,,,,,,
1169,,,,,,,,,,,,,,,uncertain,0.006,,,,,,
1170,,,,,,,,,,,,,,,underlie,0.006,,,,,,
1171,,,,,,,,,,,,,,,underpinning,0.006,,,,,,
1172,,,,,,,,,,,,,,,undertaken,0.006,,,,,,
1173,,,,,,,,,,,,,,,unexplored,0.006,,,,,,
1174,,,,,,,,,,,,,,,unidimensional,0.006,,,,,,
1175,,,,,,,,,,,,,,,unsocial,0.006,,,,,,
1176,,,,,,,,,,,,,,,unstructured,0.006,,,,,,
1177,,,,,,,,,,,,,,,usefully,0.006,,,,,,
1178,,,,,,,,,,,,,,,usefulness,0.006,,,,,,
1179,,,,,,,,,,,,,,,valid,0.006,,,,,,
1180,,,,,,,,,,,,,,,validation,0.006,,,,,,
1181,,,,,,,,,,,,,,,valuation,0.006,,,,,,
1182,,,,,,,,,,,,,,,variety,0.006,,,,,,
1183,,,,,,,,,,,,,,,venturing,0.006,,,,,,
1184,,,,,,,,,,,,,,,vertical,0.006,,,,,,
1185,,,,,,,,,,,,,,,viability,0.006,,,,,,
1186,,,,,,,,,,,,,,,vicarious,0.006,,,,,,
1187,,,,,,,,,,,,,,,vise,0.006,,,,,,
1188,,,,,,,,,,,,,,,voluminous,0.006,,,,,,
1189,,,,,,,,,,,,,,,wealth,0.006,,,,,,
1190,,,,,,,,,,,,,,,wide,0.006,,,,,,
1191,,,,,,,,,,,,,,,wider,0.006,,,,,,
1192,,,,,,,,,,,,,,,willingness,0.006,,,,,,
1193,,,,,,,,,,,,,,,worker,0.006,,,,,,
1194,,,,,,,,,,,,,,,writing,0.006,,,,,,
1195,,,,,,,,,,,,,,,zahra,0.006,,,,,,
1196,,,,,,,,,,,,,,,zero,0.006,,,,,,
1197,,,,,,,,,,,,,,,zollo,0.006,,,,,,
1198,,,,,,,,,,,,,,,account,0.005,,,,,,
1199,,,,,,,,,,,,,,,achieve,0.005,,,,,,
1200,,,,,,,,,,,,,,,actually,0.005,,,,,,
1201,,,,,,,,,,,,,,,adaptive,0.005,,,,,,
1202,,,,,,,,,,,,,,,advance,0.005,,,,,,
1203,,,,,,,,,,,,,,,advanced,0.005,,,,,,
1204,,,,,,,,,,,,,,,age,0.005,,,,,,
1205,,,,,,,,,,,,,,,although,0.005,,,,,,
1206,,,,,,,,,,,,,,,another,0.005,,,,,,
1207,,,,,,,,,,,,,,,antecedent,0.005,,,,,,
1208,,,,,,,,,,,,,,,appear,0.005,,,,,,
1209,,,,,,,,,,,,,,,appropriation,0.005,,,,,,
1210,,,,,,,,,,,,,,,arrangement,0.005,,,,,,
1211,,,,,,,,,,,,,,,art,0.005,,,,,,
1212,,,,,,,,,,,,,,,ass,0.005,,,,,,
1213,,,,,,,,,,,,,,,asymmetry,0.005,,,,,,
1214,,,,,,,,,,,,,,,background,0.005,,,,,,
1215,,,,,,,,,,,,,,,bias,0.005,,,,,,
1216,,,,,,,,,,,,,,,biotechnology,0.005,,,,,,
1217,,,,,,,,,,,,,,,broader,0.005,,,,,,
1218,,,,,,,,,,,,,,,category,0.005,,,,,,
1219,,,,,,,,,,,,,,,classic,0.005,,,,,,
1220,,,,,,,,,,,,,,,closely,0.005,,,,,,
1221,,,,,,,,,,,,,,,collected,0.005,,,,,,
1222,,,,,,,,,,,,,,,combine,0.005,,,,,,
1223,,,,,,,,,,,,,,,competing,0.005,,,,,,
1224,,,,,,,,,,,,,,,conception,0.005,,,,,,
1225,,,,,,,,,,,,,,,conceptual,0.005,,,,,,
1226,,,,,,,,,,,,,,,conceptualized,0.005,,,,,,
1227,,,,,,,,,,,,,,,concerning,0.005,,,,,,
1228,,,,,,,,,,,,,,,conclude,0.005,,,,,,
1229,,,,,,,,,,,,,,,considered,0.005,,,,,,
1230,,,,,,,,,,,,,,,consists,0.005,,,,,,
1231,,,,,,,,,,,,,,,constrain,0.005,,,,,,
1232,,,,,,,,,,,,,,,contingency,0.005,,,,,,
1233,,,,,,,,,,,,,,,contingent,0.005,,,,,,
1234,,,,,,,,,,,,,,,contract,0.005,,,,,,
1235,,,,,,,,,,,,,,,contrary,0.005,,,,,,
1236,,,,,,,,,,,,,,,control,0.005,,,,,,
1237,,,,,,,,,,,,,,,cooperative,0.005,,,,,,
1238,,,,,,,,,,,,,,,cope,0.005,,,,,,
1239,,,,,,,,,,,,,,,correlation,0.005,,,,,,
1240,,,,,,,,,,,,,,,criticism,0.005,,,,,,
1241,,,,,,,,,,,,,,,deal,0.005,,,,,,
1242,,,,,,,,,,,,,,,decrease,0.005,,,,,,
1243,,,,,,,,,,,,,,,defining,0.005,,,,,,
1244,,,,,,,,,,,,,,,demand,0.005,,,,,,
1245,,,,,,,,,,,,,,,depth,0.005,,,,,,
1246,,,,,,,,,,,,,,,derive,0.005,,,,,,
1247,,,,,,,,,,,,,,,describes,0.005,,,,,,
1248,,,,,,,,,,,,,,,descriptive,0.005,,,,,,
1249,,,,,,,,,,,,,,,determination,0.005,,,,,,
1250,,,,,,,,,,,,,,,difficulty,0.005,,,,,,
1251,,,,,,,,,,,,,,,divergent,0.005,,,,,,
1252,,,,,,,,,,,,,,,dominant,0.005,,,,,,
1253,,,,,,,,,,,,,,,draw,0.005,,,,,,
1254,,,,,,,,,,,,,,,drawing,0.005,,,,,,
1255,,,,,,,,,,,,,,,elaboration,0.005,,,,,,
1256,,,,,,,,,,,,,,,electronics,0.005,,,,,,
1257,,,,,,,,,,,,,,,embeddedness,0.005,,,,,,
1258,,,,,,,,,,,,,,,emphasis,0.005,,,,,,
1259,,,,,,,,,,,,,,,employee,0.005,,,,,,
1260,,,,,,,,,,,,,,,especially,0.005,,,,,,
1261,,,,,,,,,,,,,,,evidence,0.005,,,,,,
1262,,,,,,,,,,,,,,,examining,0.005,,,,,,
1263,,,,,,,,,,,,,,,expansion,0.005,,,,,,
1264,,,,,,,,,,,,,,,experienced,0.005,,,,,,
1265,,,,,,,,,,,,,,,explanation,0.005,,,,,,
1266,,,,,,,,,,,,,,,explores,0.005,,,,,,
1267,,,,,,,,,,,,,,,extension,0.005,,,,,,
1268,,,,,,,,,,,,,,,facing,0.005,,,,,,
1269,,,,,,,,,,,,,,,finally,0.005,,,,,,
1270,,,,,,,,,,,,,,,found,0.005,,,,,,
1271,,,,,,,,,,,,,,,foundation,0.005,,,,,,
1272,,,,,,,,,,,,,,,founding,0.005,,,,,,
1273,,,,,,,,,,,,,,,function,0.005,,,,,,
1274,,,,,,,,,,,,,,,gain,0.005,,,,,,
1275,,,,,,,,,,,,,,,generally,0.005,,,,,,
1276,,,,,,,,,,,,,,,generating,0.005,,,,,,
1277,,,,,,,,,,,,,,,global,0.005,,,,,,
1278,,,,,,,,,,,,,,,goal,0.005,,,,,,
1279,,,,,,,,,,,,,,,good,0.005,,,,,,
1280,,,,,,,,,,,,,,,granovetter,0.005,,,,,,
1281,,,,,,,,,,,,,,,human,0.005,,,,,,
1282,,,,,,,,,,,,,,,identification,0.005,,,,,,
1283,,,,,,,,,,,,,,,identifying,0.005,,,,,,
1284,,,,,,,,,,,,,,,implementation,0.005,,,,,,
1285,,,,,,,,,,,,,,,improve,0.005,,,,,,
1286,,,,,,,,,,,,,,,institution,0.005,,,,,,
1287,,,,,,,,,,,,,,,international,0.005,,,,,,
1288,,,,,,,,,,,,,,,interrelationship,0.005,,,,,,
1289,,,,,,,,,,,,,,,intrafirm,0.005,,,,,,
1290,,,,,,,,,,,,,,,introduces,0.005,,,,,,
1291,,,,,,,,,,,,,,,introduction,0.005,,,,,,
1292,,,,,,,,,,,,,,,investigated,0.005,,,,,,
1293,,,,,,,,,,,,,,,involves,0.005,,,,,,
1294,,,,,,,,,,,,,,,length,0.005,,,,,,
1295,,,,,,,,,,,,,,,light,0.005,,,,,,
1296,,,,,,,,,,,,,,,limited,0.005,,,,,,
1297,,,,,,,,,,,,,,,linked,0.005,,,,,,
1298,,,,,,,,,,,,,,,mcevily,0.005,,,,,,
1299,,,,,,,,,,,,,,,meaning,0.005,,,,,,
1300,,,,,,,,,,,,,,,mediates,0.005,,,,,,
1301,,,,,,,,,,,,,,,might,0.005,,,,,,
1302,,,,,,,,,,,,,,,mode,0.005,,,,,,
1303,,,,,,,,,,,,,,,moved,0.005,,,,,,
1304,,,,,,,,,,,,,,,offered,0.005,,,,,,
1305,,,,,,,,,,,,,,,oriented,0.005,,,,,,
1306,,,,,,,,,,,,,,,overall,0.005,,,,,,
1307,,,,,,,,,,,,,,,part,0.005,,,,,,
1308,,,,,,,,,,,,,,,perception,0.005,,,,,,
1309,,,,,,,,,,,,,,,period,0.005,,,,,,
1310,,,,,,,,,,,,,,,person,0.005,,,,,,
1311,,,,,,,,,,,,,,,phenomenon,0.005,,,,,,
1312,,,,,,,,,,,,,,,place,0.005,,,,,,
1313,,,,,,,,,,,,,,,post,0.005,,,,,,
1314,,,,,,,,,,,,,,,power,0.005,,,,,,
1315,,,,,,,,,,,,,,,predict,0.005,,,,,,
1316,,,,,,,,,,,,,,,property,0.005,,,,,,
1317,,,,,,,,,,,,,,,public,0.005,,,,,,
1318,,,,,,,,,,,,,,,rate,0.005,,,,,,
1319,,,,,,,,,,,,,,,received,0.005,,,,,,
1320,,,,,,,,,,,,,,,recent,0.005,,,,,,
1321,,,,,,,,,,,,,,,recognition,0.005,,,,,,
1322,,,,,,,,,,,,,,,reliance,0.005,,,,,,
1323,,,,,,,,,,,,,,,response,0.005,,,,,,
1324,,,,,,,,,,,,,,,scale,0.005,,,,,,
1325,,,,,,,,,,,,,,,scheme,0.005,,,,,,
1326,,,,,,,,,,,,,,,seemingly,0.005,,,,,,
1327,,,,,,,,,,,,,,,semiconductor,0.005,,,,,,
1328,,,,,,,,,,,,,,,sense,0.005,,,,,,
1329,,,,,,,,,,,,,,,serve,0.005,,,,,,
1330,,,,,,,,,,,,,,,setting,0.005,,,,,,
1331,,,,,,,,,,,,,,,shape,0.005,,,,,,
1332,,,,,,,,,,,,,,,shift,0.005,,,,,,
1333,,,,,,,,,,,,,,,shown,0.005,,,,,,
1334,,,,,,,,,,,,,,,significance,0.005,,,,,,
1335,,,,,,,,,,,,,,,significantly,0.005,,,,,,
1336,,,,,,,,,,,,,,,simple,0.005,,,,,,
1337,,,,,,,,,,,,,,,single,0.005,,,,,,
1338,,,,,,,,,,,,,,,situation,0.005,,,,,,
1339,,,,,,,,,,,,,,,size,0.005,,,,,,
1340,,,,,,,,,,,,,,,special,0.005,,,,,,
1341,,,,,,,,,,,,,,,stability,0.005,,,,,,
1342,,,,,,,,,,,,,,,stable,0.005,,,,,,
1343,,,,,,,,,,,,,,,state,0.005,,,,,,
1344,,,,,,,,,,,,,,,status,0.005,,,,,,
1345,,,,,,,,,,,,,,,strategically,0.005,,,,,,
1346,,,,,,,,,,,,,,,structuring,0.005,,,,,,
1347,,,,,,,,,,,,,,,success,0.005,,,,,,
1348,,,,,,,,,,,,,,,suggested,0.005,,,,,,
1349,,,,,,,,,,,,,,,suggesting,0.005,,,,,,
1350,,,,,,,,,,,,,,,supported,0.005,,,,,,
1351,,,,,,,,,,,,,,,survival,0.005,,,,,,
1352,,,,,,,,,,,,,,,systematically,0.005,,,,,,
1353,,,,,,,,,,,,,,,take,0.005,,,,,,
1354,,,,,,,,,,,,,,,taking,0.005,,,,,,
1355,,,,,,,,,,,,,,,tested,0.005,,,,,,
1356,,,,,,,,,,,,,,,top,0.005,,,,,,
1357,,,,,,,,,,,,,,,transition,0.005,,,,,,
1358,,,,,,,,,,,,,,,treat,0.005,,,,,,
1359,,,,,,,,,,,,,,,trust,0.005,,,,,,
1360,,,,,,,,,,,,,,,turnover,0.005,,,,,,
1361,,,,,,,,,,,,,,,unique,0.005,,,,,,
1362,,,,,,,,,,,,,,,useful,0.005,,,,,,
1363,,,,,,,,,,,,,,,variance,0.005,,,,,,
1364,,,,,,,,,,,,,,,various,0.005,,,,,,
1365,,,,,,,,,,,,,,,vary,0.005,,,,,,
1366,,,,,,,,,,,,,,,viewed,0.005,,,,,,
1367,,,,,,,,,,,,,,,whether,0.005,,,,,,
1368,,,,,,,,,,,,,,,whose,0.005,,,,,,
1369,,,,,,,,,,,,,,,widely,0.005,,,,,,
1370,,,,,,,,,,,,,,,yet,0.005,,,,,,
1371,,,,,,,,,,,,,,,actor,0.004,,,,,,
1372,,,,,,,,,,,,,,,arise,0.004,,,,,,
1373,,,,,,,,,,,,,,,characteristic,0.004,,,,,,
1374,,,,,,,,,,,,,,,contribution,0.004,,,,,,
1375,,,,,,,,,,,,,,,difference,0.004,,,,,,
1376,,,,,,,,,,,,,,,economics,0.004,,,,,,
1377,,,,,,,,,,,,,,,entrepreneurial,0.004,,,,,,
1378,,,,,,,,,,,,,,,many,0.004,,,,,,
1379,,,,,,,,,,,,,,,normative,0.004,,,,,,
1380,,,,,,,,,,,,,,,opportunity,0.004,,,,,,
1381,,,,,,,,,,,,,,,position,0.004,,,,,,
1382,,,,,,,,,,,,,,,sample,0.004,,,,,,
1383,,,,,,,,,,,,,,,set,0.004,,,,,,
1384,,,,,,,,,,,,,,,similar,0.004,,,,,,
1385,,,,,,,,,,,,,,,suggests,0.004,,,,,,
1386,,,,,,,,,,,,,,,field,0.003,,,,,,
1387,,,,,,,,,,,,,,,outcome,0.003,,,,,,
