,1,1,3,3,8,8,5,5,2,2,6,6,4,4,7,7
,Term,Tfidf,Term,Tfidf,Term,Tfidf,Term,Tfidf,Term,Tfidf,Term,Tfidf,Term,Tfidf,Term,Tfidf
0,cultural,0.425,cultural,0.401,literary,0.311,stratification,0.34,boundary,0.517,reading,0.51,sibling,0.417,attendance,0.308
1,taste,0.357,capital,0.342,prestige,0.244,argument,0.272,recent,0.194,knulst,0.402,attainment,0.35,art,0.241
2,omnivore,0.225,opposition,0.301,success,0.203,omnivore,0.272,new,0.148,kraaykamp,0.402,eijck,0.35,fiction,0.205
3,culture,0.187,participation,0.195,social,0.198,visual,0.272,process,0.148,netherlands,0.337,background,0.302,gap,0.205
4,social,0.175,demand,0.18,field,0.189,inactives,0.243,work,0.13,leisure,0.291,educational,0.302,socialization,0.205
5,omnivorousness,0.156,conceptualisation,0.151,creativity,0.176,type,0.206,social,0.115,trend,0.291,family,0.302,reading,0.194
6,musical,0.137,denmark,0.151,author,0.159,art,0.182,authenticity,0.102,year,0.291,van,0.302,spouse,0.184
7,pattern,0.119,international,0.151,network,0.159,social,0.182,awareness,0.102,research,0.226,consumption,0.264,influence,0.177
8,different,0.112,knowledge,0.151,analysis,0.142,individualisation,0.162,close,0.102,,,impact,0.264,participation,0.177
9,preference,0.112,orientation,0.151,music,0.137,paucivores,0.162,collective,0.102,,,analysis,0.208,gender,0.155
10,capital,0.109,relative,0.13,career,0.135,consumption,0.154,crossing,0.102,,,cultural,0.186,characteristic,0.154
11,omnivorous,0.104,study,0.114,institutional,0.122,consumer,0.136,describe,0.102,,,,,men,0.154
12,openness,0.104,aalborg,0.09,production,0.113,domain,0.136,durable,0.102,,,,,event,0.133
13,participation,0.102,absolute,0.09,literature,0.108,univore,0.136,encourage,0.102,,,,,time,0.133
14,lifestyle,0.097,assumed,0.09,movement,0.108,variable,0.136,ethno,0.102,,,,,woman,0.133
15,highbrow,0.094,cannot,0.09,theory,0.103,homology,0.117,goal,0.102,,,,,additional,0.122
16,reserved,0.092,derived,0.09,artistic,0.102,cultural,0.109,health,0.102,,,,,adult,0.122
17,right,0.092,despite,0.09,relation,0.102,class,0.103,hope,0.102,,,,,free,0.122
18,consumption,0.09,domination,0.09,artist,0.095,important,0.103,immigration,0.102,,,,,read,0.122
19,distinction,0.09,elaborated,0.09,institution,0.095,status,0.103,included,0.102,,,,,spousal,0.122
20,group,0.089,entity,0.09,musician,0.095,three,0.091,institutionalized,0.102,,,,,tie,0.122
21,art,0.088,feature,0.09,art,0.091,analysis,0.081,interact,0.102,,,,,difference,0.116
22,new,0.086,functioning,0.09,practice,0.091,applicable,0.081,interdisciplinary,0.102,,,,,one,0.116
23,mode,0.082,ignorance,0.09,right,0.091,chan,0.081,intersect,0.102,,,,,childhood,0.103
24,bourdieu,0.081,nine,0.09,new,0.088,cinema,0.081,lamont,0.102,,,,,demonstrated,0.103
25,high,0.081,nonetheless,0.09,symbolic,0.088,dance,0.081,maintenance,0.102,,,,,influenced,0.103
26,people,0.075,originally,0.09,reserved,0.084,differentiated,0.081,management,0.102,,,,,social,0.103
27,analysis,0.071,readily,0.09,black,0.081,england,0.081,moral,0.102,,,,,individual,0.089
28,class,0.071,reworking,0.09,editor,0.081,goldthorpe,0.081,nationhood,0.102,,,,,measure,0.089
29,role,0.07,shared,0.09,market,0.081,includes,0.081,pachucki,0.102,,,,,role,0.089
30,form,0.069,stand,0.09,performer,0.081,indicating,0.081,pendergrass,0.102,,,,,cultural,0.082
31,elite,0.067,tension,0.09,cultural,0.079,moreover,0.081,pertaining,0.102,,,,,impact,0.078
32,peterson,0.067,updating,0.09,different,0.079,numerically,0.081,policy,0.102,,,,,relationship,0.078
33,study,0.066,usefully,0.09,bourdieu,0.069,obviously,0.081,promising,0.102,,,,,status,0.078
34,decline,0.062,weakening,0.09,classification,0.069,regression,0.081,reward,0.102,,,,,study,0.078
35,sociology,0.062,analytic,0.075,genre,0.069,reinforce,0.081,risk,0.102,,,,,work,0.078
36,data,0.061,britain,0.075,study,0.069,represent,0.081,scholarship,0.102,,,,,adolescent,0.061
37,one,0.061,conceptualised,0.075,attention,0.068,standpoint,0.081,sexuality,0.102,,,,,available,0.061
38,status,0.061,considers,0.075,making,0.068,still,0.081,stock,0.102,,,,,begin,0.061
39,qualitative,0.06,culture,0.075,musical,0.068,weberian,0.081,strategic,0.102,,,,,cognition,0.061
40,based,0.059,demonstrated,0.075,poetry,0.068,apparent,0.068,address,0.086,,,,,comparable,0.061
41,individual,0.059,detected,0.075,technique,0.068,concerning,0.068,analyzing,0.086,,,,,exposure,0.061
42,research,0.058,highbrow,0.075,one,0.06,demographic,0.068,body,0.086,,,,,give,0.061
43,article,0.054,mostly,0.075,process,0.059,expected,0.068,construction,0.086,,,,,ignored,0.061
44,education,0.054,move,0.075,show,0.059,expressed,0.068,contribution,0.086,,,,,illuminated,0.061
45,way,0.054,nation,0.075,approach,0.057,far,0.068,demonstrate,0.086,,,,,imbalance,0.061
46,cluster,0.052,non,0.075,correspondence,0.057,interpreted,0.068,development,0.086,,,,,leverage,0.061
47,comparative,0.052,observation,0.075,country,0.057,label,0.068,effort,0.086,,,,,literacy,0.061
48,legitimate,0.052,prieur,0.075,critical,0.057,latent,0.068,fundamental,0.086,,,,,neglected,0.061
49,place,0.052,rather,0.075,decision,0.057,non,0.068,highlight,0.086,,,,,net,0.061
50,thesis,0.052,savage,0.075,popular,0.057,previously,0.068,intellectual,0.086,,,,,persists,0.061
51,age,0.05,understood,0.075,used,0.057,questioned,0.068,introduce,0.086,,,,,prose,0.061
52,attendance,0.05,activity,0.065,century,0.054,reported,0.068,mechanism,0.086,,,,,redress,0.061
53,diversity,0.05,argue,0.065,galenson,0.054,theatre,0.068,primary,0.086,,,,,relish,0.061
54,level,0.05,based,0.065,generalism,0.054,though,0.068,racial,0.086,,,,,reveals,0.061
55,orientation,0.05,bourdieu,0.065,germany,0.054,univores,0.068,raise,0.086,,,,,shaping,0.061
56,within,0.05,concept,0.065,medium,0.054,although,0.059,religion,0.086,,,,,skill,0.061
57,boundary,0.048,detailed,0.065,publisher,0.054,character,0.059,systematically,0.086,,,,,stereotype,0.061
58,two,0.048,discussion,0.065,recording,0.054,education,0.059,workplace,0.086,,,,,tepper,0.061
59,gender,0.047,drawing,0.065,stage,0.054,examine,0.059,aesthetic,0.074,,,,,upright,0.061
60,survey,0.047,engagement,0.065,capital,0.052,hand,0.059,among,0.074,,,,,america,0.051
61,change,0.045,first,0.065,gender,0.052,identify,0.059,article,0.074,,,,,appropriate,0.051
62,low,0.045,literature,0.065,reading,0.052,income,0.059,classification,0.074,,,,,attainment,0.051
63,meaning,0.045,local,0.065,two,0.049,lack,0.059,contribute,0.074,,,,,book,0.051
64,model,0.045,mean,0.065,analyzing,0.045,order,0.059,discussion,0.074,,,,,competency,0.051
65,scheme,0.045,national,0.065,book,0.045,range,0.059,engagement,0.074,,,,,concludes,0.051
66,third,0.045,perspective,0.065,contemporary,0.045,seems,0.059,genre,0.074,,,,,consistent,0.051
67,become,0.044,point,0.065,dynamic,0.045,support,0.059,growing,0.074,,,,,crucial,0.051
68,category,0.044,provides,0.065,economic,0.045,test,0.059,identity,0.074,,,,,current,0.051
69,consistent,0.044,second,0.065,find,0.045,together,0.059,key,0.074,,,,,determinant,0.051
70,contemporary,0.044,show,0.065,france,0.045,would,0.059,others,0.074,,,,,division,0.051
71,element,0.044,term,0.065,global,0.045,data,0.051,symbolic,0.074,,,,,effort,0.051
72,practice,0.044,understanding,0.065,hierarchy,0.045,distinction,0.051,take,0.074,,,,,explain,0.051
73,stratification,0.044,whether,0.065,history,0.045,finding,0.051,theoretical,0.074,,,,,explaining,0.051
74,activity,0.043,also,0.057,jazz,0.045,music,0.051,well,0.074,,,,,explanation,0.051
75,among,0.043,class,0.057,list,0.045,one,0.051,also,0.065,,,,,focusing,0.051
76,genre,0.043,discus,0.057,logic,0.045,recent,0.051,class,0.065,,,,,gendered,0.051
77,well,0.043,distinction,0.057,material,0.045,relationship,0.051,difference,0.065,,,,,importance,0.051
78,also,0.038,field,0.057,method,0.045,strongly,0.051,discus,0.065,,,,,including,0.051
79,effect,0.038,important,0.057,often,0.045,survey,0.051,gender,0.065,,,,,information,0.051
80,field,0.038,issue,0.057,problem,0.045,reserved,0.045,issue,0.065,,,,,investigates,0.051
81,music,0.038,music,0.057,public,0.045,right,0.045,research,0.057,,,,,labor,0.051
82,second,0.038,theory,0.057,relational,0.045,empirical,0.041,reserved,0.057,,,,,largely,0.051
83,theory,0.038,art,0.05,result,0.045,,,right,0.057,,,,,little,0.051
84,american,0.037,reserved,0.05,world,0.045,,,empirical,0.051,,,,,many,0.051
85,attitude,0.037,right,0.05,impact,0.043,,,cultural,0.046,,,,,measured,0.051
86,composition,0.037,three,0.05,work,0.043,,,,,,,,,network,0.051
87,correspondence,0.037,analysis,0.045,bestseller,0.041,,,,,,,,,people,0.051
88,differentiation,0.037,empirical,0.045,conception,0.041,,,,,,,,,primary,0.051
89,dislike,0.037,,,coverage,0.041,,,,,,,,,puzzle,0.051
90,eclecticism,0.037,,,creative,0.041,,,,,,,,,scale,0.051
91,hypothesis,0.037,,,economy,0.041,,,,,,,,,scholar,0.051
92,item,0.037,,,index,0.041,,,,,,,,,seem,0.051
93,line,0.037,,,magazine,0.041,,,,,,,,,sociologist,0.051
94,lowbrow,0.037,,,money,0.041,,,,,,,,,source,0.051
95,multiple,0.037,,,newspaper,0.041,,,,,,,,,suggesting,0.051
96,position,0.037,,,poet,0.041,,,,,,,,,using,0.051
97,question,0.037,,,publishing,0.041,,,,,,,,,background,0.044
98,rate,0.037,,,receive,0.041,,,,,,,,,better,0.044
99,respondent,0.037,,,recognition,0.041,,,,,,,,,contribute,0.044
100,result,0.037,,,respect,0.041,,,,,,,,,detailed,0.044
101,six,0.037,,,structuralist,0.041,,,,,,,,,education,0.044
102,structure,0.037,,,title,0.041,,,,,,,,,educational,0.044
103,structuring,0.037,,,typology,0.041,,,,,,,,,effect,0.044
104,using,0.037,,,vanrees,0.041,,,,,,,,,even,0.044
105,difference,0.033,,,aesthetic,0.039,,,,,,,,,family,0.044
106,important,0.033,,,among,0.039,,,,,,,,,hand,0.044
107,drawing,0.032,,,article,0.039,,,,,,,,,income,0.044
108,perspective,0.032,,,drawing,0.039,,,,,,,,,large,0.044
109,point,0.032,,,perspective,0.039,,,,,,,,,leisure,0.044
110,show,0.032,,,relative,0.039,,,,,,,,,much,0.044
111,van,0.032,,,term,0.039,,,,,,,,,national,0.044
112,whether,0.032,,,time,0.039,,,,,,,,,notion,0.044
113,consumer,0.031,,,three,0.038,,,,,,,,,two,0.044
114,doe,0.031,,,action,0.034,,,,,,,,,understanding,0.044
115,importance,0.031,,,addition,0.034,,,,,,,,,way,0.044
116,interview,0.031,,,also,0.034,,,,,,,,,would,0.044
117,life,0.031,,,deal,0.034,,,,,,,,,capital,0.039
118,many,0.031,,,development,0.034,,,,,,,,,data,0.039
119,popular,0.031,,,difference,0.034,,,,,,,,,field,0.039
120,relation,0.031,,,dutch,0.034,,,,,,,,,finding,0.039
121,specific,0.031,,,form,0.034,,,,,,,,,strongly,0.039
122,traditional,0.031,,,hypothesis,0.034,,,,,,,,,survey,0.039
123,axis,0.03,,,increasing,0.034,,,,,,,,,theory,0.039
124,breadth,0.03,,,issue,0.034,,,,,,,,,type,0.039
125,central,0.03,,,legitimacy,0.034,,,,,,,,,research,0.034
126,comedy,0.03,,,level,0.034,,,,,,,,,three,0.034
127,context,0.03,,,life,0.034,,,,,,,,,analysis,0.031
128,debate,0.03,,,make,0.034,,,,,,,,,empirical,0.031
129,evidence,0.03,,,particular,0.034,,,,,,,,,,
130,frequency,0.03,,,pierre,0.034,,,,,,,,,,
131,increase,0.03,,,position,0.034,,,,,,,,,,
132,made,0.03,,,resource,0.034,,,,,,,,,,
133,need,0.03,,,science,0.034,,,,,,,,,,
134,open,0.03,,,several,0.034,,,,,,,,,,
135,pop,0.03,,,similar,0.034,,,,,,,,,,
136,population,0.03,,,sociological,0.034,,,,,,,,,,
137,rise,0.03,,,space,0.034,,,,,,,,,,
138,simultaneously,0.03,,,thus,0.034,,,,,,,,,,
139,socio,0.03,,,type,0.034,,,,,,,,,,
140,tolerance,0.03,,,value,0.034,,,,,,,,,,
141,towards,0.03,,,within,0.034,,,,,,,,,,
142,volume,0.03,,,based,0.029,,,,,,,,,,
143,younger,0.03,,,boundary,0.029,,,,,,,,,,
144,finding,0.028,,,effect,0.029,,,,,,,,,,
145,work,0.028,,,mean,0.029,,,,,,,,,,
146,discussion,0.027,,,measure,0.029,,,,,,,,,,
147,first,0.027,,,order,0.029,,,,,,,,,,
148,notion,0.027,,,range,0.029,,,,,,,,,,
149,case,0.025,,,trend,0.029,,,,,,,,,,
150,critic,0.025,,,way,0.029,,,,,,,,,,
151,dimension,0.025,,,acquisition,0.027,,,,,,,,,,
152,domain,0.025,,,addressing,0.027,,,,,,,,,,
153,eijck,0.025,,,advocated,0.027,,,,,,,,,,
154,far,0.025,,,affiliation,0.027,,,,,,,,,,
155,four,0.025,,,agent,0.027,,,,,,,,,,
156,general,0.025,,,analyzes,0.027,,,,,,,,,,
157,least,0.025,,,appeal,0.027,,,,,,,,,,
158,observation,0.025,,,arena,0.027,,,,,,,,,,
159,political,0.025,,,attribution,0.027,,,,,,,,,,
160,practical,0.025,,,catalogue,0.027,,,,,,,,,,
161,related,0.025,,,coleman,0.027,,,,,,,,,,
162,socialization,0.025,,,concentration,0.027,,,,,,,,,,
163,space,0.025,,,consecration,0.027,,,,,,,,,,
164,united,0.025,,,criticism,0.027,,,,,,,,,,
165,univores,0.025,,,cycle,0.027,,,,,,,,,,
166,argue,0.022,,,decentralized,0.027,,,,,,,,,,
167,associated,0.022,,,derive,0.027,,,,,,,,,,
168,background,0.022,,,distribution,0.027,,,,,,,,,,
169,classification,0.022,,,dominated,0.027,,,,,,,,,,
170,cohort,0.022,,,dowd,0.027,,,,,,,,,,
171,combination,0.022,,,duality,0.027,,,,,,,,,,
172,common,0.022,,,eighteenth,0.027,,,,,,,,,,
173,concept,0.022,,,emphasize,0.027,,,,,,,,,,
174,conclude,0.022,,,europe,0.027,,,,,,,,,,
175,considering,0.022,,,gain,0.027,,,,,,,,,,
176,cosmopolitan,0.022,,,heightened,0.027,,,,,,,,,,
177,culturally,0.022,,,industry,0.027,,,,,,,,,,
178,discourse,0.022,,,instrument,0.027,,,,,,,,,,
179,disposition,0.022,,,interaction,0.027,,,,,,,,,,
180,distinct,0.022,,,interpersonal,0.027,,,,,,,,,,
181,due,0.022,,,introduces,0.027,,,,,,,,,,
182,educational,0.022,,,involved,0.027,,,,,,,,,,
183,erickson,0.022,,,isomorphism,0.027,,,,,,,,,,
184,exclusiveness,0.022,,,janssen,0.027,,,,,,,,,,
185,expression,0.022,,,kit,0.027,,,,,,,,,,
186,extent,0.022,,,location,0.027,,,,,,,,,,
187,flanders,0.022,,,longitudinal,0.027,,,,,,,,,,
188,gayo,0.022,,,mainstream,0.027,,,,,,,,,,
189,greater,0.022,,,male,0.027,,,,,,,,,,
190,heterogeneous,0.022,,,mapping,0.027,,,,,,,,,,
191,increasingly,0.022,,,nature,0.027,,,,,,,,,,
192,indicate,0.022,,,needed,0.027,,,,,,,,,,
193,inequality,0.022,,,nooy,0.027,,,,,,,,,,
194,interest,0.022,,,organization,0.027,,,,,,,,,,
195,intra,0.022,,,painter,0.027,,,,,,,,,,
196,mark,0.022,,,particularly,0.027,,,,,,,,,,
197,mobile,0.022,,,performance,0.027,,,,,,,,,,
198,overall,0.022,,,period,0.027,,,,,,,,,,
199,perception,0.022,,,personnel,0.027,,,,,,,,,,
200,principle,0.022,,,producer,0.027,,,,,,,,,,
201,rap,0.022,,,race,0.027,,,,,,,,,,
202,remains,0.022,,,relates,0.027,,,,,,,,,,
203,repertoire,0.022,,,signal,0.027,,,,,,,,,,
204,sign,0.022,,,simple,0.027,,,,,,,,,,
205,structured,0.022,,,situated,0.027,,,,,,,,,,
206,term,0.022,,,something,0.027,,,,,,,,,,
207,understanding,0.022,,,system,0.027,,,,,,,,,,
208,upper,0.022,,,technical,0.027,,,,,,,,,,
209,variation,0.022,,,translation,0.027,,,,,,,,,,
210,woman,0.022,,,transnational,0.027,,,,,,,,,,
211,across,0.019,,,utility,0.027,,,,,,,,,,
212,appears,0.019,,,veteran,0.027,,,,,,,,,,
213,approach,0.019,,,western,0.027,,,,,,,,,,
214,characteristic,0.019,,,writing,0.027,,,,,,,,,,
215,clear,0.019,,,consumption,0.026,,,,,,,,,,
216,concerning,0.019,,,discus,0.026,,,,,,,,,,
217,considered,0.019,,,important,0.026,,,,,,,,,,
218,content,0.019,,,relationship,0.026,,,,,,,,,,
219,current,0.019,,,across,0.023,,,,,,,,,,
220,distinguish,0.019,,,age,0.023,,,,,,,,,,
221,division,0.019,,,american,0.023,,,,,,,,,,
222,economic,0.019,,,become,0.023,,,,,,,,,,
223,explore,0.019,,,becomes,0.023,,,,,,,,,,
224,expressed,0.019,,,broad,0.023,,,,,,,,,,
225,finally,0.019,,,case,0.023,,,,,,,,,,
226,find,0.019,,,concern,0.023,,,,,,,,,,
227,framework,0.019,,,consider,0.023,,,,,,,,,,
228,hierarchy,0.019,,,critic,0.023,,,,,,,,,,
229,however,0.019,,,decline,0.023,,,,,,,,,,
230,impact,0.019,,,demonstrate,0.023,,,,,,,,,,
231,integration,0.019,,,develop,0.023,,,,,,,,,,
232,intellectual,0.019,,,established,0.023,,,,,,,,,,
233,lead,0.019,,,explain,0.023,,,,,,,,,,
234,like,0.019,,,factor,0.023,,,,,,,,,,
235,linked,0.019,,,fiction,0.023,,,,,,,,,,
236,map,0.019,,,focus,0.023,,,,,,,,,,
237,methodological,0.019,,,formation,0.023,,,,,,,,,,
238,object,0.019,,,framework,0.023,,,,,,,,,,
239,often,0.019,,,general,0.023,,,,,,,,,,
240,play,0.019,,,high,0.023,,,,,,,,,,
241,provide,0.019,,,historical,0.023,,,,,,,,,,
242,rather,0.019,,,idea,0.023,,,,,,,,,,
243,religion,0.019,,,indicator,0.023,,,,,,,,,,
244,resource,0.019,,,introduced,0.023,,,,,,,,,,
245,scale,0.019,,,investigating,0.023,,,,,,,,,,
246,set,0.019,,,legitimation,0.023,,,,,,,,,,
247,source,0.019,,,linked,0.023,,,,,,,,,,
248,special,0.019,,,major,0.023,,,,,,,,,,
249,state,0.019,,,methodological,0.023,,,,,,,,,,
250,strong,0.019,,,methodology,0.023,,,,,,,,,,
251,tend,0.019,,,modern,0.023,,,,,,,,,,
252,type,0.019,,,negative,0.023,,,,,,,,,,
253,used,0.019,,,netherlands,0.023,,,,,,,,,,
254,whereas,0.019,,,object,0.023,,,,,,,,,,
255,world,0.019,,,objective,0.023,,,,,,,,,,
256,three,0.017,,,part,0.023,,,,,,,,,,
257,identity,0.016,,,play,0.023,,,,,,,,,,
258,income,0.016,,,present,0.023,,,,,,,,,,
259,leisure,0.016,,,product,0.023,,,,,,,,,,
260,relative,0.016,,,provide,0.023,,,,,,,,,,
261,theoretical,0.016,,,quality,0.023,,,,,,,,,,
262,trend,0.016,,,regarding,0.023,,,,,,,,,,
263,active,0.015,,,special,0.023,,,,,,,,,,
264,aesthetically,0.015,,,structure,0.023,,,,,,,,,,
265,almost,0.015,,,tends,0.023,,,,,,,,,,
266,along,0.015,,,tool,0.023,,,,,,,,,,
267,alongside,0.015,,,traditional,0.023,,,,,,,,,,
268,appropriation,0.015,,,uncertainty,0.023,,,,,,,,,,
269,attempt,0.015,,,verboord,0.023,,,,,,,,,,
270,basis,0.015,,,view,0.023,,,,,,,,,,
271,behavior,0.015,,,wide,0.023,,,,,,,,,,
272,behavioural,0.015,,,concept,0.02,,,,,,,,,,
273,british,0.015,,,examine,0.02,,,,,,,,,,
274,broadly,0.015,,,first,0.02,,,,,,,,,,
275,cal,0.015,,,key,0.02,,,,,,,,,,
276,categorization,0.015,,,lack,0.02,,,,,,,,,,
277,changing,0.015,,,much,0.02,,,,,,,,,,
278,choice,0.015,,,national,0.02,,,,,,,,,,
279,city,0.015,,,seems,0.02,,,,,,,,,,
280,classic,0.015,,,take,0.02,,,,,,,,,,
281,college,0.015,,,well,0.02,,,,,,,,,,
282,combinatorial,0.015,,,whether,0.02,,,,,,,,,,
283,communicate,0.015,,,distinction,0.017,,,,,,,,,,
284,conceptualization,0.015,,,survey,0.017,,,,,,,,,,
285,condition,0.015,,,research,0.015,,,,,,,,,,
286,confirm,0.015,,,able,0.014,,,,,,,,,,
287,consideration,0.015,,,abundance,0.014,,,,,,,,,,
288,constitutes,0.015,,,academic,0.014,,,,,,,,,,
289,criterion,0.015,,,acclaim,0.014,,,,,,,,,,
290,culturalization,0.015,,,accominotti,0.014,,,,,,,,,,
291,danish,0.015,,,achieve,0.014,,,,,,,,,,
292,depending,0.015,,,acquire,0.014,,,,,,,,,,
293,dimaggio,0.015,,,actor,0.014,,,,,,,,,,
294,discipline,0.015,,,actually,0.014,,,,,,,,,,
295,discussing,0.015,,,adopt,0.014,,,,,,,,,,
296,disengagement,0.015,,,affect,0.014,,,,,,,,,,
297,dissonance,0.015,,,afford,0.014,,,,,,,,,,
298,elitist,0.015,,,alone,0.014,,,,,,,,,,
299,emerging,0.015,,,amount,0.014,,,,,,,,,,
300,empirical,0.015,,,analogy,0.014,,,,,,,,,,
301,empirically,0.015,,,analyst,0.014,,,,,,,,,,
302,entertainment,0.015,,,annual,0.014,,,,,,,,,,
303,establish,0.015,,,appear,0.014,,,,,,,,,,
304,evident,0.015,,,application,0.014,,,,,,,,,,
305,examines,0.015,,,applying,0.014,,,,,,,,,,
306,exclude,0.015,,,attends,0.014,,,,,,,,,,
307,exploring,0.015,,,attributed,0.014,,,,,,,,,,
308,folk,0.015,,,baumann,0.014,,,,,,,,,,
309,follow,0.015,,,bearing,0.014,,,,,,,,,,
310,force,0.015,,,beethoven,0.014,,,,,,,,,,
311,fourth,0.015,,,benefitting,0.014,,,,,,,,,,
312,friedman,0.015,,,bipartite,0.014,,,,,,,,,,
313,genesis,0.015,,,bloomer,0.014,,,,,,,,,,
314,good,0.015,,,blyler,0.014,,,,,,,,,,
315,habit,0.015,,,bookseller,0.014,,,,,,,,,,
316,highest,0.015,,,breiger,0.014,,,,,,,,,,
317,homeless,0.015,,,bring,0.014,,,,,,,,,,
318,humanist,0.015,,,called,0.014,,,,,,,,,,
319,identified,0.015,,,canon,0.014,,,,,,,,,,
320,inclusiveness,0.015,,,changed,0.014,,,,,,,,,,
321,increased,0.015,,,chart,0.014,,,,,,,,,,
322,indifferent,0.015,,,charting,0.014,,,,,,,,,,
323,influential,0.015,,,circulation,0.014,,,,,,,,,,
324,involvement,0.015,,,classify,0.014,,,,,,,,,,
325,kingdom,0.015,,,climb,0.014,,,,,,,,,,
326,led,0.015,,,come,0.014,,,,,,,,,,
327,lievens,0.015,,,commercial,0.014,,,,,,,,,,
328,link,0.015,,,comparing,0.014,,,,,,,,,,
329,listening,0.015,,,computed,0.014,,,,,,,,,,
330,live,0.015,,,conceptual,0.014,,,,,,,,,,
331,manifest,0.015,,,conducting,0.014,,,,,,,,,,
332,marked,0.015,,,conflict,0.014,,,,,,,,,,
333,meltdown,0.015,,,confront,0.014,,,,,,,,,,
334,middle,0.015,,,consecrated,0.014,,,,,,,,,,
335,middlebrow,0.015,,,consensus,0.014,,,,,,,,,,
336,mobility,0.015,,,constitution,0.014,,,,,,,,,,
337,museum,0.015,,,constraint,0.014,,,,,,,,,,
338,neglect,0.015,,,conversant,0.014,,,,,,,,,,
339,old,0.015,,,cope,0.014,,,,,,,,,,
340,older,0.015,,,coping,0.014,,,,,,,,,,
341,organizing,0.015,,,correlate,0.014,,,,,,,,,,
342,oriented,0.015,,,correspond,0.014,,,,,,,,,,
343,outdated,0.015,,,corroborate,0.014,,,,,,,,,,
344,participant,0.015,,,course,0.014,,,,,,,,,,
345,passing,0.015,,,court,0.014,,,,,,,,,,
346,phenomenon,0.015,,,craig,0.014,,,,,,,,,,
347,populist,0.015,,,dampened,0.014,,,,,,,,,,
348,powerful,0.015,,,dampens,0.014,,,,,,,,,,
349,predicted,0.015,,,david,0.014,,,,,,,,,,
350,preferred,0.015,,,debutants,0.014,,,,,,,,,,
351,privileged,0.015,,,decreasing,0.014,,,,,,,,,,
352,profile,0.015,,,denooy,0.014,,,,,,,,,,
353,proposed,0.015,,,denora,0.014,,,,,,,,,,
354,quasi,0.015,,,design,0.014,,,,,,,,,,
355,quebec,0.015,,,developed,0.014,,,,,,,,,,
356,really,0.015,,,developing,0.014,,,,,,,,,,
357,reflect,0.015,,,diagram,0.014,,,,,,,,,,
358,reinterpret,0.015,,,dialogue,0.014,,,,,,,,,,
359,relevance,0.015,,,difficulty,0.014,,,,,,,,,,
360,relevant,0.015,,,dorleijn,0.014,,,,,,,,,,
361,reveal,0.015,,,driven,0.014,,,,,,,,,,
362,richard,0.015,,,dubois,0.014,,,,,,,,,,
363,sample,0.015,,,dynamically,0.014,,,,,,,,,,
364,scenario,0.015,,,earned,0.014,,,,,,,,,,
365,scene,0.015,,,earnings,0.014,,,,,,,,,,
366,seen,0.015,,,efficient,0.014,,,,,,,,,,
367,select,0.015,,,either,0.014,,,,,,,,,,
368,society,0.015,,,encyclopedia,0.014,,,,,,,,,,
369,statistic,0.015,,,endured,0.014,,,,,,,,,,
370,subjected,0.015,,,enjoy,0.014,,,,,,,,,,
371,terrain,0.015,,,establishing,0.014,,,,,,,,,,
372,theme,0.015,,,ethnographic,0.014,,,,,,,,,,
373,today,0.015,,,evolution,0.014,,,,,,,,,,
374,toward,0.015,,,excess,0.014,,,,,,,,,,
375,unauthorised,0.015,,,exchange,0.014,,,,,,,,,,
376,uncovers,0.015,,,exemplar,0.014,,,,,,,,,,
377,underlying,0.015,,,exist,0.014,,,,,,,,,,
378,upon,0.015,,,expectation,0.014,,,,,,,,,,
379,upwardly,0.015,,,experimental,0.014,,,,,,,,,,
380,usa,0.015,,,external,0.014,,,,,,,,,,
381,warde,0.015,,,face,0.014,,,,,,,,,,
382,whilst,0.015,,,fairly,0.014,,,,,,,,,,
383,relationship,0.014,,,federation,0.014,,,,,,,,,,
384,account,0.012,,,female,0.014,,,,,,,,,,
385,america,0.012,,,firm,0.014,,,,,,,,,,
386,analyze,0.012,,,flow,0.014,,,,,,,,,,
387,analyzed,0.012,,,following,0.014,,,,,,,,,,
388,apply,0.012,,,formal,0.014,,,,,,,,,,
389,argues,0.012,,,foster,0.014,,,,,,,,,,
390,classical,0.012,,,foundation,0.014,,,,,,,,,,
391,concern,0.012,,,framing,0.014,,,,,,,,,,
392,concludes,0.012,,,franssen,0.014,,,,,,,,,,
393,contrast,0.012,,,frequently,0.014,,,,,,,,,,
394,determinant,0.012,,,galois,0.014,,,,,,,,,,
395,develop,0.012,,,gathering,0.014,,,,,,,,,,
396,dominant,0.012,,,generalizes,0.014,,,,,,,,,,
397,draw,0.012,,,german,0.014,,,,,,,,,,
398,existing,0.012,,,globalization,0.014,,,,,,,,,,
399,factor,0.012,,,grounding,0.014,,,,,,,,,,
400,focus,0.012,,,heeding,0.014,,,,,,,,,,
401,formation,0.012,,,help,0.014,,,,,,,,,,
402,found,0.012,,,hence,0.014,,,,,,,,,,
403,france,0.012,,,highlighted,0.014,,,,,,,,,,
404,gap,0.012,,,historiography,0.014,,,,,,,,,,
405,given,0.012,,,house,0.014,,,,,,,,,,
406,history,0.012,,,human,0.014,,,,,,,,,,
407,increasing,0.012,,,ilp,0.014,,,,,,,,,,
408,information,0.012,,,implement,0.014,,,,,,,,,,
409,integrating,0.012,,,implementing,0.014,,,,,,,,,,
410,introduction,0.012,,,inclusion,0.014,,,,,,,,,,
411,investigating,0.012,,,incorporate,0.014,,,,,,,,,,
412,jazz,0.012,,,indicated,0.014,,,,,,,,,,
413,labor,0.012,,,initially,0.014,,,,,,,,,,
414,largely,0.012,,,innovative,0.014,,,,,,,,,,
415,latent,0.012,,,innovator,0.014,,,,,,,,,,
416,logic,0.012,,,instance,0.014,,,,,,,,,,
417,main,0.012,,,institutionalism,0.014,,,,,,,,,,
418,marker,0.012,,,insufficiently,0.014,,,,,,,,,,
419,must,0.012,,,intact,0.014,,,,,,,,,,
420,number,0.012,,,integrate,0.014,,,,,,,,,,
421,offer,0.012,,,integrates,0.014,,,,,,,,,,
422,part,0.012,,,interdependence,0.014,,,,,,,,,,
423,performing,0.012,,,interdependency,0.014,,,,,,,,,,
424,possible,0.012,,,intertwined,0.014,,,,,,,,,,
425,problem,0.012,,,investigated,0.014,,,,,,,,,,
426,project,0.012,,,involve,0.014,,,,,,,,,,
427,puzzle,0.012,,,irrespective,0.014,,,,,,,,,,
428,quantitative,0.012,,,james,0.014,,,,,,,,,,
429,regarding,0.012,,,justice,0.014,,,,,,,,,,
430,savage,0.012,,,kind,0.014,,,,,,,,,,
431,scholar,0.012,,,kuiper,0.014,,,,,,,,,,
432,several,0.012,,,late,0.014,,,,,,,,,,
433,similar,0.012,,,latter,0.014,,,,,,,,,,
434,sociological,0.012,,,lattice,0.014,,,,,,,,,,
435,sociologist,0.012,,,leave,0.014,,,,,,,,,,
436,suggest,0.012,,,legitimated,0.014,,,,,,,,,,
437,taken,0.012,,,lends,0.014,,,,,,,,,,
438,tends,0.012,,,limited,0.014,,,,,,,,,,
439,thing,0.012,,,looking,0.014,,,,,,,,,,
440,though,0.012,,,lower,0.014,,,,,,,,,,
441,univore,0.012,,,maintain,0.014,,,,,,,,,,
442,variable,0.012,,,marketplace,0.014,,,,,,,,,,
443,various,0.012,,,masculine,0.014,,,,,,,,,,
444,view,0.012,,,masterpiece,0.014,,,,,,,,,,
445,visual,0.012,,,mathematical,0.014,,,,,,,,,,
446,aesthetic,0.011,,,mathematics,0.014,,,,,,,,,,
447,better,0.011,,,meant,0.014,,,,,,,,,,
448,character,0.011,,,mediate,0.014,,,,,,,,,,
449,engagement,0.011,,,mere,0.014,,,,,,,,,,
450,examine,0.011,,,met,0.014,,,,,,,,,,
451,growing,0.011,,,metropolitan,0.014,,,,,,,,,,
452,homology,0.011,,,mobilization,0.014,,,,,,,,,,
453,identify,0.011,,,mohr,0.014,,,,,,,,,,
454,large,0.011,,,multilevel,0.014,,,,,,,,,,
455,literature,0.011,,,multivariate,0.014,,,,,,,,,,
456,local,0.011,,,mutually,0.014,,,,,,,,,,
457,mean,0.011,,,name,0.014,,,,,,,,,,
458,measure,0.011,,,navigate,0.014,,,,,,,,,,
459,provides,0.011,,,necessity,0.014,,,,,,,,,,
460,range,0.011,,,negotiating,0.014,,,,,,,,,,
461,seems,0.011,,,neo,0.014,,,,,,,,,,
462,symbolic,0.011,,,nested,0.014,,,,,,,,,,
463,time,0.011,,,nevertheless,0.014,,,,,,,,,,
464,year,0.011,,,normally,0.014,,,,,,,,,,
465,issue,0.009,,,normative,0.014,,,,,,,,,,
466,recent,0.009,,,nowadays,0.014,,,,,,,,,,
467,strongly,0.009,,,occurring,0.014,,,,,,,,,,
468,ability,0.007,,,offset,0.014,,,,,,,,,,
469,according,0.007,,,operating,0.014,,,,,,,,,,
470,acutely,0.007,,,operationalized,0.014,,,,,,,,,,
471,add,0.007,,,opportunity,0.014,,,,,,,,,,
472,added,0.007,,,overcome,0.014,,,,,,,,,,
473,addressed,0.007,,,page,0.014,,,,,,,,,,
474,adhering,0.007,,,paris,0.014,,,,,,,,,,
475,advantage,0.007,,,past,0.014,,,,,,,,,,
476,adventure,0.007,,,path,0.014,,,,,,,,,,
477,affecting,0.007,,,peak,0.014,,,,,,,,,,
478,agency,0.007,,,percentage,0.014,,,,,,,,,,
479,aggregate,0.007,,,peripheral,0.014,,,,,,,,,,
480,ago,0.007,,,pertains,0.014,,,,,,,,,,
481,ahead,0.007,,,piano,0.014,,,,,,,,,,
482,aim,0.007,,,picture,0.014,,,,,,,,,,
483,alleged,0.007,,,pinheiro,0.014,,,,,,,,,,
484,allow,0.007,,,playing,0.014,,,,,,,,,,
485,allows,0.007,,,pony,0.014,,,,,,,,,,
486,ambivalence,0.007,,,popularity,0.014,,,,,,,,,,
487,ambivalent,0.007,,,postulated,0.014,,,,,,,,,,
488,amongst,0.007,,,practised,0.014,,,,,,,,,,
489,analysed,0.007,,,predicts,0.014,,,,,,,,,,
490,anatomy,0.007,,,prescribed,0.014,,,,,,,,,,
491,anchoring,0.007,,,presented,0.014,,,,,,,,,,
492,answer,0.007,,,princals,0.014,,,,,,,,,,
493,anything,0.007,,,prize,0.014,,,,,,,,,,
494,applied,0.007,,,produced,0.014,,,,,,,,,,
495,apprehend,0.007,,,progress,0.014,,,,,,,,,,
496,appropriated,0.007,,,property,0.014,,,,,,,,,,
497,appropriating,0.007,,,propose,0.014,,,,,,,,,,
498,argued,0.007,,,psychological,0.014,,,,,,,,,,
499,arise,0.007,,,psychology,0.014,,,,,,,,,,
500,around,0.007,,,quarterly,0.014,,,,,,,,,,
501,arrive,0.007,,,quite,0.014,,,,,,,,,,
502,artifact,0.007,,,radio,0.014,,,,,,,,,,
503,ask,0.007,,,reach,0.014,,,,,,,,,,
504,asking,0.007,,,recession,0.014,,,,,,,,,,
505,aspect,0.007,,,recommended,0.014,,,,,,,,,,
506,assessment,0.007,,,rejected,0.014,,,,,,,,,,
507,astronomy,0.007,,,remain,0.014,,,,,,,,,,
508,atkinson,0.007,,,remarkable,0.014,,,,,,,,,,
509,attack,0.007,,,reputation,0.014,,,,,,,,,,
510,attrition,0.007,,,respective,0.014,,,,,,,,,,
511,audience,0.007,,,retrospectively,0.014,,,,,,,,,,
512,automatically,0.007,,,revealing,0.014,,,,,,,,,,
513,avid,0.007,,,reviewer,0.014,,,,,,,,,,
514,avoid,0.007,,,reviewing,0.014,,,,,,,,,,
515,avoids,0.007,,,revisits,0.014,,,,,,,,,,
516,aware,0.007,,,road,0.014,,,,,,,,,,
517,away,0.007,,,said,0.014,,,,,,,,,,
518,bad,0.007,,,schmutz,0.014,,,,,,,,,,
519,badge,0.007,,,sequence,0.014,,,,,,,,,,
520,ballet,0.007,,,serve,0.014,,,,,,,,,,
521,bargeman,0.007,,,shadow,0.014,,,,,,,,,,
522,barrier,0.007,,,shape,0.014,,,,,,,,,,
523,basic,0.007,,,share,0.014,,,,,,,,,,
524,basically,0.007,,,side,0.014,,,,,,,,,,
525,bear,0.007,,,sideline,0.014,,,,,,,,,,
526,became,0.007,,,signaled,0.014,,,,,,,,,,
527,belgium,0.007,,,similarity,0.014,,,,,,,,,,
528,bellavance,0.007,,,situates,0.014,,,,,,,,,,
529,benefit,0.007,,,sound,0.014,,,,,,,,,,
530,beyond,0.007,,,spatial,0.014,,,,,,,,,,
531,bias,0.007,,,specify,0.014,,,,,,,,,,
532,binder,0.007,,,squeeze,0.014,,,,,,,,,,
533,bonnie,0.007,,,stood,0.014,,,,,,,,,,
534,bourdieuian,0.007,,,story,0.014,,,,,,,,,,
535,bourdieusian,0.007,,,strategy,0.014,,,,,,,,,,
536,bridge,0.007,,,strife,0.014,,,,,,,,,,
537,brief,0.007,,,striking,0.014,,,,,,,,,,
538,bringing,0.007,,,stronger,0.014,,,,,,,,,,
539,bristol,0.007,,,structural,0.014,,,,,,,,,,
540,bryson,0.007,,,structuration,0.014,,,,,,,,,,
541,bundle,0.007,,,sturdy,0.014,,,,,,,,,,
542,buttressed,0.007,,,style,0.014,,,,,,,,,,
543,byproduct,0.007,,,subsequent,0.014,,,,,,,,,,
544,calling,0.007,,,suggests,0.014,,,,,,,,,,
545,canada,0.007,,,suitable,0.014,,,,,,,,,,
546,caricaturing,0.007,,,supreme,0.014,,,,,,,,,,
547,carried,0.007,,,talent,0.014,,,,,,,,,,
548,carrying,0.007,,,theoretic,0.014,,,,,,,,,,
549,categorically,0.007,,,theorist,0.014,,,,,,,,,,
550,caught,0.007,,,thinking,0.014,,,,,,,,,,
551,challenged,0.007,,,threefold,0.014,,,,,,,,,,
552,characterised,0.007,,,toronto,0.014,,,,,,,,,,
553,characterized,0.007,,,tradition,0.014,,,,,,,,,,
554,cheyne,0.007,,,transform,0.014,,,,,,,,,,
555,chosen,0.007,,,treat,0.014,,,,,,,,,,
556,claim,0.007,,,unestablished,0.014,,,,,,,,,,
557,clarification,0.007,,,union,0.014,,,,,,,,,,
558,classed,0.007,,,user,0.014,,,,,,,,,,
559,classified,0.007,,,validation,0.014,,,,,,,,,,
560,clearly,0.007,,,varying,0.014,,,,,,,,,,
561,cleavage,0.007,,,verdaasdonk,0.014,,,,,,,,,,
562,coined,0.007,,,viennese,0.014,,,,,,,,,,
563,combined,0.007,,,weaken,0.014,,,,,,,,,,
564,combining,0.007,,,word,0.014,,,,,,,,,,
565,compared,0.007,,,writer,0.014,,,,,,,,,,
566,comparison,0.007,,,yield,0.014,,,,,,,,,,
567,compatible,0.007,,,york,0.014,,,,,,,,,,
568,competing,0.007,,,account,0.011,,,,,,,,,,
569,component,0.007,,,address,0.011,,,,,,,,,,
570,composed,0.007,,,advanced,0.011,,,,,,,,,,
571,comprehensive,0.007,,,alternative,0.011,,,,,,,,,,
572,concentrated,0.007,,,analytical,0.011,,,,,,,,,,
573,conceptualise,0.007,,,analyze,0.011,,,,,,,,,,
574,concretely,0.007,,,analyzed,0.011,,,,,,,,,,
575,confidence,0.007,,,another,0.011,,,,,,,,,,
576,configuration,0.007,,,appears,0.011,,,,,,,,,,
577,confirmed,0.007,,,apply,0.011,,,,,,,,,,
578,connectedness,0.007,,,area,0.011,,,,,,,,,,
579,connection,0.007,,,argues,0.011,,,,,,,,,,
580,conscious,0.007,,,argument,0.011,,,,,,,,,,
581,consequence,0.007,,,articulated,0.011,,,,,,,,,,
582,constituent,0.007,,,ass,0.011,,,,,,,,,,
583,constituting,0.007,,,association,0.011,,,,,,,,,,
584,constructed,0.007,,,base,0.011,,,,,,,,,,
585,consume,0.007,,,body,0.011,,,,,,,,,,
586,contemplation,0.007,,,build,0.011,,,,,,,,,,
587,contested,0.007,,,business,0.011,,,,,,,,,,
588,contextual,0.007,,,category,0.011,,,,,,,,,,
589,continued,0.007,,,certain,0.011,,,,,,,,,,
590,contradict,0.007,,,challenge,0.011,,,,,,,,,,
591,contradicted,0.007,,,circa,0.011,,,,,,,,,,
592,contributes,0.007,,,classical,0.011,,,,,,,,,,
593,control,0.007,,,clear,0.011,,,,,,,,,,
594,controversy,0.007,,,competency,0.011,,,,,,,,,,
595,conveyed,0.007,,,competition,0.011,,,,,,,,,,
596,copyright,0.007,,,concert,0.011,,,,,,,,,,
597,core,0.007,,,conducted,0.011,,,,,,,,,,
598,correspondingly,0.007,,,considered,0.011,,,,,,,,,,
599,corroborates,0.007,,,constitutive,0.011,,,,,,,,,,
600,corroborating,0.007,,,content,0.011,,,,,,,,,,
601,cosmopolitanism,0.007,,,contrast,0.011,,,,,,,,,,
602,coulangeon,0.007,,,critically,0.011,,,,,,,,,,
603,counter,0.007,,,crucial,0.011,,,,,,,,,,
604,credence,0.007,,,dealing,0.011,,,,,,,,,,
605,crown,0.007,,,decrease,0.011,,,,,,,,,,
606,cul,0.007,,,dimension,0.011,,,,,,,,,,
607,debunked,0.007,,,distinguish,0.011,,,,,,,,,,
608,decade,0.007,,,diversity,0.011,,,,,,,,,,
609,declined,0.007,,,doe,0.011,,,,,,,,,,
610,deepens,0.007,,,dominant,0.011,,,,,,,,,,
611,defined,0.007,,,draw,0.011,,,,,,,,,,
612,deflation,0.007,,,early,0.011,,,,,,,,,,
613,degree,0.007,,,element,0.011,,,,,,,,,,
614,demonstrates,0.007,,,embrace,0.011,,,,,,,,,,
615,demonstrating,0.007,,,evaluation,0.011,,,,,,,,,,
616,department,0.007,,,examination,0.011,,,,,,,,,,
617,depend,0.007,,,examined,0.011,,,,,,,,,,
618,derives,0.007,,,example,0.011,,,,,,,,,,
619,description,0.007,,,existing,0.011,,,,,,,,,,
620,descriptive,0.007,,,expanded,0.011,,,,,,,,,,
621,detail,0.007,,,experience,0.011,,,,,,,,,,
622,devaluation,0.007,,,explaining,0.011,,,,,,,,,,
623,diminishing,0.007,,,explore,0.011,,,,,,,,,,
624,direction,0.007,,,extensive,0.011,,,,,,,,,,
625,disaggregates,0.007,,,finally,0.011,,,,,,,,,,
626,discerned,0.007,,,focusing,0.011,,,,,,,,,,
627,discovery,0.007,,,found,0.011,,,,,,,,,,
628,discrepancy,0.007,,,four,0.011,,,,,,,,,,
629,discrepant,0.007,,,french,0.011,,,,,,,,,,
630,discriminating,0.007,,,function,0.011,,,,,,,,,,
631,discussed,0.007,,,fundamental,0.011,,,,,,,,,,
632,disliked,0.007,,,gathered,0.011,,,,,,,,,,
633,dismantled,0.007,,,generation,0.011,,,,,,,,,,
634,displaces,0.007,,,given,0.011,,,,,,,,,,
635,display,0.007,,,higher,0.011,,,,,,,,,,
636,displayed,0.007,,,however,0.011,,,,,,,,,,
637,dispositional,0.007,,,including,0.011,,,,,,,,,,
638,disproportionately,0.007,,,inquiry,0.011,,,,,,,,,,
639,dispute,0.007,,,instead,0.011,,,,,,,,,,
640,dissolution,0.007,,,integrating,0.011,,,,,,,,,,
641,dissonant,0.007,,,integration,0.011,,,,,,,,,,
642,distance,0.007,,,interpreted,0.011,,,,,,,,,,
643,distinctive,0.007,,,interview,0.011,,,,,,,,,,
644,distinguishing,0.007,,,introduction,0.011,,,,,,,,,,
645,diverse,0.007,,,known,0.011,,,,,,,,,,
646,divide,0.007,,,larger,0.011,,,,,,,,,,
647,dramatic,0.007,,,lead,0.011,,,,,,,,,,
648,drew,0.007,,,least,0.011,,,,,,,,,,
649,earlier,0.007,,,like,0.011,,,,,,,,,,
650,eclectic,0.007,,,main,0.011,,,,,,,,,,
651,editorial,0.007,,,map,0.011,,,,,,,,,,
652,educated,0.007,,,marker,0.011,,,,,,,,,,
653,ejick,0.007,,,measured,0.011,,,,,,,,,,
654,else,0.007,,,measurement,0.011,,,,,,,,,,
655,embedded,0.007,,,must,0.011,,,,,,,,,,
656,embeddedness,0.007,,,nation,0.011,,,,,,,,,,
657,embodied,0.007,,,number,0.011,,,,,,,,,,
658,embody,0.007,,,offer,0.011,,,,,,,,,,
659,emergence,0.007,,,performing,0.011,,,,,,,,,,
660,emphasis,0.007,,,political,0.011,,,,,,,,,,
661,emphasising,0.007,,,positive,0.011,,,,,,,,,,
662,emplaced,0.007,,,possible,0.011,,,,,,,,,,
663,encountered,0.007,,,practical,0.011,,,,,,,,,,
664,end,0.007,,,previous,0.011,,,,,,,,,,
665,engage,0.007,,,produce,0.011,,,,,,,,,,
666,enhancing,0.007,,,project,0.011,,,,,,,,,,
667,enthusiasm,0.007,,,proposes,0.011,,,,,,,,,,
668,equally,0.007,,,quantitative,0.011,,,,,,,,,,
669,erroneous,0.007,,,question,0.011,,,,,,,,,,
670,especially,0.007,,,racial,0.011,,,,,,,,,,
671,estimate,0.007,,,raise,0.011,,,,,,,,,,
672,estimated,0.007,,,rees,0.011,,,,,,,,,,
673,ethos,0.007,,,related,0.011,,,,,,,,,,
674,euphemise,0.007,,,selection,0.011,,,,,,,,,,
675,evaluating,0.007,,,sense,0.011,,,,,,,,,,
676,evolves,0.007,,,set,0.011,,,,,,,,,,
677,evolving,0.007,,,shift,0.011,,,,,,,,,,
678,examining,0.007,,,showing,0.011,,,,,,,,,,
679,exception,0.007,,,shown,0.011,,,,,,,,,,
680,exclusion,0.007,,,sociology,0.011,,,,,,,,,,
681,exclusive,0.007,,,somewhat,0.011,,,,,,,,,,
682,exclusively,0.007,,,specific,0.011,,,,,,,,,,
683,existence,0.007,,,specifically,0.011,,,,,,,,,,
684,experimentation,0.007,,,state,0.011,,,,,,,,,,
685,expert,0.007,,,static,0.011,,,,,,,,,,
686,explained,0.007,,,statistical,0.011,,,,,,,,,,
687,exploration,0.007,,,strong,0.011,,,,,,,,,,
688,explored,0.007,,,studied,0.011,,,,,,,,,,
689,exposition,0.007,,,suggest,0.011,,,,,,,,,,
690,extant,0.007,,,taken,0.011,,,,,,,,,,
691,eye,0.007,,,tend,0.011,,,,,,,,,,
692,fact,0.007,,,therefore,0.011,,,,,,,,,,
693,fall,0.007,,,thing,0.011,,,,,,,,,,
694,fallen,0.007,,,trajectory,0.011,,,,,,,,,,
695,familiar,0.007,,,understand,0.011,,,,,,,,,,
696,fan,0.007,,,united,0.011,,,,,,,,,,
697,favor,0.007,,,usually,0.011,,,,,,,,,,
698,fewer,0.007,,,various,0.011,,,,,,,,,,
699,fill,0.007,,,vermunt,0.011,,,,,,,,,,
700,financial,0.007,,,versus,0.011,,,,,,,,,,
701,fine,0.007,,,whereas,0.011,,,,,,,,,,
702,firstly,0.007,,,activity,0.01,,,,,,,,,,
703,fit,0.007,,,although,0.01,,,,,,,,,,
704,five,0.007,,,argue,0.01,,,,,,,,,,
705,flemish,0.007,,,better,0.01,,,,,,,,,,
706,fluid,0.007,,,character,0.01,,,,,,,,,,
707,follows,0.007,,,contribute,0.01,,,,,,,,,,
708,foot,0.007,,,even,0.01,,,,,,,,,,
709,formulated,0.007,,,event,0.01,,,,,,,,,,
710,fraction,0.007,,,growing,0.01,,,,,,,,,,
711,frequent,0.007,,,homology,0.01,,,,,,,,,,
712,fresh,0.007,,,identify,0.01,,,,,,,,,,
713,fully,0.007,,,identity,0.01,,,,,,,,,,
714,future,0.007,,,individual,0.01,,,,,,,,,,
715,generally,0.007,,,influence,0.01,,,,,,,,,,
716,generic,0.007,,,large,0.01,,,,,,,,,,
717,gerro,0.007,,,local,0.01,,,,,,,,,,
718,ghetto,0.007,,,notion,0.01,,,,,,,,,,
719,government,0.007,,,others,0.01,,,,,,,,,,
720,gradual,0.007,,,point,0.01,,,,,,,,,,
721,graduate,0.007,,,provides,0.01,,,,,,,,,,
722,ground,0.007,,,role,0.01,,,,,,,,,,
723,grows,0.007,,,second,0.01,,,,,,,,,,
724,hanquinet,0.007,,,support,0.01,,,,,,,,,,
725,heterogeneity,0.007,,,test,0.01,,,,,,,,,,
726,hierarchical,0.007,,,theoretical,0.01,,,,,,,,,,
727,hierarchized,0.007,,,together,0.01,,,,,,,,,,
728,highlighting,0.007,,,van,0.01,,,,,,,,,,
729,highly,0.007,,,woman,0.01,,,,,,,,,,
730,hip,0.007,,,year,0.01,,,,,,,,,,
731,hitherto,0.007,,,data,0.009,,,,,,,,,,
732,holt,0.007,,,finding,0.009,,,,,,,,,,
733,home,0.007,,,recent,0.009,,,,,,,,,,
734,homebound,0.007,,,status,0.009,,,,,,,,,,
735,honour,0.007,,,strongly,0.009,,,,,,,,,,
736,hop,0.007,,,empirical,0.007,,,,,,,,,,
737,hybrid,0.007,,,,,,,,,,,,,,
738,hypothesized,0.007,,,,,,,,,,,,,,
739,identical,0.007,,,,,,,,,,,,,,
740,identification,0.007,,,,,,,,,,,,,,
741,identifies,0.007,,,,,,,,,,,,,,
742,identifying,0.007,,,,,,,,,,,,,,
743,iii,0.007,,,,,,,,,,,,,,
744,illegitimacy,0.007,,,,,,,,,,,,,,
745,implication,0.007,,,,,,,,,,,,,,
746,implicit,0.007,,,,,,,,,,,,,,
747,imply,0.007,,,,,,,,,,,,,,
748,incidental,0.007,,,,,,,,,,,,,,
749,inclusive,0.007,,,,,,,,,,,,,,
750,incorporates,0.007,,,,,,,,,,,,,,
751,indecisive,0.007,,,,,,,,,,,,,,
752,individualism,0.007,,,,,,,,,,,,,,
753,individualization,0.007,,,,,,,,,,,,,,
754,individualized,0.007,,,,,,,,,,,,,,
755,inferior,0.007,,,,,,,,,,,,,,
756,inside,0.007,,,,,,,,,,,,,,
757,inspired,0.007,,,,,,,,,,,,,,
758,intended,0.007,,,,,,,,,,,,,,
759,intensive,0.007,,,,,,,,,,,,,,
760,interrogate,0.007,,,,,,,,,,,,,,
761,intersection,0.007,,,,,,,,,,,,,,
762,introducing,0.007,,,,,,,,,,,,,,
763,invalidates,0.007,,,,,,,,,,,,,,
764,investigation,0.007,,,,,,,,,,,,,,
765,jarness,0.007,,,,,,,,,,,,,,
766,journal,0.007,,,,,,,,,,,,,,
767,judgment,0.007,,,,,,,,,,,,,,
768,justifying,0.007,,,,,,,,,,,,,,
769,katz,0.007,,,,,,,,,,,,,,
770,laermans,0.007,,,,,,,,,,,,,,
771,lahire,0.007,,,,,,,,,,,,,,
772,laid,0.007,,,,,,,,,,,,,,
773,largest,0.007,,,,,,,,,,,,,,
774,larsen,0.007,,,,,,,,,,,,,,
775,leading,0.007,,,,,,,,,,,,,,
776,leaving,0.007,,,,,,,,,,,,,,
777,left,0.007,,,,,,,,,,,,,,
778,legacy,0.007,,,,,,,,,,,,,,
779,lemel,0.007,,,,,,,,,,,,,,
780,liked,0.007,,,,,,,,,,,,,,
781,likely,0.007,,,,,,,,,,,,,,
782,liking,0.007,,,,,,,,,,,,,,
783,limit,0.007,,,,,,,,,,,,,,
784,living,0.007,,,,,,,,,,,,,,
785,lizardo,0.007,,,,,,,,,,,,,,
786,located,0.007,,,,,,,,,,,,,,
787,logically,0.007,,,,,,,,,,,,,,
788,long,0.007,,,,,,,,,,,,,,
789,lopez,0.007,,,,,,,,,,,,,,
790,losing,0.007,,,,,,,,,,,,,,
791,luxurious,0.007,,,,,,,,,,,,,,
792,mainly,0.007,,,,,,,,,,,,,,
793,mass,0.007,,,,,,,,,,,,,,
794,massification,0.007,,,,,,,,,,,,,,
795,matter,0.007,,,,,,,,,,,,,,
796,mca,0.007,,,,,,,,,,,,,,
797,meaningful,0.007,,,,,,,,,,,,,,
798,meaningfulness,0.007,,,,,,,,,,,,,,
799,mediates,0.007,,,,,,,,,,,,,,
800,member,0.007,,,,,,,,,,,,,,
801,micro,0.007,,,,,,,,,,,,,,
802,might,0.007,,,,,,,,,,,,,,
803,mile,0.007,,,,,,,,,,,,,,
804,mimic,0.007,,,,,,,,,,,,,,
805,minded,0.007,,,,,,,,,,,,,,
806,mixed,0.007,,,,,,,,,,,,,,
807,mixing,0.007,,,,,,,,,,,,,,
808,moderate,0.007,,,,,,,,,,,,,,
809,modified,0.007,,,,,,,,,,,,,,
810,mukhtar,0.007,,,,,,,,,,,,,,
811,multi,0.007,,,,,,,,,,,,,,
812,multidimensional,0.007,,,,,,,,,,,,,,
813,natural,0.007,,,,,,,,,,,,,,
814,necessarily,0.007,,,,,,,,,,,,,,
815,negatively,0.007,,,,,,,,,,,,,,
816,neither,0.007,,,,,,,,,,,,,,
817,neutral,0.007,,,,,,,,,,,,,,
818,norm,0.007,,,,,,,,,,,,,,
819,norway,0.007,,,,,,,,,,,,,,
820,note,0.007,,,,,,,,,,,,,,
821,noting,0.007,,,,,,,,,,,,,,
822,nuance,0.007,,,,,,,,,,,,,,
823,nurturing,0.007,,,,,,,,,,,,,,
824,observed,0.007,,,,,,,,,,,,,,
825,obvious,0.007,,,,,,,,,,,,,,
826,occupational,0.007,,,,,,,,,,,,,,
827,occupying,0.007,,,,,,,,,,,,,,
828,ollivier,0.007,,,,,,,,,,,,,,
829,omnivorism,0.007,,,,,,,,,,,,,,
830,omnivorization,0.007,,,,,,,,,,,,,,
831,ongoing,0.007,,,,,,,,,,,,,,
832,operationalization,0.007,,,,,,,,,,,,,,
833,optimum,0.007,,,,,,,,,,,,,,
834,option,0.007,,,,,,,,,,,,,,
835,ordering,0.007,,,,,,,,,,,,,,
836,origin,0.007,,,,,,,,,,,,,,
837,original,0.007,,,,,,,,,,,,,,
838,orthogonally,0.007,,,,,,,,,,,,,,
839,outcome,0.007,,,,,,,,,,,,,,
840,outline,0.007,,,,,,,,,,,,,,
841,overt,0.007,,,,,,,,,,,,,,
842,overview,0.007,,,,,,,,,,,,,,
843,overwritten,0.007,,,,,,,,,,,,,,
844,paid,0.007,,,,,,,,,,,,,,
845,parabola,0.007,,,,,,,,,,,,,,
846,paradoxically,0.007,,,,,,,,,,,,,,
847,partially,0.007,,,,,,,,,,,,,,
848,participate,0.007,,,,,,,,,,,,,,
849,participates,0.007,,,,,,,,,,,,,,
850,participating,0.007,,,,,,,,,,,,,,
851,party,0.007,,,,,,,,,,,,,,
852,passive,0.007,,,,,,,,,,,,,,
853,patterned,0.007,,,,,,,,,,,,,,
854,pervasiveness,0.007,,,,,,,,,,,,,,
855,placed,0.007,,,,,,,,,,,,,,
856,planning,0.007,,,,,,,,,,,,,,
857,pluralism,0.007,,,,,,,,,,,,,,
858,plurality,0.007,,,,,,,,,,,,,,
859,politically,0.007,,,,,,,,,,,,,,
860,portfolio,0.007,,,,,,,,,,,,,,
861,portion,0.007,,,,,,,,,,,,,,
862,possession,0.007,,,,,,,,,,,,,,
863,possibility,0.007,,,,,,,,,,,,,,
864,post,0.007,,,,,,,,,,,,,,
865,postmodern,0.007,,,,,,,,,,,,,,
866,power,0.007,,,,,,,,,,,,,,
867,pragmatism,0.007,,,,,,,,,,,,,,
868,precise,0.007,,,,,,,,,,,,,,
869,predictor,0.007,,,,,,,,,,,,,,
870,predominantly,0.007,,,,,,,,,,,,,,
871,prefer,0.007,,,,,,,,,,,,,,
872,primarily,0.007,,,,,,,,,,,,,,
873,probably,0.007,,,,,,,,,,,,,,
874,procedure,0.007,,,,,,,,,,,,,,
875,productive,0.007,,,,,,,,,,,,,,
876,professional,0.007,,,,,,,,,,,,,,
877,prominent,0.007,,,,,,,,,,,,,,
878,pronounced,0.007,,,,,,,,,,,,,,
879,proponent,0.007,,,,,,,,,,,,,,
880,proposing,0.007,,,,,,,,,,,,,,
881,proximate,0.007,,,,,,,,,,,,,,
882,pyramid,0.007,,,,,,,,,,,,,,
883,qca,0.007,,,,,,,,,,,,,,
884,questioning,0.007,,,,,,,,,,,,,,
885,quintessence,0.007,,,,,,,,,,,,,,
886,rarely,0.007,,,,,,,,,,,,,,
887,real,0.007,,,,,,,,,,,,,,
888,rearguard,0.007,,,,,,,,,,,,,,
889,recasts,0.007,,,,,,,,,,,,,,
890,reception,0.007,,,,,,,,,,,,,,
891,recognise,0.007,,,,,,,,,,,,,,
892,recognising,0.007,,,,,,,,,,,,,,
893,recognizing,0.007,,,,,,,,,,,,,,
894,reconfigured,0.007,,,,,,,,,,,,,,
895,recovering,0.007,,,,,,,,,,,,,,
896,refers,0.007,,,,,,,,,,,,,,
897,reflecting,0.007,,,,,,,,,,,,,,
898,refutation,0.007,,,,,,,,,,,,,,
899,regard,0.007,,,,,,,,,,,,,,
900,reject,0.007,,,,,,,,,,,,,,
901,relatively,0.007,,,,,,,,,,,,,,
902,reliance,0.007,,,,,,,,,,,,,,
903,rely,0.007,,,,,,,,,,,,,,
904,repeatedly,0.007,,,,,,,,,,,,,,
905,representation,0.007,,,,,,,,,,,,,,
906,represents,0.007,,,,,,,,,,,,,,
907,reproduction,0.007,,,,,,,,,,,,,,
908,researcher,0.007,,,,,,,,,,,,,,
909,rest,0.007,,,,,,,,,,,,,,
910,rested,0.007,,,,,,,,,,,,,,
911,review,0.007,,,,,,,,,,,,,,
912,revisiting,0.007,,,,,,,,,,,,,,
913,rhetoric,0.007,,,,,,,,,,,,,,
914,roose,0.007,,,,,,,,,,,,,,
915,rosenlund,0.007,,,,,,,,,,,,,,
916,sac,0.007,,,,,,,,,,,,,,
917,schema,0.007,,,,,,,,,,,,,,
918,school,0.007,,,,,,,,,,,,,,
919,scientific,0.007,,,,,,,,,,,,,,
920,secondary,0.007,,,,,,,,,,,,,,
921,secondly,0.007,,,,,,,,,,,,,,
922,section,0.007,,,,,,,,,,,,,,
923,secularization,0.007,,,,,,,,,,,,,,
924,see,0.007,,,,,,,,,,,,,,
925,seeing,0.007,,,,,,,,,,,,,,
926,seek,0.007,,,,,,,,,,,,,,
927,selective,0.007,,,,,,,,,,,,,,
928,self,0.007,,,,,,,,,,,,,,
929,separate,0.007,,,,,,,,,,,,,,
930,serendipitous,0.007,,,,,,,,,,,,,,
931,shaped,0.007,,,,,,,,,,,,,,
932,shifting,0.007,,,,,,,,,,,,,,
933,short,0.007,,,,,,,,,,,,,,
934,shunned,0.007,,,,,,,,,,,,,,
935,significance,0.007,,,,,,,,,,,,,,
936,significant,0.007,,,,,,,,,,,,,,
937,significantly,0.007,,,,,,,,,,,,,,
938,simplistic,0.007,,,,,,,,,,,,,,
939,since,0.007,,,,,,,,,,,,,,
940,single,0.007,,,,,,,,,,,,,,
941,singularity,0.007,,,,,,,,,,,,,,
942,sintas,0.007,,,,,,,,,,,,,,
943,sit,0.007,,,,,,,,,,,,,,
944,skjott,0.007,,,,,,,,,,,,,,
945,slowly,0.007,,,,,,,,,,,,,,
946,snob,0.007,,,,,,,,,,,,,,
947,snobbery,0.007,,,,,,,,,,,,,,
948,snobbishness,0.007,,,,,,,,,,,,,,
949,socially,0.007,,,,,,,,,,,,,,
950,solution,0.007,,,,,,,,,,,,,,
951,solve,0.007,,,,,,,,,,,,,,
952,sonnett,0.007,,,,,,,,,,,,,,
953,sort,0.007,,,,,,,,,,,,,,
954,span,0.007,,,,,,,,,,,,,,
955,specification,0.007,,,,,,,,,,,,,,
956,stable,0.007,,,,,,,,,,,,,,
957,stance,0.007,,,,,,,,,,,,,,
958,standard,0.007,,,,,,,,,,,,,,
959,starting,0.007,,,,,,,,,,,,,,
960,stavanger,0.007,,,,,,,,,,,,,,
961,stem,0.007,,,,,,,,,,,,,,
962,stichele,0.007,,,,,,,,,,,,,,
963,stratified,0.007,,,,,,,,,,,,,,
964,strict,0.007,,,,,,,,,,,,,,
965,subset,0.007,,,,,,,,,,,,,,
966,subtle,0.007,,,,,,,,,,,,,,
967,surface,0.007,,,,,,,,,,,,,,
968,surprisingly,0.007,,,,,,,,,,,,,,
969,synthesis,0.007,,,,,,,,,,,,,,
970,taking,0.007,,,,,,,,,,,,,,
971,tampubolon,0.007,,,,,,,,,,,,,,
972,tandem,0.007,,,,,,,,,,,,,,
973,termed,0.007,,,,,,,,,,,,,,
974,tested,0.007,,,,,,,,,,,,,,
975,testing,0.007,,,,,,,,,,,,,,
976,thereby,0.007,,,,,,,,,,,,,,
977,thoroughly,0.007,,,,,,,,,,,,,,
978,tolerant,0.007,,,,,,,,,,,,,,
979,topic,0.007,,,,,,,,,,,,,,
980,trace,0.007,,,,,,,,,,,,,,
981,trait,0.007,,,,,,,,,,,,,,
982,tripartite,0.007,,,,,,,,,,,,,,
983,twenty,0.007,,,,,,,,,,,,,,
984,typical,0.007,,,,,,,,,,,,,,
985,typically,0.007,,,,,,,,,,,,,,
986,uncertain,0.007,,,,,,,,,,,,,,
987,unequivocal,0.007,,,,,,,,,,,,,,
988,unfortunate,0.007,,,,,,,,,,,,,,
989,unfruitful,0.007,,,,,,,,,,,,,,
990,unintended,0.007,,,,,,,,,,,,,,
991,unique,0.007,,,,,,,,,,,,,,
992,unravelling,0.007,,,,,,,,,,,,,,
993,unusually,0.007,,,,,,,,,,,,,,
994,useful,0.007,,,,,,,,,,,,,,
995,usefulness,0.007,,,,,,,,,,,,,,
996,valued,0.007,,,,,,,,,,,,,,
997,varies,0.007,,,,,,,,,,,,,,
998,variety,0.007,,,,,,,,,,,,,,
999,via,0.007,,,,,,,,,,,,,,
1000,visible,0.007,,,,,,,,,,,,,,
1001,visitor,0.007,,,,,,,,,,,,,,
1002,vocabulary,0.007,,,,,,,,,,,,,,
1003,voracious,0.007,,,,,,,,,,,,,,
1004,waning,0.007,,,,,,,,,,,,,,
1005,weak,0.007,,,,,,,,,,,,,,
1006,weight,0.007,,,,,,,,,,,,,,
1007,whereby,0.007,,,,,,,,,,,,,,
1008,wholly,0.007,,,,,,,,,,,,,,
1009,whose,0.007,,,,,,,,,,,,,,
1010,without,0.007,,,,,,,,,,,,,,
1011,worse,0.007,,,,,,,,,,,,,,
1012,wright,0.007,,,,,,,,,,,,,,
1013,yet,0.007,,,,,,,,,,,,,,
1014,yielded,0.007,,,,,,,,,,,,,,
1015,youngest,0.007,,,,,,,,,,,,,,
1016,action,0.006,,,,,,,,,,,,,,
1017,addition,0.006,,,,,,,,,,,,,,
1018,advanced,0.006,,,,,,,,,,,,,,
1019,alternative,0.006,,,,,,,,,,,,,,
1020,analytic,0.006,,,,,,,,,,,,,,
1021,analytical,0.006,,,,,,,,,,,,,,
1022,another,0.006,,,,,,,,,,,,,,
1023,apparent,0.006,,,,,,,,,,,,,,
1024,appropriate,0.006,,,,,,,,,,,,,,
1025,area,0.006,,,,,,,,,,,,,,
1026,articulated,0.006,,,,,,,,,,,,,,
1027,artistic,0.006,,,,,,,,,,,,,,
1028,ass,0.006,,,,,,,,,,,,,,
1029,association,0.006,,,,,,,,,,,,,,
1030,attention,0.006,,,,,,,,,,,,,,
1031,author,0.006,,,,,,,,,,,,,,
1032,base,0.006,,,,,,,,,,,,,,
1033,becomes,0.006,,,,,,,,,,,,,,
1034,britain,0.006,,,,,,,,,,,,,,
1035,broad,0.006,,,,,,,,,,,,,,
1036,build,0.006,,,,,,,,,,,,,,
1037,business,0.006,,,,,,,,,,,,,,
1038,certain,0.006,,,,,,,,,,,,,,
1039,challenge,0.006,,,,,,,,,,,,,,
1040,childhood,0.006,,,,,,,,,,,,,,
1041,circa,0.006,,,,,,,,,,,,,,
1042,competition,0.006,,,,,,,,,,,,,,
1043,conceptualisation,0.006,,,,,,,,,,,,,,
1044,conceptualised,0.006,,,,,,,,,,,,,,
1045,concert,0.006,,,,,,,,,,,,,,
1046,conducted,0.006,,,,,,,,,,,,,,
1047,consider,0.006,,,,,,,,,,,,,,
1048,considers,0.006,,,,,,,,,,,,,,
1049,constitutive,0.006,,,,,,,,,,,,,,
1050,construction,0.006,,,,,,,,,,,,,,
1051,contribution,0.006,,,,,,,,,,,,,,
1052,country,0.006,,,,,,,,,,,,,,
1053,critical,0.006,,,,,,,,,,,,,,
1054,critically,0.006,,,,,,,,,,,,,,
1055,deal,0.006,,,,,,,,,,,,,,
1056,dealing,0.006,,,,,,,,,,,,,,
1057,decision,0.006,,,,,,,,,,,,,,
1058,decrease,0.006,,,,,,,,,,,,,,
1059,demographic,0.006,,,,,,,,,,,,,,
1060,denmark,0.006,,,,,,,,,,,,,,
1061,detected,0.006,,,,,,,,,,,,,,
1062,dutch,0.006,,,,,,,,,,,,,,
1063,dynamic,0.006,,,,,,,,,,,,,,
1064,early,0.006,,,,,,,,,,,,,,
1065,embrace,0.006,,,,,,,,,,,,,,
1066,established,0.006,,,,,,,,,,,,,,
1067,evaluation,0.006,,,,,,,,,,,,,,
1068,examination,0.006,,,,,,,,,,,,,,
1069,examined,0.006,,,,,,,,,,,,,,
1070,example,0.006,,,,,,,,,,,,,,
1071,expanded,0.006,,,,,,,,,,,,,,
1072,expected,0.006,,,,,,,,,,,,,,
1073,experience,0.006,,,,,,,,,,,,,,
1074,explanation,0.006,,,,,,,,,,,,,,
1075,extensive,0.006,,,,,,,,,,,,,,
1076,french,0.006,,,,,,,,,,,,,,
1077,function,0.006,,,,,,,,,,,,,,
1078,gathered,0.006,,,,,,,,,,,,,,
1079,gendered,0.006,,,,,,,,,,,,,,
1080,generation,0.006,,,,,,,,,,,,,,
1081,global,0.006,,,,,,,,,,,,,,
1082,higher,0.006,,,,,,,,,,,,,,
1083,highlight,0.006,,,,,,,,,,,,,,
1084,historical,0.006,,,,,,,,,,,,,,
1085,idea,0.006,,,,,,,,,,,,,,
1086,indicator,0.006,,,,,,,,,,,,,,
1087,influenced,0.006,,,,,,,,,,,,,,
1088,inquiry,0.006,,,,,,,,,,,,,,
1089,instead,0.006,,,,,,,,,,,,,,
1090,international,0.006,,,,,,,,,,,,,,
1091,introduce,0.006,,,,,,,,,,,,,,
1092,introduced,0.006,,,,,,,,,,,,,,
1093,investigates,0.006,,,,,,,,,,,,,,
1094,knowledge,0.006,,,,,,,,,,,,,,
1095,known,0.006,,,,,,,,,,,,,,
1096,label,0.006,,,,,,,,,,,,,,
1097,larger,0.006,,,,,,,,,,,,,,
1098,legitimacy,0.006,,,,,,,,,,,,,,
1099,legitimation,0.006,,,,,,,,,,,,,,
1100,list,0.006,,,,,,,,,,,,,,
1101,little,0.006,,,,,,,,,,,,,,
1102,major,0.006,,,,,,,,,,,,,,
1103,make,0.006,,,,,,,,,,,,,,
1104,material,0.006,,,,,,,,,,,,,,
1105,measurement,0.006,,,,,,,,,,,,,,
1106,mechanism,0.006,,,,,,,,,,,,,,
1107,men,0.006,,,,,,,,,,,,,,
1108,method,0.006,,,,,,,,,,,,,,
1109,methodology,0.006,,,,,,,,,,,,,,
1110,modern,0.006,,,,,,,,,,,,,,
1111,mostly,0.006,,,,,,,,,,,,,,
1112,move,0.006,,,,,,,,,,,,,,
1113,negative,0.006,,,,,,,,,,,,,,
1114,objective,0.006,,,,,,,,,,,,,,
1115,opposition,0.006,,,,,,,,,,,,,,
1116,particular,0.006,,,,,,,,,,,,,,
1117,pierre,0.006,,,,,,,,,,,,,,
1118,positive,0.006,,,,,,,,,,,,,,
1119,present,0.006,,,,,,,,,,,,,,
1120,previous,0.006,,,,,,,,,,,,,,
1121,previously,0.006,,,,,,,,,,,,,,
1122,prieur,0.006,,,,,,,,,,,,,,
1123,produce,0.006,,,,,,,,,,,,,,
1124,product,0.006,,,,,,,,,,,,,,
1125,production,0.006,,,,,,,,,,,,,,
1126,proposes,0.006,,,,,,,,,,,,,,
1127,public,0.006,,,,,,,,,,,,,,
1128,quality,0.006,,,,,,,,,,,,,,
1129,questioned,0.006,,,,,,,,,,,,,,
1130,rees,0.006,,,,,,,,,,,,,,
1131,relational,0.006,,,,,,,,,,,,,,
1132,reported,0.006,,,,,,,,,,,,,,
1133,science,0.006,,,,,,,,,,,,,,
1134,seem,0.006,,,,,,,,,,,,,,
1135,selection,0.006,,,,,,,,,,,,,,
1136,sense,0.006,,,,,,,,,,,,,,
1137,shift,0.006,,,,,,,,,,,,,,
1138,showing,0.006,,,,,,,,,,,,,,
1139,shown,0.006,,,,,,,,,,,,,,
1140,somewhat,0.006,,,,,,,,,,,,,,
1141,specifically,0.006,,,,,,,,,,,,,,
1142,static,0.006,,,,,,,,,,,,,,
1143,statistical,0.006,,,,,,,,,,,,,,
1144,studied,0.006,,,,,,,,,,,,,,
1145,suggesting,0.006,,,,,,,,,,,,,,
1146,systematically,0.006,,,,,,,,,,,,,,
1147,theatre,0.006,,,,,,,,,,,,,,
1148,therefore,0.006,,,,,,,,,,,,,,
1149,thus,0.006,,,,,,,,,,,,,,
1150,tool,0.006,,,,,,,,,,,,,,
1151,trajectory,0.006,,,,,,,,,,,,,,
1152,uncertainty,0.006,,,,,,,,,,,,,,
1153,understand,0.006,,,,,,,,,,,,,,
1154,understood,0.006,,,,,,,,,,,,,,
1155,usually,0.006,,,,,,,,,,,,,,
1156,value,0.006,,,,,,,,,,,,,,
1157,verboord,0.006,,,,,,,,,,,,,,
1158,vermunt,0.006,,,,,,,,,,,,,,
1159,versus,0.006,,,,,,,,,,,,,,
1160,wide,0.006,,,,,,,,,,,,,,
1161,workplace,0.006,,,,,,,,,,,,,,
1162,although,0.005,,,,,,,,,,,,,,
1163,detailed,0.005,,,,,,,,,,,,,,
1164,discus,0.005,,,,,,,,,,,,,,
1165,even,0.005,,,,,,,,,,,,,,
1166,event,0.005,,,,,,,,,,,,,,
1167,family,0.005,,,,,,,,,,,,,,
1168,hand,0.005,,,,,,,,,,,,,,
1169,influence,0.005,,,,,,,,,,,,,,
1170,key,0.005,,,,,,,,,,,,,,
1171,lack,0.005,,,,,,,,,,,,,,
1172,much,0.005,,,,,,,,,,,,,,
1173,order,0.005,,,,,,,,,,,,,,
1174,others,0.005,,,,,,,,,,,,,,
1175,process,0.005,,,,,,,,,,,,,,
1176,reading,0.005,,,,,,,,,,,,,,
1177,support,0.005,,,,,,,,,,,,,,
1178,take,0.005,,,,,,,,,,,,,,
1179,test,0.005,,,,,,,,,,,,,,
1180,together,0.005,,,,,,,,,,,,,,
1181,would,0.005,,,,,,,,,,,,,,
